Tenure,CityTier,WarehouseToHome,HourSpendOnApp,NumberOfDeviceRegistered,SatisfactionScore,NumberOfAddress,Complain,OrderAmountHikeFromlastYear,CouponUsed,OrderCount,DaySinceLastOrder,CashbackAmount,PreferredLoginDevice_Mobile Phone,PreferredLoginDevice_Phone,PreferredPaymentMode_COD,PreferredPaymentMode_Cash on Delivery,PreferredPaymentMode_Credit Card,PreferredPaymentMode_Debit Card,PreferredPaymentMode_E wallet,PreferredPaymentMode_UPI,Gender_Male,PreferedOrderCat_Grocery,PreferedOrderCat_Laptop & Accessory,PreferedOrderCat_Mobile,PreferedOrderCat_Mobile Phone,PreferedOrderCat_Others,MaritalStatus_Married,MaritalStatus_Single
9.0,3,16.0,2.0,3,1,2,0,14.0,8.0,9.0,7.0,199.8,False,False,False,False,True,False,False,False,True,False,False,False,False,False,False,True
6.0,3,13.0,1.0,3,4,1,0,17.0,0.0,1.0,2.0,143.02,False,False,False,False,False,True,False,False,False,False,True,False,False,False,True,False
8.0,1,15.0,3.0,4,4,10,0,19.0,0.0,1.0,0.0,165.4,True,False,False,False,False,True,False,False,True,False,True,False,False,False,False,True
15.0,3,11.0,3.0,3,4,10,1,19.0,7.0,7.0,7.0,184.46,True,False,False,False,False,True,False,False,True,False,False,False,False,False,False,True
12.0,1,13.0,4.0,5,3,4,0,12.0,3.0,8.0,8.0,178.21,False,False,False,False,False,True,False,False,True,False,True,False,False,False,True,False
24.0,1,9.0,2.0,3,3,3,0,11.0,2.0,2.0,3.0,231.16000000000003,True,False,False,True,False,False,False,False,False,False,False,False,False,False,True,False
1.0,1,23.0,3.0,3,5,2,0,12.0,0.0,1.0,8.0,145.58,False,True,False,False,True,False,False,False,True,False,True,False,False,False,True,False
9.0,3,7.0,4.0,4,3,3,0,17.0,1.0,2.0,4.0,173.59,True,False,False,False,True,False,False,False,False,False,True,False,False,False,False,True
15.0,2,8.0,3.0,1,5,8,0,16.0,0.0,1.0,3.0,162.72,False,False,False,False,True,False,False,False,True,False,True,False,False,False,False,False
11.0,1,8.0,2.0,3,1,6,1,11.0,0.0,1.0,2.0,139.44,False,True,False,False,False,True,False,False,True,False,False,False,True,False,False,True
25.0,3,21.0,3.0,4,2,6,0,12.0,1.0,2.0,8.0,174.36,True,False,False,False,False,True,False,False,False,False,True,False,False,False,False,False
1.0,1,17.0,3.0,5,3,3,0,21.0,2.0,3.0,3.0,151.25,False,False,False,False,False,True,False,False,False,False,False,False,True,False,False,True
28.0,1,12.0,3.0,4,5,6,0,15.0,2.0,2.0,3.0,319.06,True,False,False,False,True,False,False,False,True,False,False,False,False,True,False,False
9.0,3,6.0,4.0,4,5,3,0,23.0,1.0,2.0,3.0,215.69,False,False,False,False,False,True,False,False,True,False,False,False,False,False,True,False
2.0,3,9.0,3.0,3,3,2,0,14.0,0.0,1.0,2.0,155.61,True,False,False,False,True,False,False,False,False,False,True,False,False,False,True,False
2.0,1,34.0,3.0,4,5,2,0,14.0,0.0,1.0,4.0,137.85,False,True,False,False,True,False,False,False,False,False,False,False,True,False,False,True
20.0,1,29.0,3.0,3,1,2,0,12.0,7.0,15.0,6.0,203.12,True,False,False,False,True,False,False,False,False,False,False,False,False,False,True,False
13.0,3,10.0,3.0,4,1,8,0,11.0,1.0,2.0,11.0,208.55,True,False,False,False,False,False,True,False,True,False,False,False,False,False,True,False
19.0,2,11.0,3.0,6,3,6,0,22.0,2.0,2.0,3.0,222.56,True,False,False,False,False,True,False,False,False,False,False,False,False,False,True,False
1.0,3,10.0,4.0,4,5,3,1,19.0,2.0,2.0,4.0,166.94,True,False,False,False,False,False,False,True,True,False,True,False,False,False,False,False
8.0,1,10.0,4.0,4,4,3,0,13.0,8.0,8.0,10.0,179.33,True,False,False,False,False,True,False,False,False,False,True,False,False,False,True,False
23.0,3,14.0,2.0,3,4,8,0,15.0,0.0,2.0,2.0,138.75,False,True,False,False,False,False,True,False,True,False,False,False,True,False,True,False
1.0,3,36.0,4.0,6,5,10,0,19.0,2.0,3.0,3.0,174.69,False,False,False,False,True,False,False,False,True,False,True,False,False,False,False,True
7.0,3,7.0,3.0,2,5,3,0,23.0,1.0,2.0,9.0,165.37,True,False,False,False,True,False,False,False,True,False,True,False,False,False,True,False
1.0,3,16.0,3.0,3,4,2,0,22.0,0.0,1.0,0.0,110.52000000000001,True,False,False,False,True,False,False,False,True,False,False,False,True,False,True,False
23.0,1,23.0,2.0,4,5,6,0,15.0,1.0,2.0,11.0,232.69,True,False,False,False,False,True,False,False,False,False,False,False,False,False,True,False
8.0,1,7.0,3.0,5,4,7,0,18.0,2.0,2.0,3.0,157.94,True,False,False,False,False,True,False,False,False,False,False,False,True,False,False,False
1.0,2,14.0,3.0,4,1,2,0,13.0,1.0,1.0,4.0,149.36,False,True,False,False,True,False,False,False,True,False,False,False,True,False,True,False
2.0,3,33.0,3.0,5,5,3,0,12.0,2.0,2.0,5.0,172.24,True,False,False,False,False,True,False,False,True,False,True,False,False,False,False,False
7.0,3,14.0,2.0,3,3,2,1,18.0,1.0,1.0,6.0,125.78999999999999,False,True,True,False,False,False,False,False,False,False,False,True,False,False,True,False
7.0,2,9.0,2.0,3,2,1,0,19.0,1.0,1.0,2.0,137.37,False,True,False,False,False,False,False,True,True,False,False,False,True,False,False,False
0.0,1,6.0,3.0,5,2,4,0,14.0,2.0,2.0,0.0,143.64,False,False,False,False,False,True,False,False,False,False,False,False,True,False,True,False
1.0,3,22.0,3.0,6,1,8,1,15.0,1.0,3.0,3.0,179.4,True,False,False,False,True,False,False,False,True,False,True,False,False,False,True,False
8.0,3,8.0,3.0,5,4,3,1,16.0,1.0,1.0,11.0,288.24,True,False,False,False,False,False,True,False,False,False,False,False,False,True,False,True
18.0,1,35.0,2.0,3,1,5,1,18.0,1.0,1.0,2.0,193.8,True,False,False,True,False,False,False,False,True,False,False,False,False,False,False,False
0.0,3,11.0,3.0,4,3,1,0,18.0,0.0,1.0,0.0,129.66,False,True,False,False,False,False,False,True,False,False,False,True,False,False,False,True
20.0,1,25.0,3.0,4,3,4,0,15.0,2.0,2.0,9.0,173.1,True,False,False,False,True,False,False,False,False,False,True,False,False,False,True,False
24.0,1,35.0,4.0,3,3,3,1,12.0,4.0,4.0,9.0,157.21,True,False,False,False,True,False,False,False,True,False,False,False,True,False,False,False
2.0,3,26.0,2.0,3,2,3,0,14.0,1.0,1.0,2.0,169.31,True,False,False,False,False,False,True,False,True,False,True,False,False,False,True,False
1.0,1,31.0,3.0,4,4,3,1,18.0,1.0,2.0,1.0,149.08,False,True,False,False,True,False,False,False,True,False,False,False,True,False,True,False
7.0,1,35.0,2.0,3,3,5,0,13.0,5.0,7.0,7.0,154.29,True,False,False,False,True,False,False,False,True,False,True,False,False,False,True,False
9.0,2,30.0,2.0,3,4,2,0,16.0,0.0,1.0,4.0,121.77000000000001,False,True,False,False,False,False,False,False,True,False,False,True,False,False,False,True
6.0,1,6.0,2.0,1,4,2,1,13.0,1.0,1.0,2.0,154.88,False,False,False,False,False,False,False,True,False,False,True,False,False,False,True,False
1.0,1,15.0,4.0,4,3,3,0,13.0,1.0,2.0,1.0,144.04,False,False,False,False,True,False,False,False,True,False,False,False,True,False,False,True
9.0,2,33.0,3.0,4,1,3,1,17.0,2.0,2.0,3.0,213.37,True,False,False,False,False,True,False,False,False,False,False,False,False,False,False,True
8.0,1,14.0,2.0,3,3,2,0,12.0,0.0,2.0,9.0,141.48,False,False,False,False,False,True,False,False,False,False,True,False,False,False,True,False
19.0,1,27.0,4.0,6,5,4,1,19.0,2.0,2.0,8.0,233.51,True,False,False,False,True,False,False,False,True,False,False,False,False,False,True,False
16.0,3,12.0,4.0,4,4,11,1,20.0,8.0,8.0,3.0,209.46,True,False,False,False,False,True,False,False,True,False,False,False,False,False,False,True
22.0,1,9.0,2.0,4,5,5,0,25.0,1.0,1.0,2.0,147.89,False,True,False,False,True,False,False,False,False,False,True,False,False,False,False,False
12.0,1,7.0,3.0,4,5,5,0,18.0,2.0,2.0,1.0,151.19,True,False,False,False,False,True,False,False,False,False,False,False,True,False,False,True
8.0,3,35.0,4.0,5,3,3,0,22.0,2.0,2.0,8.0,192.12,True,False,False,False,False,False,True,False,False,False,True,False,False,False,True,False
8.0,2,32.0,2.0,3,1,2,1,16.0,1.0,1.0,7.0,188.37,True,False,False,False,False,True,False,False,False,False,False,False,False,False,False,True
5.0,3,36.0,4.0,5,1,3,0,15.0,3.0,6.0,8.0,179.68,True,False,False,False,False,False,True,False,False,False,True,False,False,False,True,False
0.0,1,14.0,2.0,4,4,2,0,19.0,2.0,4.0,3.0,123.68,False,True,False,False,False,False,False,True,False,False,False,True,False,False,True,False
9.0,1,14.0,3.0,2,5,10,0,14.0,0.0,1.0,3.0,217.13,False,False,False,False,False,True,False,False,False,False,False,False,False,False,False,False
8.0,1,27.0,2.0,3,2,2,1,25.0,0.0,1.0,7.0,140.14,False,True,False,False,False,True,False,False,False,False,True,False,False,False,False,False
0.0,1,14.0,3.0,4,3,2,1,11.0,1.0,1.0,2.0,139.89,False,True,False,False,True,False,False,False,True,False,False,False,True,False,False,True
5.0,3,32.0,3.0,3,2,1,0,18.0,1.0,2.0,2.0,144.65,False,False,False,False,False,False,True,False,True,False,True,False,False,False,False,False
5.0,3,14.0,3.0,5,3,5,0,16.0,3.0,6.0,3.0,148.29,False,True,False,False,False,True,False,False,True,False,False,False,True,False,True,False
3.0,3,10.0,3.0,4,3,6,1,19.0,2.0,2.0,1.0,177.38,True,False,False,False,True,False,False,False,False,False,True,False,False,False,False,False
10.0,3,9.0,3.0,4,1,5,0,16.0,7.0,7.0,8.0,170.02,True,False,False,False,False,True,False,False,False,False,True,False,False,False,False,True
0.0,1,14.0,3.0,3,1,2,0,13.0,1.0,1.0,4.0,126.47,False,True,False,False,False,False,False,True,True,False,False,True,False,False,False,True
5.0,1,14.0,3.0,4,2,3,1,15.0,3.0,5.0,11.0,196.43,True,False,False,False,True,False,False,False,False,False,False,False,False,False,False,True
2.0,1,19.0,2.0,4,4,5,1,13.0,0.0,1.0,3.0,140.25,False,True,False,False,False,False,False,True,True,False,True,False,False,False,True,False
1.0,1,11.0,3.0,4,1,3,1,21.0,3.0,3.0,3.0,153.75,True,False,False,False,False,True,False,False,True,False,False,False,True,False,False,True
9.0,1,15.0,3.0,3,1,2,0,23.0,1.0,1.0,4.0,120.69999999999999,False,True,False,False,False,False,False,False,True,False,False,True,False,False,True,False
2.0,3,12.0,4.0,4,1,3,0,15.0,1.0,2.0,3.0,174.08,True,False,False,False,True,False,False,False,True,False,True,False,False,False,False,True
7.0,1,6.0,3.0,3,1,2,0,12.0,1.0,8.0,8.0,126.91,False,True,False,False,False,True,False,False,True,False,False,True,False,False,True,False
8.0,3,6.0,2.0,3,3,10,0,11.0,3.0,6.0,9.0,147.17,False,True,False,False,False,False,True,False,True,False,True,False,False,False,False,False
23.0,1,25.0,3.0,5,3,3,1,15.0,1.0,2.0,10.0,320.02,True,False,False,False,False,True,False,False,True,False,False,False,False,True,True,False
15.0,1,14.0,2.0,3,3,5,0,13.0,1.0,1.0,0.0,139.68,False,True,False,False,False,True,False,False,True,False,False,False,True,False,False,True
61.0,3,28.0,4.0,4,1,6,1,15.0,1.0,2.0,1.0,303.75,True,False,False,False,False,True,False,False,False,True,False,False,False,False,True,False
29.0,1,10.0,3.0,3,5,5,0,15.0,4.0,4.0,2.0,299.43,True,False,False,True,False,False,False,False,False,False,False,False,False,True,True,False
10.0,1,13.0,4.0,2,5,5,1,14.0,2.0,2.0,3.0,180.62,False,False,False,False,False,True,False,False,True,False,True,False,False,False,True,False
9.0,1,24.0,3.0,3,2,3,0,20.0,1.0,1.0,9.0,177.79,False,False,False,False,False,True,False,False,True,False,True,False,False,False,False,True
26.0,1,19.0,2.0,2,5,2,0,11.0,1.0,1.0,3.0,144.5,False,True,False,False,True,False,False,False,False,False,True,False,False,False,True,False
10.0,1,13.0,4.0,2,5,5,1,14.0,1.0,2.0,3.0,180.62,False,False,False,False,False,True,False,False,True,False,True,False,False,False,True,False
8.0,2,7.0,4.0,5,5,11,0,15.0,3.0,4.0,3.0,229.82,True,False,False,False,True,False,False,False,True,False,False,False,False,False,False,False
9.0,1,18.0,3.0,4,3,9,1,12.0,1.0,3.0,3.0,151.6,True,False,False,False,True,False,False,False,True,False,False,False,True,False,True,False
6.0,3,17.0,4.0,4,1,10,0,14.0,2.0,2.0,1.0,171.48,False,False,False,False,False,False,True,False,True,False,True,False,False,False,False,True
1.0,1,30.0,3.0,4,2,3,0,23.0,2.0,2.0,3.0,153.86,True,False,False,False,False,True,False,False,False,False,False,False,True,False,True,False
1.0,3,31.0,3.0,2,5,3,0,18.0,2.0,2.0,1.0,135.91,False,False,True,False,False,False,False,False,True,False,False,False,True,False,False,True
3.0,1,8.0,4.0,4,1,2,0,19.0,3.0,10.0,8.0,141.52,False,True,False,False,False,True,False,False,True,False,True,False,False,False,True,False
31.0,1,12.0,3.0,5,4,4,1,14.0,2.0,2.0,3.0,230.52,True,False,False,True,False,False,False,False,False,False,False,False,False,False,True,False
6.0,2,8.0,2.0,3,3,2,0,13.0,0.0,1.0,4.0,136.0,False,True,False,False,False,False,False,True,True,False,False,False,True,False,False,False
31.0,3,36.0,3.0,5,2,5,0,13.0,1.0,2.0,1.0,266.18,True,False,False,False,False,False,True,False,True,True,False,False,False,False,True,False
8.0,1,12.0,3.0,5,1,3,0,15.0,1.0,5.0,14.0,164.86,True,False,False,False,True,False,False,False,True,False,True,False,False,False,True,False
1.0,3,33.0,4.0,4,1,3,1,12.0,1.0,2.0,9.0,181.17,False,False,False,False,False,False,True,False,True,False,True,False,False,False,True,False
1.0,3,26.0,3.0,5,4,3,1,19.0,1.0,2.0,1.0,149.13,False,True,False,False,False,False,True,False,True,False,False,False,True,False,False,False
26.0,1,13.0,2.0,3,3,4,0,18.0,1.0,4.0,7.0,286.06,True,False,False,False,True,False,False,False,False,False,False,False,False,True,True,False
13.0,1,15.0,3.0,4,3,3,0,12.0,2.0,2.0,8.0,162.55,False,False,False,False,False,True,False,False,False,False,False,False,True,False,True,False
29.0,1,9.0,4.0,5,1,10,0,21.0,1.0,2.0,5.0,151.62,True,False,True,False,False,False,False,False,True,False,False,False,True,False,True,False
28.0,2,26.0,3.0,4,4,4,0,16.0,3.0,2.0,2.0,232.25,True,False,False,False,True,False,False,False,True,False,False,False,False,False,True,False
9.0,1,6.0,3.0,4,5,2,0,12.0,3.0,3.0,2.0,122.18,False,True,False,False,False,True,False,False,True,False,False,True,False,False,True,False
0.0,3,14.0,2.0,2,4,1,0,22.0,0.0,1.0,2.0,148.51,False,True,False,False,False,True,False,False,True,False,True,False,False,False,False,False
1.0,1,24.0,4.0,6,3,3,0,16.0,2.0,2.0,3.0,148.05,False,True,False,False,True,False,False,False,True,False,False,False,True,False,True,False
7.0,1,6.0,3.0,3,5,6,0,14.0,1.0,1.0,3.0,129.96,False,False,False,False,False,False,False,True,True,False,False,True,False,False,True,False
9.0,3,23.0,4.0,4,4,2,0,16.0,4.0,7.0,10.0,205.2,True,False,False,False,False,False,True,False,True,False,False,False,False,False,False,False
12.0,1,19.0,3.0,4,4,7,1,13.0,1.0,15.0,2.0,271.23,True,False,False,False,True,False,False,False,False,True,False,False,False,False,True,False
29.0,1,10.0,3.0,3,5,5,0,15.0,0.0,4.0,2.0,299.43,True,False,False,True,False,False,False,False,False,False,False,False,False,True,True,False
1.0,1,9.0,3.0,2,2,3,0,13.0,2.0,2.0,4.0,179.72,True,False,False,False,True,False,False,False,True,False,True,False,False,False,False,False
1.0,1,13.0,3.0,5,3,3,0,14.0,3.0,3.0,3.0,150.39,True,False,False,False,False,True,False,False,True,False,False,False,True,False,False,False
1.0,1,10.0,3.0,2,1,3,0,23.0,2.0,2.0,8.0,169.2,True,False,False,False,True,False,False,False,True,False,False,False,True,False,True,False
8.0,1,8.0,3.0,3,5,3,0,11.0,1.0,1.0,0.0,150.93,False,False,False,False,False,True,False,False,False,False,True,False,False,False,True,False
12.0,1,28.0,2.0,3,5,2,1,13.0,1.0,2.0,8.0,208.8,False,False,False,False,True,False,False,False,False,False,False,False,False,False,False,True
1.0,3,6.0,2.0,4,1,2,1,12.0,0.0,1.0,7.0,168.34,False,False,False,False,False,True,False,False,True,False,True,False,False,False,True,False
19.0,1,8.0,2.0,3,1,4,0,14.0,1.0,4.0,7.0,185.78,True,False,False,False,False,True,False,False,True,False,False,False,False,False,True,False
2.0,1,6.0,2.0,3,3,2,0,13.0,0.0,1.0,9.0,143.19,False,False,True,False,False,False,False,False,True,False,True,False,False,False,True,False
4.0,1,6.0,2.0,5,5,2,0,21.0,1.0,8.0,7.0,150.03,False,False,False,False,False,True,False,False,True,False,True,False,False,False,True,False
14.0,1,7.0,3.0,4,4,5,0,23.0,2.0,2.0,4.0,148.87,False,True,False,False,False,True,False,False,True,False,False,False,True,False,False,False
2.0,2,23.0,2.0,4,5,2,0,13.0,0.0,1.0,9.0,179.88,True,False,False,False,False,False,False,True,True,False,False,False,False,False,False,True
13.0,1,11.0,3.0,4,3,2,0,14.0,4.0,4.0,9.0,175.42,False,False,False,False,True,False,False,False,False,False,True,False,False,False,False,True
0.0,3,14.0,2.0,4,5,7,0,17.0,1.0,1.0,2.0,153.26,True,False,True,False,False,False,False,False,True,False,True,False,False,False,False,True
0.0,3,26.0,3.0,5,3,4,1,11.0,1.0,2.0,2.0,145.59,False,True,False,False,False,True,False,False,False,False,True,False,False,False,False,False
4.0,1,13.0,2.0,3,1,2,1,14.0,4.0,4.0,10.0,171.43,True,False,False,False,True,False,False,False,False,False,False,False,False,False,False,True
0.0,1,26.0,3.0,3,3,4,0,12.0,1.0,1.0,0.0,198.24,False,False,False,False,False,True,False,False,True,False,False,False,False,False,True,False
18.0,3,15.0,3.0,4,3,2,0,13.0,4.0,4.0,12.0,155.93,False,False,False,False,False,True,False,False,False,False,True,False,False,False,True,False
20.0,3,8.0,2.0,3,1,1,1,22.0,3.0,7.0,7.0,145.37,False,True,False,False,False,False,True,False,False,False,True,False,False,False,True,False
7.0,1,7.0,3.0,2,4,3,1,14.0,2.0,2.0,3.0,179.88,False,False,False,False,False,False,False,True,False,False,True,False,False,False,True,False
16.0,1,14.0,2.0,3,4,5,0,21.0,1.0,1.0,0.0,147.65,False,True,False,False,False,True,False,False,False,False,True,False,False,False,True,False
19.0,1,27.0,4.0,4,2,2,1,15.0,1.0,2.0,11.0,259.96,True,False,False,False,True,False,False,False,True,True,False,False,False,False,False,False
7.0,1,35.0,4.0,4,3,3,1,13.0,5.0,6.0,8.0,177.07,True,False,False,False,False,True,False,False,True,False,True,False,False,False,True,False
9.0,1,25.0,3.0,2,5,3,0,12.0,1.0,2.0,11.0,177.08,True,False,False,False,False,True,False,False,True,False,True,False,False,False,True,False
3.0,3,28.0,3.0,3,5,1,0,11.0,2.0,7.0,8.0,184.12,False,False,False,False,False,False,False,True,False,False,False,False,False,False,False,False
23.0,1,6.0,2.0,4,3,3,0,15.0,1.0,1.0,2.0,136.9,False,True,False,False,True,False,False,False,True,False,False,False,True,False,True,False
9.0,1,24.0,3.0,3,1,2,0,13.0,0.0,1.0,7.0,121.53,False,False,False,False,False,False,False,False,False,False,False,True,False,False,False,True
5.0,3,8.0,2.0,3,4,1,1,13.0,1.0,1.0,2.0,140.78,False,True,False,False,False,False,True,False,True,False,True,False,False,False,True,False
9.0,2,9.0,2.0,3,4,4,1,11.0,0.0,1.0,3.0,122.77000000000001,False,True,False,False,False,False,False,True,True,False,False,True,False,False,True,False
3.0,1,6.0,2.0,5,3,4,0,21.0,1.0,1.0,2.0,138.33,False,True,False,False,False,True,False,False,True,False,False,False,True,False,False,False
0.0,3,16.0,2.0,3,1,2,0,13.0,0.0,1.0,2.0,146.84,False,True,False,False,True,False,False,False,True,False,True,False,False,False,False,True
12.0,1,10.0,3.0,4,3,5,0,17.0,3.0,3.0,3.0,153.21,False,False,False,False,False,False,False,True,True,False,False,False,True,False,True,False
0.0,1,8.0,3.0,1,3,2,0,17.0,0.0,1.0,7.0,152.06,False,False,False,False,False,True,False,False,True,False,True,False,False,False,True,False
10.0,1,14.0,4.0,4,1,4,0,19.0,2.0,2.0,2.0,171.78,True,False,False,False,False,False,False,True,True,False,False,False,True,False,False,True
5.0,1,14.0,3.0,4,5,3,0,13.0,4.0,4.0,13.0,168.06,True,False,False,False,True,False,False,False,False,False,True,False,False,False,False,False
9.0,1,8.0,3.0,3,4,2,0,12.0,0.0,1.0,0.0,113.93,True,False,False,False,False,True,False,False,True,False,False,False,True,False,False,True
5.0,1,19.0,3.0,4,1,2,1,12.0,7.0,9.0,6.0,183.55,True,False,False,False,True,False,False,False,False,False,True,False,False,False,True,False
11.0,1,14.0,4.0,4,5,7,1,23.0,1.0,2.0,5.0,167.84,True,False,False,False,True,False,False,False,True,False,True,False,False,False,True,False
7.0,1,8.0,3.0,5,3,3,0,13.0,1.0,2.0,1.0,145.08,False,False,False,False,True,False,False,False,True,False,False,False,True,False,True,False
0.0,1,21.0,3.0,4,5,1,0,19.0,0.0,7.0,3.0,147.74,False,False,False,False,False,True,False,False,False,False,False,False,True,False,True,False
6.0,3,14.0,2.0,3,5,3,0,13.0,2.0,2.0,2.0,163.92,True,False,False,False,False,True,False,False,True,False,True,False,False,False,True,False
5.0,3,25.0,3.0,5,3,4,0,13.0,0.0,1.0,2.0,196.1,True,False,False,False,False,True,False,False,True,False,False,False,False,False,True,False
29.0,1,8.0,3.0,2,1,4,0,14.0,1.0,2.0,1.0,272.32,True,False,False,False,True,False,False,False,True,True,False,False,False,False,True,False
1.0,1,7.0,4.0,5,4,3,1,12.0,1.0,3.0,3.0,145.7,False,True,True,False,False,False,False,False,False,False,False,False,True,False,False,True
30.0,1,24.0,3.0,3,1,7,0,12.0,3.0,5.0,4.0,205.12,True,False,False,False,True,False,False,False,True,False,False,False,False,False,False,True
10.0,1,11.0,3.0,5,2,3,0,17.0,2.0,2.0,9.0,183.1,True,False,False,False,False,True,False,False,True,False,True,False,False,False,False,True
9.0,1,22.0,2.0,5,5,2,1,23.0,3.0,3.0,0.0,123.07,False,False,True,False,False,False,False,False,True,False,False,True,False,False,True,False
28.0,1,8.0,3.0,4,1,9,0,20.0,1.0,1.0,4.0,126.62,False,True,True,False,False,False,False,False,True,False,False,True,False,False,True,False
11.0,1,6.0,3.0,4,3,10,1,13.0,0.0,1.0,0.0,153.81,True,False,False,False,False,True,False,False,True,False,False,False,False,False,False,True
1.0,1,23.0,3.0,4,4,4,1,14.0,2.0,2.0,3.0,148.73,False,True,False,False,True,False,False,False,True,False,False,False,True,False,True,False
0.0,1,25.0,3.0,3,2,4,0,11.0,1.0,1.0,2.0,136.69,False,True,False,False,True,False,False,False,True,False,False,False,True,False,False,False
2.0,1,6.0,3.0,1,3,9,1,12.0,0.0,1.0,2.0,162.94,False,False,False,False,False,True,False,False,True,False,True,False,False,False,False,True
14.0,1,9.0,4.0,5,3,8,0,23.0,2.0,2.0,1.0,159.48,True,False,False,False,True,False,False,False,False,False,True,False,False,False,True,False
3.0,1,14.0,3.0,5,3,2,0,25.0,0.0,1.0,9.0,126.13,False,False,False,False,False,True,False,False,True,False,False,True,False,False,True,False
11.0,1,7.0,3.0,4,2,3,0,13.0,2.0,6.0,8.0,146.15,False,True,False,False,False,True,False,False,False,False,False,False,True,False,False,True
0.0,1,14.0,2.0,3,4,1,0,17.0,0.0,1.0,2.0,124.22,False,False,False,False,False,False,False,False,False,False,False,True,False,False,False,True
1.0,3,19.0,3.0,2,4,3,0,16.0,1.0,2.0,1.0,152.16,True,False,False,False,False,True,False,False,False,False,False,False,True,False,False,True
5.0,1,17.0,3.0,4,3,6,0,21.0,4.0,2.0,9.0,235.31,False,False,False,False,True,False,False,False,False,False,False,False,False,False,True,False
21.0,1,6.0,3.0,4,2,7,0,12.0,1.0,1.0,0.0,282.65,True,False,False,False,False,True,False,False,True,False,False,False,False,True,False,True
8.0,1,9.0,4.0,4,3,4,0,12.0,2.0,2.0,3.0,165.33,False,False,False,False,False,True,False,False,True,False,True,False,False,False,False,True
20.0,3,9.0,4.0,6,4,5,1,15.0,7.0,8.0,8.0,293.72,True,False,False,True,False,False,False,False,False,True,False,False,False,False,True,False
31.0,1,12.0,3.0,5,4,4,1,14.0,2.0,2.0,3.0,230.52,True,False,False,True,False,False,False,False,False,False,False,False,False,False,True,False
0.0,3,24.0,3.0,1,3,3,0,11.0,0.0,1.0,2.0,162.32,True,False,False,False,False,True,False,False,True,False,True,False,False,False,False,False
4.0,3,16.0,2.0,3,1,3,1,11.0,0.0,1.0,4.0,165.83,True,False,False,False,True,False,False,False,False,False,True,False,False,False,True,False
9.0,1,6.0,2.0,3,4,1,0,15.0,1.0,1.0,5.0,152.28,True,False,False,False,False,False,False,True,False,False,True,False,False,False,True,False
6.0,1,17.0,1.0,4,1,4,0,26.0,1.0,2.0,1.0,237.44,True,False,False,False,True,False,False,False,True,False,False,False,False,False,False,True
6.0,3,16.0,2.0,1,3,1,1,14.0,0.0,1.0,8.0,183.8,True,False,False,False,False,False,True,False,True,False,False,False,False,False,True,False
0.0,3,15.0,3.0,4,5,4,0,12.0,1.0,2.0,2.0,144.0,False,True,False,False,False,True,False,False,True,False,False,False,True,False,False,False
11.0,1,7.0,3.0,5,3,3,0,19.0,1.0,2.0,8.0,184.93,True,False,False,False,False,True,False,False,True,False,True,False,False,False,True,False
6.0,1,6.0,3.0,2,3,5,0,19.0,1.0,1.0,5.0,261.84,True,False,False,False,True,False,False,False,False,True,False,False,False,False,True,False
2.0,3,11.0,2.0,4,4,2,1,13.0,0.0,1.0,9.0,141.87,False,True,False,False,True,False,False,False,True,False,True,False,False,False,True,False
16.0,1,9.0,3.0,4,3,2,1,15.0,1.0,3.0,11.0,303.61,False,False,False,False,False,True,False,False,True,True,False,False,False,False,True,False
30.0,1,21.0,2.0,3,3,3,1,14.0,1.0,2.0,2.0,257.87,False,False,False,False,False,True,False,False,True,True,False,False,False,False,True,False
12.0,3,10.0,3.0,4,1,10,1,13.0,2.0,2.0,1.0,193.61,True,False,False,False,False,True,False,False,True,False,True,False,False,False,False,True
15.0,1,35.0,3.0,5,4,2,0,24.0,2.0,2.0,11.0,260.7,True,False,False,False,False,True,False,False,False,True,False,False,False,False,True,False
29.0,1,9.0,4.0,4,1,4,1,14.0,1.0,2.0,3.0,291.59,True,False,False,False,False,True,False,False,False,True,False,False,False,False,False,True
1.0,3,20.0,4.0,5,5,7,1,14.0,3.0,3.0,3.0,186.34,True,False,False,False,False,False,True,False,True,False,True,False,False,False,True,False
1.0,1,11.0,3.0,4,2,3,1,21.0,1.0,3.0,3.0,153.75,True,False,False,False,False,True,False,False,True,False,False,False,True,False,False,True
12.0,3,9.0,3.0,5,1,5,0,19.0,2.0,8.0,6.0,177.49,False,False,False,False,False,True,False,False,True,False,True,False,False,False,True,False
16.0,1,9.0,4.0,5,4,6,0,15.0,1.0,2.0,1.0,173.41,True,False,False,False,True,False,False,False,True,False,False,False,True,False,True,False
28.0,1,24.0,3.0,4,3,10,0,12.0,1.0,2.0,9.0,232.39,True,False,False,True,False,False,False,False,False,False,False,False,False,False,True,False
11.0,1,29.0,2.0,3,1,10,0,14.0,0.0,1.0,2.0,157.45,True,False,False,False,False,True,False,False,True,False,True,False,False,False,True,False
9.0,3,25.0,4.0,4,5,2,0,17.0,1.0,2.0,5.0,25.0,True,False,False,False,True,False,False,False,True,False,True,False,False,False,True,False
2.0,1,29.0,3.0,1,3,2,0,24.0,1.0,1.0,7.0,127.0,False,True,False,False,False,True,False,False,True,False,False,True,False,False,False,False
9.0,3,6.0,3.0,4,4,2,1,11.0,1.0,1.0,2.0,121.74000000000001,False,False,False,True,False,False,False,False,False,False,False,True,False,False,False,True
19.0,1,14.0,4.0,2,3,6,0,18.0,2.0,2.0,3.0,189.34,False,False,False,False,False,True,False,False,True,False,True,False,False,False,True,False
15.0,3,17.0,3.0,6,4,3,0,14.0,4.0,12.0,10.0,186.51,False,False,False,False,True,False,False,False,True,False,True,False,False,False,False,True
15.0,3,7.0,4.0,4,5,2,0,18.0,1.0,2.0,8.0,166.03,False,False,False,False,False,False,True,False,False,False,True,False,False,False,True,False
15.0,3,16.0,4.0,4,3,5,1,14.0,1.0,2.0,8.0,206.89,True,False,False,False,False,True,False,False,True,False,False,False,False,False,True,False
0.0,1,13.0,2.0,4,5,9,0,19.0,1.0,1.0,7.0,168.11,True,False,False,False,True,False,False,False,False,False,True,False,False,False,False,True
1.0,1,10.0,3.0,4,3,2,1,20.0,2.0,2.0,3.0,166.71,True,False,False,False,False,True,False,False,False,False,True,False,False,False,True,False
25.0,1,12.0,3.0,3,5,4,1,12.0,2.0,6.0,9.0,155.77,True,False,True,False,False,False,False,False,True,False,True,False,False,False,True,False
1.0,3,8.0,4.0,5,5,3,0,12.0,2.0,7.0,3.0,222.14,True,False,False,False,False,True,False,False,True,False,True,False,False,False,True,False
12.0,3,8.0,3.0,5,5,6,0,15.0,2.0,2.0,1.0,153.58,True,False,False,False,False,True,False,False,True,False,False,False,True,False,False,True
12.0,3,27.0,2.0,5,3,7,0,19.0,0.0,1.0,2.0,157.36,False,False,False,False,False,True,False,False,False,False,True,False,False,False,True,False
14.0,2,16.0,3.0,4,2,4,0,15.0,1.0,12.0,6.0,291.41,True,False,False,False,False,False,False,True,True,False,False,False,False,True,True,False
1.0,1,16.0,5.0,4,4,3,0,17.0,1.0,2.0,4.0,147.79,False,True,False,False,True,False,False,False,False,False,False,False,True,False,False,True
1.0,1,21.0,3.0,4,2,7,1,14.0,1.0,2.0,5.0,149.36,False,True,False,False,True,False,False,False,True,False,False,False,True,False,False,False
4.0,1,17.0,3.0,3,5,2,1,12.0,0.0,1.0,1.0,168.33,True,False,False,False,True,False,False,False,True,False,True,False,False,False,False,False
30.0,3,13.0,3.0,2,5,11,0,12.0,7.0,2.0,8.0,257.12,False,False,False,False,False,True,False,False,False,True,False,False,False,False,True,False
3.0,1,10.0,4.0,5,3,3,0,19.0,2.0,2.0,8.0,244.35000000000002,True,False,False,False,True,False,False,False,True,False,False,False,False,False,False,False
10.0,1,11.0,3.0,5,1,3,0,17.0,1.0,2.0,9.0,183.1,True,False,False,False,False,True,False,False,True,False,True,False,False,False,False,True
8.0,1,6.0,2.0,4,2,1,0,12.0,1.0,1.0,0.0,153.63,True,False,False,False,True,False,False,False,False,False,True,False,False,False,False,False
8.0,3,17.0,3.0,4,3,3,1,20.0,1.0,2.0,1.0,147.2,False,True,False,False,False,True,False,False,False,False,False,False,True,False,False,False
12.0,1,25.0,2.0,3,1,9,0,14.0,0.0,2.0,2.0,139.02,False,True,False,False,False,False,False,True,True,False,True,False,False,False,True,False
28.0,1,8.0,3.0,3,4,4,0,18.0,1.0,1.0,3.0,209.76,False,False,False,False,False,True,False,False,True,False,False,False,False,False,False,False
11.0,1,6.0,2.0,3,3,5,1,14.0,0.0,1.0,0.0,178.61,True,False,False,False,False,True,False,False,False,False,False,False,False,False,False,True
3.0,3,31.0,2.0,3,3,8,1,12.0,1.0,2.0,2.0,147.36,False,False,True,False,False,False,False,False,False,False,True,False,False,False,False,False
15.0,1,8.0,2.0,3,1,3,1,14.0,4.0,13.0,9.0,201.24,False,False,False,False,False,True,False,False,True,False,False,False,False,False,True,False
24.0,1,35.0,3.0,4,5,6,1,15.0,1.0,2.0,3.0,293.8,True,False,False,False,False,True,False,False,False,True,False,False,False,False,True,False
0.0,1,9.0,3.0,4,3,2,0,17.0,1.0,1.0,0.0,132.3,False,True,False,False,False,False,False,False,True,False,False,True,False,False,False,True
12.0,3,17.0,2.0,3,1,2,0,18.0,0.0,7.0,7.0,176.54,True,False,False,False,False,False,True,False,False,False,False,False,False,False,True,False
0.0,1,6.0,2.0,3,2,5,0,11.0,1.0,1.0,2.0,132.29,False,True,True,False,False,False,False,False,True,False,False,True,False,False,False,False
8.0,1,8.0,4.0,5,5,2,0,21.0,1.0,5.0,10.0,178.43,False,False,False,False,True,False,False,False,True,False,True,False,False,False,False,True
1.0,1,9.0,3.0,4,4,3,0,12.0,2.0,2.0,3.0,147.26,False,True,True,False,False,False,False,False,True,False,False,False,True,False,True,False
30.0,1,6.0,3.0,3,5,4,1,15.0,1.0,1.0,5.0,297.01,True,False,False,False,True,False,False,False,False,False,False,False,False,True,False,False
5.0,1,27.0,3.0,4,3,3,0,12.0,1.0,2.0,3.0,166.97,True,False,False,False,False,True,False,False,True,False,True,False,False,False,True,False
20.0,1,8.0,2.0,3,3,4,0,19.0,1.0,5.0,6.0,271.69,True,False,False,False,True,False,False,False,False,True,False,False,False,False,True,False
8.0,1,8.0,2.0,3,4,6,0,11.0,1.0,1.0,2.0,144.25,False,False,False,False,True,False,False,False,False,False,True,False,False,False,False,True
26.0,1,18.0,3.0,4,3,10,0,21.0,2.0,2.0,5.0,156.49,True,False,False,False,False,True,False,False,False,False,True,False,False,False,True,False
30.0,1,11.0,4.0,4,5,6,0,14.0,1.0,5.0,3.0,324.43,True,False,False,True,False,False,False,False,False,False,False,False,False,True,True,False
9.0,1,6.0,2.0,3,1,2,0,12.0,1.0,5.0,7.0,121.15,False,True,False,False,False,True,False,False,False,False,False,True,False,False,False,True
23.0,1,29.0,4.0,4,4,5,0,17.0,1.0,2.0,3.0,289.13,True,False,False,False,False,False,False,True,False,True,False,False,False,False,True,False
11.0,1,6.0,3.0,3,5,2,0,13.0,4.0,2.0,11.0,235.82,True,False,False,True,False,False,False,False,False,False,False,False,False,False,True,False
15.0,1,14.0,2.0,4,4,3,0,15.0,7.0,7.0,7.0,149.41,False,True,False,False,True,False,False,False,True,False,True,False,False,False,True,False
10.0,3,8.0,4.0,4,3,8,0,14.0,2.0,2.0,1.0,193.15,True,False,False,False,False,True,False,False,False,False,True,False,False,False,False,True
2.0,3,8.0,3.0,3,3,2,0,14.0,1.0,1.0,2.0,146.49,False,False,False,False,False,True,False,False,True,False,True,False,False,False,True,False
12.0,3,9.0,3.0,4,5,5,0,16.0,1.0,2.0,8.0,193.93,True,False,False,False,False,True,False,False,False,False,True,False,False,False,True,False
3.0,1,30.0,3.0,3,3,2,0,22.0,1.0,1.0,0.0,126.93,False,True,False,False,False,True,False,False,True,False,False,True,False,False,True,False
8.0,3,6.0,2.0,4,5,1,0,14.0,1.0,2.0,8.0,143.12,False,True,False,False,False,False,True,False,True,False,True,False,False,False,False,True
8.0,1,17.0,4.0,4,3,3,1,12.0,2.0,2.0,3.0,154.36,True,False,False,False,False,True,False,False,True,False,False,False,True,False,False,True
23.0,1,12.0,4.0,4,3,4,0,15.0,1.0,2.0,3.0,191.51,True,False,True,False,False,False,False,False,True,False,True,False,False,False,False,False
9.0,1,12.0,2.0,3,2,1,0,11.0,4.0,10.0,11.0,132.1,False,True,False,False,False,True,False,False,True,False,False,True,False,False,False,False
0.0,1,14.0,2.0,3,3,2,1,13.0,3.0,7.0,7.0,123.94,False,True,False,False,False,True,False,False,False,False,False,True,False,False,False,True
31.0,1,30.0,3.0,4,3,3,0,13.0,2.0,3.0,3.0,148.72,False,True,False,False,False,True,False,False,True,False,False,False,True,False,True,False
19.0,1,14.0,4.0,3,3,6,0,18.0,1.0,2.0,3.0,189.34,False,False,False,False,False,True,False,False,True,False,True,False,False,False,False,False
16.0,3,31.0,3.0,4,1,6,0,13.0,1.0,1.0,0.0,207.98000000000002,True,False,False,False,True,False,False,False,True,False,False,False,False,False,True,False
0.0,3,14.0,2.0,3,2,1,0,13.0,0.0,2.0,1.0,124.0,False,False,False,False,False,False,False,False,True,False,False,True,False,False,False,False
18.0,1,8.0,3.0,3,5,6,1,15.0,1.0,1.0,4.0,298.59,True,False,False,False,True,False,False,False,True,False,False,False,False,True,True,False
14.0,1,15.0,3.0,3,3,3,0,15.0,0.0,1.0,11.0,294.19,False,False,False,False,True,False,False,False,True,False,False,False,False,True,True,False
1.0,3,20.0,4.0,4,4,3,0,14.0,1.0,2.0,1.0,145.33,False,False,False,False,False,True,False,False,False,False,False,False,True,False,False,False
26.0,1,13.0,4.0,4,5,5,1,13.0,3.0,7.0,10.0,180.77,True,False,True,False,False,False,False,False,True,False,True,False,False,False,True,False
9.0,1,16.0,3.0,3,3,4,0,12.0,0.0,1.0,7.0,170.94,True,False,True,False,False,False,False,False,False,False,False,False,False,False,False,False
12.0,3,9.0,4.0,6,1,4,1,21.0,1.0,2.0,4.0,179.05,True,False,False,False,False,False,True,False,False,False,True,False,False,False,True,False
1.0,1,11.0,3.0,3,5,4,0,17.0,1.0,2.0,3.0,153.19,True,False,False,False,True,False,False,False,True,False,False,False,True,False,False,False
9.0,1,9.0,2.0,3,3,2,0,13.0,1.0,1.0,0.0,114.19999999999999,True,False,False,False,False,True,False,False,True,False,False,False,True,False,False,True
0.0,3,14.0,3.0,1,2,9,0,14.0,1.0,1.0,0.0,125.34,False,True,False,False,False,False,False,False,False,False,False,True,False,False,False,False
0.0,3,29.0,2.0,4,1,8,1,19.0,0.0,1.0,0.0,141.57,False,True,False,False,False,False,True,False,False,False,True,False,False,False,True,False
4.0,1,13.0,3.0,5,1,2,0,13.0,6.0,7.0,8.0,171.27,True,False,True,False,False,False,False,False,False,False,True,False,False,False,True,False
0.0,1,28.0,3.0,3,3,2,1,15.0,5.0,6.0,7.0,161.79,True,False,False,False,True,False,False,False,True,False,True,False,False,False,True,False
7.0,3,15.0,3.0,3,3,2,0,20.0,1.0,1.0,3.0,157.14,True,False,False,False,False,True,False,False,False,False,True,False,False,False,False,False
0.0,3,15.0,3.0,5,4,2,0,13.0,2.0,2.0,2.0,127.6,False,True,False,False,False,False,True,False,False,False,False,True,False,False,False,True
1.0,1,9.0,3.0,5,2,2,0,13.0,1.0,2.0,2.0,164.04,True,False,False,False,True,False,False,False,True,False,False,False,True,False,False,True
14.0,3,8.0,4.0,4,3,9,0,13.0,2.0,2.0,2.0,192.28,False,False,False,False,False,True,False,False,True,False,True,False,False,False,True,False
4.0,3,14.0,2.0,4,3,4,0,15.0,2.0,5.0,2.0,123.28999999999999,False,True,False,False,False,True,False,False,True,False,False,True,False,False,True,False
0.0,1,10.0,2.0,3,1,2,1,15.0,4.0,5.0,6.0,136.91,False,True,True,False,False,False,False,False,True,False,False,False,True,False,True,False
22.0,1,13.0,4.0,5,3,4,0,14.0,1.0,3.0,3.0,167.4,True,False,False,False,False,True,False,False,True,False,True,False,False,False,False,True
18.0,1,14.0,2.0,3,4,9,0,18.0,1.0,1.0,15.0,123.47999999999999,False,True,False,False,False,True,False,False,True,False,True,False,False,False,True,False
8.0,1,8.0,3.0,4,1,1,1,14.0,1.0,1.0,4.0,149.3,False,False,False,False,True,False,False,False,True,False,False,False,True,False,False,True
17.0,2,9.0,4.0,4,1,2,0,14.0,2.0,2.0,9.0,160.39,True,False,False,False,False,True,False,False,True,False,False,False,True,False,False,True
7.0,1,32.0,3.0,5,4,3,0,14.0,2.0,2.0,3.0,168.2,True,False,False,False,False,True,False,False,True,False,True,False,False,False,False,True
15.0,3,17.0,3.0,4,1,9,0,15.0,1.0,2.0,11.0,187.3,False,False,False,False,False,True,False,False,True,False,True,False,False,False,False,True
29.0,3,12.0,2.0,1,5,10,0,11.0,6.0,2.0,7.0,232.12,False,False,False,False,False,True,False,False,False,True,False,False,False,False,True,False
27.0,1,15.0,3.0,3,3,4,0,11.0,0.0,2.0,3.0,128.97,False,True,False,False,False,True,False,False,False,False,True,False,False,False,True,False
0.0,1,35.0,3.0,4,4,1,0,11.0,1.0,1.0,4.0,134.79,False,False,False,False,False,False,False,False,True,False,False,True,False,False,False,True
0.0,3,10.0,2.0,4,5,2,0,12.0,1.0,1.0,3.0,142.56,False,True,False,False,False,False,True,False,True,False,True,False,False,False,False,False
3.0,3,17.0,4.0,4,3,3,0,12.0,2.0,2.0,1.0,151.42,True,False,False,False,False,True,False,False,True,False,False,False,True,False,False,True
6.0,3,9.0,3.0,4,4,2,1,14.0,1.0,2.0,3.0,165.78,True,False,False,False,False,False,True,False,True,False,True,False,False,False,False,False
8.0,1,13.0,2.0,3,3,4,0,21.0,0.0,1.0,6.0,202.21,True,False,False,False,False,False,False,True,True,False,False,False,False,False,False,True
13.0,1,18.0,2.0,3,5,3,0,12.0,1.0,7.0,7.0,144.48,False,True,False,False,False,True,False,False,False,False,True,False,False,False,True,False
11.0,1,16.0,3.0,3,3,1,0,17.0,0.0,1.0,2.0,126.84,False,False,False,False,False,False,False,False,True,False,False,True,False,False,True,False
17.0,3,32.0,4.0,5,1,7,0,14.0,2.0,2.0,1.0,232.98000000000002,True,False,False,False,True,False,False,False,True,False,False,False,False,False,True,False
1.0,3,7.0,4.0,4,4,3,1,17.0,2.0,2.0,5.0,157.02,True,False,True,False,False,False,False,False,False,False,False,False,True,False,False,True
29.0,1,15.0,3.0,3,3,3,0,19.0,0.0,1.0,3.0,129.42,False,False,False,False,False,False,False,False,False,False,False,True,False,False,False,False
21.0,3,9.0,4.0,5,1,3,1,19.0,1.0,2.0,3.0,157.94,True,False,False,False,False,True,False,False,False,False,False,False,True,False,False,True
3.0,1,10.0,4.0,5,3,3,0,19.0,1.0,2.0,8.0,244.35000000000002,True,False,False,False,True,False,False,False,True,False,False,False,False,False,True,False
26.0,1,14.0,2.0,3,1,3,0,17.0,2.0,2.0,2.0,124.5,False,True,False,False,False,True,False,False,True,False,True,False,False,False,False,True
0.0,3,12.0,3.0,5,3,5,1,18.0,6.0,7.0,7.0,161.72,True,False,False,False,False,True,False,False,True,False,True,False,False,False,False,False
5.0,1,10.0,4.0,4,3,11,0,13.0,1.0,3.0,3.0,261.75,False,False,False,False,True,False,False,False,True,False,False,False,False,False,True,False
1.0,1,15.0,3.0,6,3,3,0,20.0,2.0,2.0,3.0,171.21,False,False,False,False,False,True,False,False,True,False,False,False,True,False,False,False
26.0,1,6.0,3.0,4,4,9,0,20.0,3.0,5.0,3.0,229.45,True,False,False,False,False,True,False,False,True,False,False,False,False,False,False,True
19.0,3,9.0,4.0,4,4,2,0,20.0,4.0,4.0,8.0,173.05,True,False,False,False,False,False,False,True,True,False,True,False,False,False,True,False
10.0,1,19.0,2.0,3,1,2,0,17.0,2.0,3.0,7.0,142.85,False,True,False,False,True,False,False,False,True,False,True,False,False,False,True,False
10.0,3,27.0,3.0,3,2,6,0,15.0,1.0,1.0,0.0,129.73,False,False,False,False,False,False,False,False,False,False,False,True,False,False,False,False
4.0,3,13.0,3.0,3,1,5,0,12.0,0.0,1.0,7.0,175.47,True,False,False,False,False,False,True,False,True,False,True,False,False,False,True,False
25.0,1,34.0,2.0,1,3,3,1,11.0,1.0,2.0,2.0,232.47000000000003,False,False,False,False,True,False,False,False,False,True,False,False,False,False,True,False
3.0,3,13.0,3.0,3,5,8,0,14.0,1.0,1.0,2.0,147.79,False,True,False,False,False,False,True,False,False,False,True,False,False,False,True,False
10.0,1,16.0,2.0,3,4,3,1,12.0,0.0,1.0,1.0,141.97,False,True,False,False,False,True,False,False,True,False,True,False,False,False,False,True
30.0,3,35.0,2.0,4,2,4,0,12.0,0.0,2.0,0.0,241.18,True,False,False,False,False,False,True,False,True,True,False,False,False,False,True,False
5.0,3,11.0,3.0,4,4,3,0,19.0,5.0,8.0,3.0,218.55,False,False,False,False,False,False,True,False,True,False,True,False,False,False,False,True
11.0,2,15.0,3.0,4,4,4,0,14.0,5.0,5.0,8.0,165.71,True,False,False,False,False,False,False,True,True,False,True,False,False,False,True,False
1.0,1,23.0,3.0,4,4,4,1,14.0,2.0,2.0,3.0,148.73,False,True,False,False,True,False,False,False,True,False,False,False,True,False,True,False
23.0,3,5.0,2.0,3,3,5,1,15.0,0.0,1.0,0.0,293.31,True,False,False,False,False,False,True,False,True,False,False,False,False,True,True,False
3.0,1,34.0,3.0,3,2,2,0,13.0,0.0,1.0,9.0,157.75,True,False,False,False,True,False,False,False,False,False,True,False,False,False,False,False
13.0,1,13.0,3.0,4,4,6,0,19.0,3.0,3.0,3.0,208.76,True,False,False,False,False,True,False,False,False,False,False,False,False,False,False,True
0.0,3,10.0,2.0,5,1,2,0,11.0,6.0,9.0,8.0,204.0,True,False,False,False,True,False,False,False,True,False,False,False,False,False,True,False
3.0,3,27.0,3.0,4,2,3,0,16.0,1.0,2.0,3.0,146.57,False,False,True,False,False,False,False,False,False,False,False,False,True,False,False,False
5.0,3,25.0,3.0,5,3,4,0,13.0,1.0,1.0,2.0,196.1,True,False,False,False,False,True,False,False,True,False,False,False,False,False,True,False
9.0,1,23.0,3.0,5,3,3,0,13.0,1.0,1.0,0.0,122.9,False,False,False,False,False,True,False,False,True,False,False,True,False,False,False,True
21.0,3,21.0,3.0,4,5,4,0,13.0,1.0,2.0,8.0,174.6,True,False,False,False,False,False,True,False,True,False,True,False,False,False,False,True
1.0,1,9.0,4.0,4,1,8,1,14.0,1.0,3.0,3.0,162.22,False,False,False,False,False,True,False,False,True,False,False,False,True,False,True,False
5.0,1,31.0,4.0,5,5,3,0,20.0,1.0,2.0,9.0,193.12,True,False,False,False,True,False,False,False,False,False,True,False,False,False,False,True
24.0,3,16.0,3.0,4,3,6,1,15.0,1.0,2.0,1.0,318.31,True,False,False,False,False,False,True,False,True,False,False,False,False,True,True,False
9.0,1,20.0,2.0,3,3,2,0,16.0,1.0,1.0,0.0,115.13999999999999,False,False,False,False,True,False,False,False,False,False,False,False,True,False,False,True
19.0,1,9.0,4.0,5,3,3,0,15.0,2.0,2.0,1.0,147.74,False,True,False,False,False,True,False,False,False,False,False,False,True,False,False,True
12.0,1,7.0,4.0,5,3,11,1,14.0,1.0,2.0,1.0,178.81,True,False,False,False,False,True,False,False,True,False,False,False,False,False,False,True
24.0,1,9.0,3.0,3,4,4,0,18.0,0.0,2.0,0.0,237.33999999999997,True,False,False,False,True,False,False,False,False,True,False,False,False,False,False,True
7.0,1,35.0,2.0,3,3,5,0,13.0,0.0,7.0,7.0,154.29,True,False,False,False,True,False,False,False,True,False,True,False,False,False,False,False
9.0,1,10.0,3.0,5,3,3,0,19.0,2.0,2.0,1.0,137.81,False,False,False,False,False,True,False,False,True,False,False,False,True,False,True,False
7.0,3,10.0,3.0,3,1,3,1,13.0,0.0,1.0,0.0,197.13,True,False,False,False,False,True,False,False,True,False,False,False,False,False,True,False
5.0,1,16.0,3.0,3,1,3,0,25.0,0.0,1.0,3.0,212.44,True,False,False,False,True,False,False,False,True,False,False,False,False,False,False,True
20.0,1,31.0,2.0,3,3,3,0,23.0,9.0,12.0,11.0,186.33,True,False,False,False,True,False,False,False,True,False,False,False,False,False,False,True
19.0,2,31.0,3.0,4,4,3,0,17.0,1.0,2.0,5.0,146.77,False,True,False,False,True,False,False,False,True,False,False,False,True,False,False,True
18.0,1,8.0,3.0,4,1,10,0,23.0,1.0,11.0,8.0,267.92,False,False,False,False,True,False,False,False,True,True,False,False,False,False,True,False
2.0,1,27.0,2.0,1,5,2,0,11.0,6.0,8.0,8.0,199.8,True,False,False,False,False,True,False,False,False,False,False,False,False,False,True,False
10.0,1,25.0,4.0,4,1,3,0,14.0,1.0,2.0,8.0,146.53,False,False,False,False,True,False,False,False,False,False,False,False,True,False,False,True
16.0,1,9.0,4.0,5,4,6,0,15.0,2.0,2.0,1.0,173.41,True,False,False,False,True,False,False,False,True,False,False,False,True,False,True,False
7.0,1,8.0,2.0,4,5,2,0,11.0,1.0,1.0,3.0,143.81,False,True,False,False,True,False,False,False,False,False,False,False,True,False,False,True
9.0,1,23.0,3.0,3,4,2,0,13.0,0.0,1.0,0.0,122.1,False,True,False,False,False,True,False,False,False,False,False,True,False,False,False,False
10.0,3,15.0,3.0,3,4,2,0,13.0,1.0,7.0,7.0,188.34,False,False,False,False,True,False,False,False,True,False,False,False,False,False,True,False
15.0,1,8.0,3.0,4,2,4,0,23.0,0.0,1.0,0.0,167.81,True,False,False,False,False,False,False,True,True,False,True,False,False,False,False,True
7.0,2,17.0,2.0,4,4,5,0,11.0,0.0,1.0,8.0,144.9,False,False,False,False,False,True,False,False,True,False,True,False,False,False,True,False
11.0,1,6.0,3.0,3,5,2,0,13.0,3.0,2.0,11.0,235.82,True,False,False,True,False,False,False,False,False,False,False,False,False,False,False,False
1.0,3,15.0,3.0,2,4,2,0,23.0,2.0,2.0,3.0,173.51,True,False,False,False,False,True,False,False,True,False,True,False,False,False,True,False
14.0,3,6.0,3.0,3,5,1,0,17.0,0.0,1.0,7.0,141.03,False,False,False,False,False,False,True,False,False,False,True,False,False,False,True,False
9.0,1,6.0,2.0,4,3,7,0,12.0,1.0,1.0,7.0,122.58000000000001,False,True,False,False,False,False,False,False,True,False,False,True,False,False,False,False
24.0,3,15.0,2.0,3,4,5,1,15.0,2.0,11.0,10.0,298.47,False,False,False,False,False,True,False,False,True,False,False,False,False,True,True,False
17.0,3,32.0,4.0,5,2,7,0,14.0,2.0,2.0,1.0,259.0,True,False,False,False,True,False,False,False,True,False,False,False,False,False,True,False
7.0,1,12.0,3.0,5,2,6,0,16.0,1.0,2.0,3.0,196.19,True,False,False,False,False,True,False,False,True,False,False,False,False,False,True,False
9.0,1,15.0,2.0,4,3,2,0,13.0,0.0,1.0,8.0,122.06,False,True,False,False,False,False,False,False,True,False,False,True,False,False,False,True
12.0,3,23.0,3.0,4,4,4,0,13.0,2.0,2.0,3.0,166.98,True,False,False,False,False,True,False,False,False,False,True,False,False,False,False,True
19.0,3,6.0,3.0,3,5,2,0,25.0,4.0,15.0,7.0,204.53,True,False,False,False,False,False,True,False,False,False,False,False,False,False,True,False
1.0,1,22.0,3.0,4,3,9,0,15.0,1.0,2.0,1.0,173.34,True,False,False,False,False,False,False,True,True,False,True,False,False,False,True,False
25.0,1,8.0,2.0,4,1,8,0,15.0,2.0,2.0,2.0,132.12,False,True,False,False,False,True,False,False,False,False,False,True,False,False,False,True
6.0,3,13.0,3.0,4,3,3,0,17.0,6.0,6.0,8.0,175.1,True,False,False,False,True,False,False,False,True,False,True,False,False,False,False,True
1.0,1,24.0,4.0,5,4,3,0,22.0,2.0,2.0,1.0,146.27,False,True,False,False,False,False,False,True,True,False,False,False,True,False,False,False
1.0,1,14.0,3.0,4,3,3,1,17.0,1.0,2.0,3.0,153.86,False,False,False,False,False,True,False,False,False,False,False,False,True,False,False,False
1.0,1,23.0,3.0,2,3,5,0,17.0,2.0,2.0,8.0,177.94,True,False,False,False,False,True,False,False,True,False,True,False,False,False,True,False
0.0,3,19.0,3.0,4,5,6,1,13.0,2.0,2.0,2.0,161.34,True,False,False,False,False,False,True,False,True,False,True,False,False,False,True,False
21.0,1,9.0,3.0,4,3,5,0,15.0,3.0,6.0,7.0,296.69,True,False,False,False,True,False,False,False,False,True,False,False,False,False,True,False
28.0,1,10.0,3.0,4,1,5,0,15.0,1.0,2.0,10.0,302.79,True,False,False,False,False,True,False,False,True,True,False,False,False,False,True,False
3.0,1,16.0,4.0,2,3,8,0,19.0,1.0,2.0,1.0,149.51,True,False,False,False,False,True,False,False,True,False,False,False,True,False,True,False
8.0,1,36.0,3.0,4,3,6,0,14.0,1.0,8.0,8.0,179.29,True,False,False,False,True,False,False,False,True,False,True,False,False,False,False,False
1.0,3,25.0,4.0,4,3,2,1,19.0,1.0,4.0,3.0,171.14,False,False,False,False,False,False,True,False,False,False,True,False,False,False,True,False
1.0,1,12.0,3.0,4,1,2,1,15.0,2.0,2.0,3.0,148.79,False,False,False,False,False,True,False,False,False,False,False,False,True,False,False,True
1.0,1,10.0,3.0,4,3,2,1,20.0,2.0,2.0,3.0,166.71,True,False,False,False,False,True,False,False,False,False,True,False,False,False,False,False
5.0,1,21.0,2.0,3,1,6,0,18.0,0.0,1.0,2.0,166.67,False,False,False,False,True,False,False,False,False,False,True,False,False,False,True,False
3.0,3,11.0,2.0,3,1,3,0,12.0,1.0,7.0,4.0,194.19,True,False,False,False,False,True,False,False,False,False,False,False,False,False,True,False
9.0,1,34.0,3.0,5,5,3,0,12.0,1.0,2.0,2.0,150.59,True,False,False,False,True,False,False,False,False,False,False,False,True,False,False,True
6.0,1,34.0,3.0,3,3,2,1,12.0,1.0,5.0,7.0,152.07,True,False,False,False,False,True,False,False,True,False,True,False,False,False,True,False
2.0,3,11.0,2.0,4,4,2,1,13.0,0.0,1.0,9.0,141.87,False,True,False,False,True,False,False,False,True,False,True,False,False,False,True,False
27.0,3,14.0,4.0,5,1,9,1,19.0,1.0,2.0,5.0,234.33999999999997,True,False,False,False,False,False,True,False,False,False,False,False,False,False,True,False
17.0,1,10.0,4.0,6,2,5,0,15.0,2.0,2.0,8.0,322.4,True,False,False,False,False,True,False,False,True,False,False,False,False,True,False,False
9.0,3,7.0,4.0,4,4,3,0,14.0,1.0,2.0,7.0,197.95,True,False,False,False,False,False,True,False,True,False,False,False,False,False,True,False
21.0,1,6.0,2.0,1,2,3,0,22.0,1.0,2.0,1.0,268.85,False,False,False,False,True,False,False,False,True,True,False,False,False,False,False,True
28.0,1,26.0,2.0,3,1,4,1,19.0,0.0,1.0,8.0,154.15,True,False,True,False,False,False,False,False,True,False,True,False,False,False,True,False
17.0,1,14.0,3.0,1,2,3,1,24.0,1.0,1.0,2.0,128.18,False,True,False,False,False,True,False,False,True,False,False,True,False,False,False,False
7.0,3,32.0,3.0,4,3,3,0,13.0,1.0,2.0,2.0,170.39,False,False,False,False,True,False,False,False,False,False,True,False,False,False,True,False
21.0,1,12.0,3.0,4,3,6,0,15.0,1.0,2.0,2.0,308.0,True,False,False,False,False,True,False,False,True,False,False,False,False,True,False,False
3.0,1,34.0,3.0,3,1,2,0,13.0,1.0,1.0,9.0,157.75,True,False,False,False,True,False,False,False,False,False,True,False,False,False,True,False
3.0,1,14.0,3.0,4,5,5,0,15.0,1.0,2.0,3.0,145.62,False,True,False,False,False,True,False,False,True,False,False,False,True,False,False,True
9.0,1,33.0,3.0,3,3,7,0,13.0,0.0,7.0,7.0,152.37,True,False,False,False,True,False,False,False,True,False,True,False,False,False,True,False
12.0,1,7.0,3.0,2,1,2,0,14.0,1.0,2.0,9.0,201.25,True,False,False,False,False,True,False,False,False,False,True,False,False,False,False,True
1.0,1,7.0,4.0,4,1,4,1,17.0,1.0,3.0,1.0,147.93,False,True,False,False,True,False,False,False,True,False,False,False,True,False,True,False
15.0,3,8.0,4.0,4,5,2,0,18.0,1.0,2.0,8.0,166.03,False,False,False,False,False,False,True,False,False,False,True,False,False,False,True,False
29.0,1,11.0,2.0,4,3,2,1,17.0,1.0,2.0,3.0,165.35,True,False,False,False,False,True,False,False,True,False,True,False,False,False,False,False
2.0,1,14.0,2.0,5,5,4,0,13.0,0.0,1.0,7.0,197.15,True,False,False,False,False,False,False,True,False,False,True,False,False,False,True,False
7.0,1,8.0,3.0,4,3,4,0,12.0,3.0,5.0,7.0,127.68,False,True,False,False,False,True,False,False,True,False,False,True,False,False,True,False
8.0,1,11.0,3.0,3,4,1,0,13.0,0.0,1.0,13.0,180.95,True,False,True,False,False,False,False,False,True,False,False,False,False,False,False,True
24.0,1,7.0,4.0,4,1,11,0,15.0,1.0,2.0,4.0,298.99,True,False,False,False,True,False,False,False,True,True,False,False,False,False,True,False
28.0,1,16.0,4.0,4,3,5,0,12.0,2.0,3.0,4.0,153.97,True,False,False,False,False,True,False,False,False,False,True,False,False,False,True,False
5.0,3,9.0,3.0,4,3,3,1,20.0,9.0,10.0,3.0,223.52,False,False,False,False,False,True,False,False,False,False,False,False,False,False,True,False
20.0,2,7.0,3.0,4,5,8,0,13.0,4.0,6.0,8.0,159.23,True,False,False,False,False,True,False,False,False,False,False,False,True,False,False,True
18.0,1,27.0,3.0,4,4,3,0,14.0,2.0,2.0,4.0,159.2,True,False,False,False,False,True,False,False,True,False,False,False,True,False,False,True
0.0,1,35.0,3.0,4,4,1,0,11.0,0.0,1.0,4.0,134.79,False,False,False,False,True,False,False,False,True,False,False,True,False,False,False,True
7.0,1,35.0,4.0,4,3,3,1,13.0,2.0,6.0,8.0,177.07,True,False,False,False,False,True,False,False,True,False,True,False,False,False,True,False
14.0,3,16.0,3.0,4,5,2,0,13.0,8.0,8.0,2.0,179.73,True,False,False,False,True,False,False,False,True,False,True,False,False,False,True,False
15.0,3,30.0,4.0,4,3,5,1,17.0,1.0,2.0,3.0,195.82,True,False,False,False,False,True,False,False,True,False,False,False,False,False,False,True
17.0,1,10.0,4.0,6,1,5,0,15.0,2.0,2.0,8.0,322.4,True,False,False,False,False,True,False,False,True,False,False,False,False,True,True,False
31.0,1,8.0,4.0,4,5,5,1,15.0,2.0,2.0,6.0,322.01,True,False,False,False,True,False,False,False,False,False,False,False,False,True,True,False
5.0,3,9.0,3.0,4,5,9,0,14.0,2.0,2.0,4.0,178.32,False,False,False,False,False,False,False,True,True,False,True,False,False,False,False,True
18.0,1,12.0,3.0,5,3,5,0,15.0,1.0,2.0,4.0,156.62,False,False,False,False,False,True,False,False,True,False,False,False,True,False,False,True
16.0,1,14.0,2.0,3,2,1,0,19.0,0.0,1.0,7.0,124.55000000000001,False,False,False,False,False,True,False,False,False,False,False,True,False,False,False,True
25.0,3,16.0,3.0,4,4,6,1,25.0,7.0,12.0,11.0,323.47,False,False,False,False,False,True,False,False,True,False,False,False,False,True,True,False
12.0,1,12.0,2.0,4,5,5,0,15.0,1.0,1.0,7.0,199.91,True,False,False,False,True,False,False,False,True,False,False,False,False,False,True,False
4.0,1,30.0,3.0,4,5,2,0,19.0,1.0,1.0,8.0,168.12,True,False,False,False,True,False,False,False,False,False,True,False,False,False,False,True
14.0,1,12.0,3.0,4,4,7,1,15.0,1.0,1.0,2.0,160.32,True,False,False,False,True,False,False,False,True,False,True,False,False,False,False,True
12.0,3,27.0,2.0,4,2,4,1,12.0,0.0,1.0,4.0,161.2,True,False,False,False,False,True,False,False,True,False,True,False,False,False,False,False
8.0,1,14.0,2.0,4,2,2,0,13.0,2.0,2.0,2.0,123.75999999999999,False,False,False,False,False,False,False,True,True,False,False,True,False,False,False,False
14.0,1,22.0,4.0,5,3,3,0,14.0,2.0,15.0,3.0,229.35,True,False,False,False,False,True,False,False,False,False,False,False,False,False,True,False
0.0,1,14.0,3.0,3,3,2,0,12.0,2.0,2.0,2.0,126.1,False,False,False,False,False,False,False,False,True,False,False,True,False,False,False,False
5.0,1,7.0,4.0,5,5,3,0,13.0,1.0,4.0,3.0,147.18,False,True,False,False,False,True,False,False,True,False,False,False,True,False,False,False
8.0,3,11.0,4.0,4,1,4,1,14.0,1.0,2.0,3.0,222.13,True,False,False,False,False,True,False,False,True,False,False,False,False,False,True,False
22.0,1,11.0,3.0,5,1,4,0,26.0,1.0,3.0,3.0,277.02,False,False,False,False,True,False,False,False,True,True,False,False,False,False,True,False
18.0,1,31.0,3.0,4,1,1,0,13.0,0.0,3.0,8.0,159.06,True,False,False,False,False,True,False,False,False,False,True,False,False,False,True,False
12.0,1,12.0,2.0,3,4,5,0,18.0,0.0,2.0,2.0,183.76,True,False,False,False,False,True,False,False,False,False,False,False,False,False,False,True
1.0,1,17.0,3.0,4,5,3,0,22.0,1.0,2.0,3.0,212.93,False,False,False,False,False,True,False,False,True,False,False,False,False,False,True,False
6.0,3,6.0,2.0,1,5,2,0,22.0,0.0,1.0,8.0,140.37,False,True,False,False,True,False,False,False,True,False,True,False,False,False,True,False
15.0,3,30.0,4.0,4,3,5,1,17.0,1.0,2.0,3.0,195.82,True,False,False,False,False,True,False,False,True,False,False,False,False,False,False,True
29.0,1,29.0,3.0,3,4,5,1,12.0,11.0,2.0,9.0,234.01999999999998,True,False,False,False,False,True,False,False,True,True,False,False,False,False,False,False
9.0,3,9.0,3.0,3,1,2,1,12.0,1.0,1.0,0.0,115.69,False,False,False,False,True,False,False,False,False,False,False,False,True,False,False,True
0.0,1,14.0,3.0,3,5,2,1,17.0,0.0,1.0,0.0,123.97999999999999,False,True,False,False,False,False,False,False,False,False,False,True,False,False,True,False
27.0,1,31.0,3.0,2,1,5,0,16.0,1.0,2.0,3.0,195.05,True,False,False,False,True,False,False,False,True,False,False,False,False,False,True,False
17.0,3,11.0,2.0,3,4,8,0,11.0,1.0,3.0,10.0,282.13,True,False,False,False,False,False,True,False,True,False,False,False,False,True,True,False
13.0,2,10.0,3.0,2,4,11,0,16.0,1.0,4.0,7.0,188.89,True,False,False,False,False,False,False,True,False,False,True,False,False,False,True,False
11.0,1,9.0,2.0,3,3,4,1,20.0,2.0,2.0,2.0,143.17,False,True,True,False,False,False,False,False,False,False,True,False,False,False,False,True
19.0,1,15.0,4.0,4,1,11,0,15.0,9.0,10.0,9.0,161.97,True,False,False,False,False,False,False,True,True,False,True,False,False,False,True,False
1.0,1,14.0,4.0,4,4,3,1,24.0,2.0,2.0,1.0,149.72,True,False,False,False,False,True,False,False,True,False,False,False,True,False,False,True
6.0,1,6.0,3.0,4,5,4,1,11.0,1.0,1.0,2.0,127.99000000000001,False,True,False,False,False,False,False,True,True,False,False,True,False,False,False,True
1.0,1,14.0,4.0,4,3,3,0,19.0,2.0,2.0,2.0,173.83,True,False,False,False,False,True,False,False,True,False,True,False,False,False,False,False
1.0,1,10.0,3.0,5,2,2,0,14.0,1.0,2.0,2.0,145.45,False,True,False,False,True,False,False,False,True,False,False,False,True,False,False,True
0.0,1,14.0,3.0,3,1,2,0,20.0,5.0,5.0,7.0,125.69999999999999,False,False,False,False,False,False,False,False,True,False,False,True,False,False,False,True
12.0,1,19.0,3.0,5,5,4,0,16.0,2.0,2.0,3.0,187.88,False,False,False,False,False,True,False,False,True,False,True,False,False,False,True,False
1.0,1,24.0,3.0,4,3,3,1,14.0,5.0,8.0,8.0,148.94,False,True,False,False,False,True,False,False,False,False,False,False,True,False,False,True
15.0,1,14.0,2.0,3,3,5,0,13.0,1.0,1.0,0.0,139.68,False,True,False,False,False,True,False,False,True,False,False,False,True,False,False,True
14.0,1,26.0,2.0,4,1,10,1,16.0,4.0,4.0,8.0,152.41,True,False,False,False,True,False,False,False,True,False,True,False,False,False,True,False
13.0,3,34.0,2.0,5,5,4,0,15.0,1.0,1.0,3.0,209.32,False,False,False,False,False,False,False,True,True,False,False,False,False,False,True,False
10.0,3,16.0,4.0,5,2,3,0,17.0,1.0,5.0,3.0,221.19,True,False,False,False,True,False,False,False,True,False,False,False,False,False,False,True
1.0,1,11.0,3.0,2,4,3,1,21.0,1.0,2.0,4.0,186.42,True,False,False,False,False,True,False,False,True,False,True,False,False,False,True,False
28.0,1,29.0,4.0,4,3,5,0,15.0,4.0,5.0,8.0,299.26,True,False,False,False,True,False,False,False,False,True,False,False,False,False,True,False
20.0,1,14.0,4.0,4,3,10,0,12.0,7.0,10.0,9.0,148.39,False,True,True,False,False,False,False,False,True,False,False,False,True,False,True,False
1.0,1,17.0,3.0,4,5,3,0,22.0,2.0,2.0,3.0,212.93,False,False,False,False,False,True,False,False,True,False,False,False,False,False,True,False
11.0,1,21.0,4.0,4,5,3,0,13.0,4.0,13.0,18.0,155.34,True,False,False,False,False,True,False,False,False,False,False,False,True,False,True,False
3.0,1,30.0,4.0,4,5,2,0,14.0,1.0,2.0,4.0,164.04,True,False,False,False,True,False,False,False,True,False,False,False,True,False,False,True
8.0,1,17.0,3.0,4,4,3,0,15.0,2.0,2.0,1.0,145.08,False,True,False,False,False,True,False,False,True,False,False,False,True,False,True,False
1.0,1,27.0,4.0,4,3,5,0,13.0,2.0,2.0,3.0,223.24,False,False,False,False,False,True,False,False,True,False,False,False,False,False,False,False
3.0,1,34.0,4.0,4,3,6,0,13.0,1.0,2.0,2.0,168.35,True,False,False,False,True,False,False,False,False,False,True,False,False,False,True,False
14.0,1,12.0,3.0,4,4,7,1,15.0,1.0,1.0,2.0,160.32,True,False,False,False,True,False,False,False,True,False,True,False,False,False,False,True
1.0,3,9.0,3.0,5,3,3,0,14.0,2.0,2.0,3.0,145.44,False,True,False,False,True,False,False,False,False,False,False,False,True,False,False,True
6.0,1,36.0,3.0,5,4,3,0,14.0,1.0,5.0,2.0,153.37,True,False,False,False,False,True,False,False,False,False,False,False,True,False,False,True
10.0,1,6.0,2.0,4,5,3,0,14.0,0.0,1.0,2.0,139.2,False,True,False,False,True,False,False,False,False,False,False,False,True,False,True,False
0.0,3,14.0,2.0,5,3,1,0,16.0,0.0,1.0,0.0,123.50999999999999,False,False,False,False,False,False,True,False,False,False,False,True,False,False,True,False
10.0,1,9.0,3.0,4,4,11,1,12.0,5.0,6.0,13.0,179.1,True,False,False,False,False,True,False,False,False,False,True,False,False,False,False,True
24.0,1,31.0,4.0,4,3,5,1,19.0,1.0,2.0,6.0,264.73,True,False,False,False,False,True,False,False,True,True,False,False,False,False,False,False
23.0,1,14.0,3.0,5,3,10,0,25.0,2.0,2.0,1.0,234.64999999999998,True,False,False,False,False,False,False,True,True,False,False,False,False,False,False,True
9.0,1,15.0,3.0,1,4,2,0,22.0,1.0,1.0,2.0,128.1,False,False,False,False,False,True,False,False,True,False,False,True,False,False,True,False
9.0,1,23.0,3.0,5,4,2,1,12.0,1.0,2.0,3.0,172.88,True,False,False,False,False,False,False,True,False,False,True,False,False,False,True,False
11.0,1,17.0,3.0,4,5,2,1,14.0,5.0,5.0,4.0,152.82,True,False,False,False,False,True,False,False,False,False,False,False,True,False,True,False
4.0,3,29.0,4.0,5,3,4,1,13.0,2.0,2.0,1.0,188.8,True,False,False,False,False,False,True,False,True,False,True,False,False,False,False,False
9.0,1,11.0,2.0,1,3,3,1,12.0,1.0,1.0,3.0,121.27000000000001,False,True,False,False,False,False,False,False,True,False,False,True,False,False,False,False
4.0,1,15.0,4.0,2,5,2,1,13.0,1.0,2.0,8.0,239.16000000000003,True,False,False,False,False,True,False,False,False,False,False,False,False,False,False,False
19.0,1,7.0,4.0,3,2,2,0,15.0,2.0,2.0,8.0,317.02,True,False,False,False,False,False,False,True,True,False,False,False,False,True,False,False
25.0,1,15.0,3.0,5,4,7,0,17.0,3.0,2.0,8.0,249.89999999999998,True,False,False,False,False,True,False,False,True,False,False,False,False,False,True,False
6.0,3,17.0,3.0,4,1,3,0,13.0,2.0,2.0,9.0,178.96,True,False,False,False,False,False,True,False,True,False,True,False,False,False,False,True
0.0,1,22.0,2.0,1,3,4,0,16.0,1.0,1.0,7.0,152.94,True,False,False,False,False,True,False,False,True,False,True,False,False,False,True,False
9.0,1,31.0,3.0,3,4,2,1,19.0,6.0,7.0,8.0,120.22,False,False,False,False,False,True,False,False,False,False,False,True,False,False,True,False
25.0,1,17.0,3.0,3,3,9,0,20.0,1.0,1.0,4.0,131.49,False,True,False,False,False,True,False,False,False,False,True,False,False,False,False,False
0.0,3,6.0,2.0,3,3,2,0,17.0,0.0,7.0,7.0,152.96,True,False,False,False,False,True,False,False,True,False,True,False,False,False,True,False
2.0,3,9.0,3.0,4,4,3,1,21.0,7.0,8.0,6.0,172.79,True,False,False,False,False,False,True,False,False,False,True,False,False,False,True,False
1.0,3,17.0,3.0,4,2,2,0,15.0,1.0,2.0,2.0,174.5,True,False,False,False,False,True,False,False,True,False,True,False,False,False,False,True
4.0,1,15.0,2.0,3,4,2,0,25.0,0.0,1.0,8.0,206.48000000000002,True,False,False,False,False,True,False,False,True,False,False,False,False,False,True,False
11.0,3,16.0,3.0,4,3,1,1,14.0,2.0,2.0,7.0,187.4,True,False,False,False,False,False,True,False,True,False,False,False,False,False,True,False
14.0,1,7.0,4.0,4,5,4,0,15.0,10.0,12.0,17.0,293.23,True,False,False,False,False,True,False,False,True,True,False,False,False,False,True,False
30.0,1,16.0,3.0,4,1,9,0,12.0,1.0,2.0,2.0,236.02999999999997,True,False,False,False,True,False,False,False,True,True,False,False,False,False,True,False
30.0,3,6.0,3.0,3,1,4,1,14.0,1.0,1.0,3.0,219.04000000000002,True,False,False,True,False,False,False,False,True,False,False,False,False,False,True,False
15.0,1,14.0,3.0,3,5,4,0,16.0,0.0,1.0,2.0,125.75999999999999,False,True,False,False,False,True,False,False,False,False,False,True,False,False,True,False
19.0,3,20.0,3.0,2,3,8,1,18.0,1.0,4.0,9.0,261.95,True,False,False,False,False,False,True,False,True,True,False,False,False,False,False,True
15.0,1,15.0,3.0,6,1,4,0,16.0,2.0,2.0,4.0,231.5,False,False,False,False,False,True,False,False,True,False,False,False,False,False,False,True
0.0,1,7.0,3.0,3,3,1,0,12.0,1.0,1.0,2.0,133.75,False,True,False,False,False,True,False,False,True,False,False,True,False,False,False,True
0.0,1,14.0,2.0,5,3,2,0,19.0,1.0,1.0,2.0,146.21,False,False,False,False,False,True,False,False,True,False,False,False,True,False,True,False
11.0,3,13.0,2.0,4,2,1,0,20.0,1.0,1.0,5.0,140.28,False,True,False,False,False,False,True,False,False,False,True,False,False,False,False,True
19.0,1,36.0,3.0,4,1,7,0,14.0,2.0,2.0,4.0,159.52,True,False,False,False,True,False,False,False,True,False,False,False,True,False,False,True
1.0,1,23.0,3.0,4,4,11,0,15.0,3.0,3.0,3.0,153.11,True,False,True,False,False,False,False,False,False,False,False,False,True,False,False,False
25.0,1,6.0,3.0,3,2,3,0,15.0,1.0,7.0,8.0,270.99,True,False,False,False,False,True,False,False,True,True,False,False,False,False,False,False
10.0,1,16.0,3.0,3,5,7,0,20.0,1.0,1.0,3.0,134.52,False,True,False,False,False,False,False,False,False,False,False,True,False,False,False,False
21.0,3,21.0,3.0,4,5,4,0,13.0,2.0,2.0,8.0,174.6,True,False,False,False,False,False,True,False,True,False,True,False,False,False,False,True
17.0,1,8.0,3.0,1,1,2,1,19.0,1.0,6.0,7.0,178.79,True,False,False,False,False,True,False,False,False,False,False,False,False,False,True,False
9.0,1,15.0,3.0,3,2,2,0,12.0,1.0,2.0,1.0,122.88,False,True,False,False,False,True,False,False,False,False,False,True,False,False,False,True
2.0,1,19.0,2.0,4,4,5,1,13.0,1.0,1.0,3.0,140.25,False,True,False,False,False,False,False,True,True,False,True,False,False,False,True,False
14.0,1,15.0,3.0,5,4,4,0,12.0,1.0,5.0,9.0,262.57,False,False,False,False,True,False,False,False,True,False,False,False,False,False,True,False
1.0,2,14.0,3.0,4,2,2,0,13.0,0.0,1.0,4.0,149.36,False,True,False,False,True,False,False,False,True,False,False,False,True,False,True,False
10.0,3,15.0,2.0,4,4,2,0,14.0,1.0,1.0,3.0,141.89,False,True,False,False,False,False,True,False,True,False,True,False,False,False,True,False
0.0,1,8.0,2.0,3,1,1,0,18.0,2.0,2.0,2.0,142.27,False,True,False,False,False,True,False,False,False,False,True,False,False,False,True,False
13.0,2,12.0,2.0,3,1,2,1,21.0,1.0,7.0,7.0,264.37,True,False,False,False,True,False,False,False,True,True,False,False,False,False,False,True
11.0,1,18.0,4.0,4,3,6,0,19.0,2.0,2.0,3.0,161.29,True,False,False,False,True,False,False,False,False,False,False,False,True,False,False,True
18.0,1,12.0,2.0,3,5,5,1,14.0,1.0,2.0,0.0,232.45,True,False,False,False,False,False,False,True,True,False,False,False,False,False,True,False
0.0,1,8.0,3.0,3,1,7,1,13.0,0.0,2.0,2.0,137.22,False,False,False,False,False,True,False,False,True,False,False,False,True,False,True,False
10.0,1,14.0,4.0,4,4,4,0,12.0,1.0,2.0,4.0,145.13,False,True,False,False,False,True,False,False,True,False,False,False,True,False,False,True
1.0,3,18.0,4.0,2,1,10,0,15.0,1.0,2.0,1.0,150.34,True,False,False,False,True,False,False,False,False,False,False,False,True,False,True,False
22.0,1,7.0,3.0,5,5,9,0,12.0,1.0,2.0,3.0,279.02,True,False,False,False,False,True,False,False,False,True,False,False,False,False,True,False
18.0,1,14.0,3.0,3,2,10,0,14.0,7.0,9.0,8.0,136.97,False,True,False,False,False,False,False,True,True,False,True,False,False,False,False,False
13.0,2,12.0,2.0,3,1,2,1,21.0,1.0,7.0,7.0,264.37,True,False,False,False,True,False,False,False,True,True,False,False,False,False,False,True
19.0,1,14.0,3.0,3,1,2,0,16.0,0.0,1.0,0.0,125.87,False,True,False,False,False,True,False,False,True,False,False,True,False,False,False,True
21.0,3,10.0,3.0,4,3,11,1,13.0,1.0,12.0,14.0,262.7,False,False,False,False,True,False,False,False,False,True,False,False,False,False,True,False
19.0,3,6.0,3.0,3,5,2,0,25.0,8.0,15.0,7.0,204.53,True,False,False,False,False,False,True,False,False,False,False,False,False,False,True,False
19.0,3,13.0,3.0,5,1,8,0,13.0,6.0,13.0,3.0,213.65,False,False,False,False,True,False,False,False,False,False,False,False,False,False,False,True
25.0,1,9.0,2.0,4,3,3,1,14.0,0.0,1.0,4.0,179.69,True,False,False,False,True,False,False,False,True,False,False,False,False,False,False,False
16.0,3,19.0,4.0,4,1,5,1,13.0,2.0,2.0,1.0,175.87,True,False,False,False,False,False,True,False,True,False,True,False,False,False,True,False
9.0,1,14.0,3.0,1,5,10,0,14.0,0.0,1.0,3.0,217.13,False,False,False,False,False,True,False,False,False,False,False,False,False,False,True,False
28.0,1,20.0,3.0,2,4,9,0,11.0,1.0,2.0,15.0,287.22,True,False,False,False,True,False,False,False,True,False,False,False,False,True,False,True
23.0,1,30.0,3.0,3,3,4,1,18.0,0.0,2.0,5.0,239.73000000000002,True,False,False,False,False,True,False,False,True,True,False,False,False,False,False,False
17.0,3,9.0,4.0,4,1,3,0,21.0,8.0,8.0,8.0,181.75,False,False,False,False,False,True,False,False,True,False,True,False,False,False,True,False
30.0,1,30.0,4.0,4,4,6,1,13.0,14.0,2.0,10.0,259.02,True,False,False,False,False,True,False,False,True,True,False,False,False,False,True,False
0.0,3,10.0,2.0,4,2,2,1,11.0,0.0,1.0,3.0,144.87,False,True,False,False,False,True,False,False,False,False,True,False,False,False,False,True
6.0,1,14.0,3.0,3,1,5,0,11.0,0.0,1.0,0.0,124.96000000000001,False,True,False,False,False,False,False,False,True,False,False,True,False,False,False,True
1.0,3,20.0,3.0,4,3,3,0,12.0,2.0,2.0,7.0,145.96,False,True,False,False,True,False,False,False,True,False,False,False,True,False,False,False
1.0,3,12.0,2.0,5,3,2,0,19.0,1.0,2.0,1.0,154.66,True,False,False,False,False,False,False,True,False,False,False,False,True,False,False,True
15.0,1,35.0,3.0,3,4,2,0,13.0,2.0,7.0,8.0,144.34,False,True,False,False,False,True,False,False,True,False,True,False,False,False,False,False
21.0,3,9.0,3.0,4,4,9,0,12.0,1.0,2.0,1.0,174.78,False,False,False,False,False,False,True,False,True,False,True,False,False,False,True,False
18.0,1,9.0,4.0,2,1,3,1,20.0,7.0,7.0,8.0,203.79,True,False,False,False,False,True,False,False,False,False,False,False,False,False,True,False
1.0,1,32.0,3.0,4,2,3,1,25.0,2.0,2.0,2.0,152.95,True,False,False,False,False,True,False,False,True,False,False,False,True,False,False,True
8.0,3,9.0,3.0,3,1,7,0,13.0,0.0,1.0,8.0,178.23,True,False,False,False,False,True,False,False,True,False,False,False,False,False,True,False
27.0,1,17.0,2.0,3,1,4,0,20.0,0.0,2.0,12.0,260.32,False,False,False,False,True,False,False,False,False,True,False,False,False,False,True,False
1.0,3,10.0,4.0,2,1,3,1,21.0,2.0,2.0,5.0,171.47,False,False,False,False,True,False,False,False,False,False,True,False,False,False,True,False
0.0,1,6.0,2.0,3,4,2,0,11.0,0.0,1.0,4.0,138.16,False,True,False,False,True,False,False,False,True,False,False,False,True,False,True,False
28.0,1,18.0,3.0,4,1,5,0,21.0,1.0,2.0,13.0,285.32,False,False,False,False,True,False,False,False,False,True,False,False,False,False,True,False
7.0,3,27.0,3.0,1,1,2,0,12.0,0.0,5.0,7.0,153.37,True,False,False,False,False,True,False,False,True,False,True,False,False,False,False,True
6.0,3,15.0,4.0,5,4,3,1,12.0,7.0,12.0,10.0,177.28,True,False,True,False,False,False,False,False,False,False,True,False,False,False,False,False
1.0,1,8.0,3.0,5,3,3,0,13.0,2.0,2.0,3.0,171.17,True,False,False,False,False,True,False,False,True,False,True,False,False,False,False,True
1.0,3,16.0,3.0,4,5,3,0,20.0,2.0,2.0,1.0,142.9,False,False,False,False,False,False,True,False,True,False,False,False,True,False,True,False
28.0,1,10.0,3.0,4,2,5,0,15.0,2.0,2.0,10.0,302.79,True,False,False,False,False,True,False,False,True,True,False,False,False,False,False,False
20.0,1,9.0,3.0,4,3,8,0,15.0,2.0,2.0,2.0,303.61,True,False,False,False,False,True,False,False,True,True,False,False,False,False,True,False
15.0,3,13.0,4.0,4,1,5,1,19.0,1.0,2.0,1.0,260.91,True,False,False,False,False,True,False,False,False,False,False,False,False,False,False,True
1.0,1,12.0,3.0,4,3,3,1,14.0,1.0,3.0,3.0,159.41,True,False,True,False,False,False,False,False,True,False,False,False,True,False,False,True
30.0,1,14.0,3.0,6,1,6,0,12.0,1.0,2.0,3.0,197.6,True,False,False,False,False,True,False,False,True,False,False,False,False,False,False,True
9.0,1,16.0,2.0,3,5,8,1,13.0,2.0,5.0,7.0,183.21,True,False,False,False,False,True,False,False,True,False,False,False,False,False,True,False
6.0,1,7.0,4.0,4,4,3,0,18.0,2.0,2.0,10.0,187.2,True,False,False,False,False,True,False,False,True,False,True,False,False,False,True,False
0.0,1,7.0,3.0,1,4,2,0,11.0,1.0,4.0,7.0,174.46,False,False,False,False,False,True,False,False,False,False,False,False,False,False,False,True
1.0,3,10.0,4.0,3,2,3,1,21.0,2.0,2.0,5.0,171.47,False,False,False,False,True,False,False,False,False,False,True,False,False,False,True,False
10.0,1,19.0,2.0,3,1,2,0,17.0,0.0,3.0,7.0,142.85,False,True,False,False,True,False,False,False,True,False,True,False,False,False,True,False
9.0,3,35.0,4.0,5,3,2,0,24.0,3.0,5.0,3.0,149.3,False,True,False,False,False,True,False,False,False,False,False,False,True,False,True,False
24.0,1,7.0,3.0,5,3,4,0,16.0,2.0,2.0,3.0,161.9,True,False,False,False,True,False,False,False,True,False,False,False,True,False,True,False
14.0,1,8.0,3.0,4,1,6,0,18.0,1.0,2.0,4.0,190.13,True,False,False,False,False,True,False,False,False,False,True,False,False,False,True,False
17.0,3,9.0,4.0,4,1,3,1,18.0,1.0,9.0,9.0,203.47,True,False,False,False,True,False,False,False,True,False,True,False,False,False,True,False
9.0,1,14.0,4.0,5,1,3,0,19.0,2.0,2.0,2.0,151.9,True,False,False,False,False,True,False,False,True,False,False,False,True,False,True,False
29.0,1,9.0,4.0,4,4,5,0,19.0,2.0,2.0,3.0,234.76,False,False,False,False,False,True,False,False,True,False,False,False,False,False,False,False
15.0,1,14.0,3.0,2,3,3,0,14.0,1.0,2.0,9.0,158.76,True,False,True,False,False,False,False,False,False,False,False,False,True,False,True,False
5.0,1,8.0,3.0,2,2,8,0,16.0,1.0,1.0,7.0,150.55,True,False,False,False,True,False,False,False,False,False,True,False,False,False,False,True
24.0,1,9.0,4.0,4,3,7,0,15.0,1.0,2.0,4.0,301.39,True,False,False,False,True,False,False,False,True,True,False,False,False,False,False,False
12.0,3,17.0,2.0,3,2,2,0,18.0,0.0,7.0,7.0,176.54,True,False,False,False,False,False,True,False,False,False,False,False,False,False,False,False
31.0,3,7.0,4.0,4,1,5,1,15.0,2.0,2.0,5.0,244.04000000000002,True,False,False,True,False,False,False,False,True,False,False,False,False,False,True,False
15.0,1,23.0,2.0,2,5,4,1,13.0,0.0,1.0,2.0,165.45,True,False,False,False,False,True,False,False,False,False,True,False,False,False,False,True
2.0,3,12.0,3.0,4,5,2,0,19.0,2.0,2.0,3.0,209.63,True,False,False,False,True,False,False,False,True,False,True,False,False,False,False,True
1.0,3,7.0,3.0,4,3,3,0,18.0,3.0,8.0,8.0,177.96,True,False,False,False,False,True,False,False,True,False,True,False,False,False,False,False
19.0,1,14.0,3.0,4,3,6,1,20.0,1.0,2.0,3.0,169.77,True,False,False,False,True,False,False,False,False,False,False,False,True,False,True,False
18.0,1,15.0,4.0,2,1,4,1,25.0,2.0,2.0,3.0,153.18,True,False,False,False,False,True,False,False,True,False,False,False,True,False,True,False
23.0,3,18.0,4.0,4,1,5,0,13.0,1.0,2.0,5.0,170.07,True,False,False,False,False,False,True,False,False,False,True,False,False,False,False,True
9.0,3,15.0,2.0,3,5,2,0,19.0,1.0,1.0,0.0,117.9,False,False,False,False,False,False,True,False,True,False,False,False,True,False,True,False
1.0,3,20.0,3.0,4,5,4,0,18.0,1.0,2.0,3.0,167.33,True,False,False,False,True,False,False,False,True,False,True,False,False,False,True,False
1.0,1,14.0,4.0,4,4,3,1,24.0,2.0,2.0,1.0,149.72,True,False,False,False,False,True,False,False,True,False,False,False,True,False,False,True
9.0,3,7.0,4.0,4,3,3,0,15.0,2.0,2.0,3.0,212.89,False,False,False,False,False,False,True,False,False,False,False,False,False,False,False,True
9.0,1,32.0,3.0,3,3,7,0,14.0,1.0,1.0,2.0,153.47,True,False,False,False,False,True,False,False,True,False,True,False,False,False,True,False
30.0,1,30.0,2.0,2,2,4,1,16.0,1.0,1.0,4.0,194.39,True,False,False,False,False,True,False,False,True,False,False,False,False,False,True,False
8.0,1,9.0,3.0,5,5,8,0,14.0,1.0,6.0,10.0,184.57,True,False,False,False,False,True,False,False,True,False,True,False,False,False,False,False
8.0,1,7.0,2.0,4,1,1,0,12.0,0.0,1.0,0.0,153.63,True,False,False,False,True,False,False,False,False,False,True,False,False,False,True,False
23.0,1,10.0,3.0,5,5,6,0,26.0,2.0,2.0,3.0,172.89,True,False,False,False,True,False,False,False,False,False,True,False,False,False,False,False
9.0,3,16.0,3.0,4,3,2,1,13.0,0.0,1.0,7.0,156.73,True,False,True,False,False,False,False,False,False,False,True,False,False,False,True,False
14.0,3,12.0,3.0,5,5,7,1,22.0,1.0,2.0,3.0,229.75,False,False,False,False,False,True,False,False,True,False,False,False,False,False,False,False
3.0,1,30.0,3.0,4,2,11,0,17.0,2.0,2.0,3.0,147.01,False,True,False,False,False,True,False,False,True,False,False,False,True,False,False,True
6.0,3,14.0,4.0,5,3,3,0,15.0,2.0,5.0,9.0,179.84,True,False,False,False,False,True,False,False,True,False,True,False,False,False,False,False
1.0,1,22.0,4.0,5,5,2,0,20.0,8.0,8.0,4.0,172.74,False,False,False,False,False,True,False,False,False,False,False,False,True,False,True,False
12.0,2,17.0,4.0,4,3,5,0,12.0,1.0,2.0,3.0,185.77,False,False,False,False,False,False,False,True,True,False,True,False,False,False,True,False
10.0,1,25.0,3.0,2,1,6,0,19.0,2.0,2.0,1.0,161.88,False,False,False,False,False,True,False,False,True,False,False,False,True,False,True,False
0.0,1,21.0,3.0,3,1,2,0,15.0,1.0,1.0,0.0,128.71,False,True,False,False,False,False,False,False,False,False,False,True,False,False,False,True
1.0,1,18.0,4.0,6,4,7,0,16.0,2.0,2.0,1.0,172.77,True,False,False,False,True,False,False,False,False,False,True,False,False,False,False,False
28.0,1,10.0,1.0,3,3,1,1,16.0,1.0,1.0,2.0,140.35,False,True,False,False,False,True,False,False,True,False,True,False,False,False,True,False
18.0,3,7.0,4.0,4,3,9,0,13.0,2.0,2.0,1.0,172.68,False,False,False,False,False,False,True,False,False,False,True,False,False,False,False,False
4.0,3,13.0,3.0,3,5,3,0,14.0,2.0,2.0,2.0,196.37,False,False,False,False,False,False,True,False,False,False,False,False,False,False,True,False
1.0,3,10.0,4.0,4,3,11,0,15.0,2.0,3.0,1.0,170.77,True,False,False,False,False,True,False,False,False,False,True,False,False,False,False,True
9.0,3,7.0,4.0,5,3,2,0,24.0,3.0,5.0,3.0,149.3,False,True,False,False,False,True,False,False,False,False,False,False,True,False,True,False
10.0,1,16.0,3.0,5,4,4,1,12.0,1.0,2.0,3.0,213.47,True,False,False,False,True,False,False,False,True,False,True,False,False,False,True,False
14.0,1,9.0,3.0,4,3,2,0,15.0,4.0,4.0,10.0,319.36,True,False,False,False,True,False,False,False,True,False,False,False,False,True,True,False
16.0,2,17.0,3.0,4,5,2,0,15.0,1.0,2.0,10.0,292.99,True,False,False,False,False,False,False,True,False,True,False,False,False,False,False,False
1.0,1,13.0,3.0,4,5,4,0,12.0,2.0,2.0,4.0,154.6,True,False,False,False,True,False,False,False,True,False,False,False,True,False,False,True
1.0,3,9.0,3.0,5,4,9,1,13.0,3.0,3.0,3.0,224.07,True,False,False,False,False,False,True,False,True,False,True,False,False,False,False,True
9.0,1,15.0,3.0,3,5,3,0,21.0,0.0,1.0,4.0,122.38,False,True,False,False,False,True,False,False,True,False,False,True,False,False,True,False
12.0,1,9.0,3.0,4,3,1,0,15.0,0.0,1.0,7.0,130.69,False,True,False,False,False,False,False,False,True,False,True,False,False,False,True,False
11.0,3,28.0,3.0,4,2,7,0,16.0,2.0,2.0,1.0,154.73,False,False,False,False,True,False,False,False,False,False,False,False,True,False,False,False
13.0,1,15.0,3.0,4,1,10,0,14.0,0.0,1.0,2.0,148.76,False,False,False,False,False,True,False,False,True,False,True,False,False,False,True,False
1.0,1,23.0,3.0,4,4,11,0,15.0,3.0,3.0,3.0,153.11,True,False,True,False,False,False,False,False,False,False,False,False,True,False,True,False
23.0,1,16.0,3.0,4,1,7,0,15.0,1.0,1.0,3.0,204.96,True,False,False,True,False,False,False,False,True,False,False,False,False,False,False,True
10.0,3,12.0,3.0,3,2,5,0,14.0,0.0,1.0,1.0,165.02,True,False,False,False,True,False,False,False,True,False,True,False,False,False,False,False
0.0,1,6.0,3.0,4,4,2,0,13.0,1.0,1.0,0.0,128.36,False,True,False,False,False,True,False,False,False,False,False,True,False,False,False,True
19.0,1,24.0,2.0,3,3,3,0,14.0,0.0,1.0,8.0,148.1,False,True,False,False,True,False,False,False,False,False,True,False,False,False,True,False
5.0,3,7.0,2.0,3,1,2,0,19.0,0.0,5.0,7.0,204.22,True,False,False,False,False,False,True,False,False,False,False,False,False,False,True,False
7.0,1,20.0,3.0,4,2,5,0,19.0,2.0,2.0,3.0,159.52,True,False,False,False,False,True,False,False,False,False,False,False,True,False,False,True
2.0,3,14.0,3.0,4,5,2,0,15.0,2.0,2.0,4.0,173.98,False,False,False,False,False,True,False,False,True,False,True,False,False,False,False,True
1.0,3,20.0,3.0,4,3,5,1,12.0,1.0,3.0,3.0,223.54,True,False,False,False,False,False,True,False,False,False,True,False,False,False,False,True
19.0,3,32.0,3.0,4,4,9,0,15.0,1.0,2.0,2.0,179.91,False,False,False,False,False,True,False,False,True,False,True,False,False,False,False,True
12.0,3,14.0,3.0,2,5,3,1,25.0,5.0,8.0,8.0,181.05,True,False,False,False,True,False,False,False,False,False,True,False,False,False,True,False
5.0,1,15.0,3.0,3,2,2,1,12.0,1.0,1.0,5.0,163.22,True,False,False,False,False,True,False,False,False,False,True,False,False,False,False,False
9.0,1,8.0,2.0,3,5,7,1,14.0,1.0,1.0,2.0,120.41999999999999,False,False,False,False,False,True,False,False,True,False,False,True,False,False,False,False
10.0,1,8.0,4.0,6,5,4,1,22.0,8.0,8.0,3.0,227.52,True,False,False,True,False,False,False,False,False,False,False,False,False,False,True,False
12.0,1,7.0,4.0,4,5,3,0,14.0,5.0,6.0,12.0,260.82,True,False,False,True,False,False,False,False,False,False,False,False,False,False,True,False
23.0,1,10.0,3.0,5,5,6,0,26.0,1.0,2.0,3.0,172.89,True,False,False,False,True,False,False,False,False,False,True,False,False,False,True,False
10.0,3,15.0,3.0,4,1,6,0,14.0,2.0,2.0,8.0,175.79,False,False,True,False,False,False,False,False,True,False,True,False,False,False,True,False
30.0,1,8.0,3.0,4,1,4,1,13.0,4.0,2.0,3.0,237.26,True,False,False,False,False,True,False,False,False,True,False,False,False,False,False,True
7.0,1,14.0,2.0,3,5,5,0,12.0,1.0,1.0,2.0,123.62,False,True,False,False,False,True,False,False,True,False,False,True,False,False,True,False
9.0,3,8.0,2.0,3,1,4,0,15.0,3.0,6.0,7.0,145.02,False,True,False,False,False,True,False,False,False,False,True,False,False,False,False,True
18.0,3,35.0,3.0,2,1,5,1,19.0,5.0,2.0,12.0,258.2,True,False,False,False,True,False,False,False,False,True,False,False,False,False,True,False
19.0,1,7.0,4.0,4,4,3,0,13.0,7.0,8.0,8.0,199.41,True,False,False,True,False,False,False,False,True,False,False,False,False,False,True,False
1.0,1,10.0,4.0,5,3,3,0,18.0,2.0,2.0,1.0,157.3,True,False,False,False,True,False,False,False,True,False,False,False,True,False,False,True
9.0,1,17.0,3.0,4,4,2,0,13.0,1.0,1.0,3.0,164.99,False,False,False,False,False,True,False,False,True,False,True,False,False,False,False,True
28.0,1,27.0,3.0,4,3,5,0,13.0,2.0,2.0,4.0,173.69,False,False,False,False,False,True,False,False,False,False,True,False,False,False,False,True
5.0,3,14.0,4.0,4,2,6,0,13.0,1.0,2.0,8.0,200.47,True,False,False,False,False,False,True,False,True,False,True,False,False,False,True,False
0.0,1,14.0,3.0,4,5,7,1,20.0,1.0,1.0,0.0,124.03999999999999,False,True,False,False,False,True,False,False,False,False,False,True,False,False,False,True
3.0,3,10.0,3.0,4,4,2,1,12.0,2.0,2.0,7.0,152.09,True,False,False,False,True,False,False,False,False,False,True,False,False,False,True,False
27.0,1,10.0,3.0,4,3,5,1,15.0,2.0,2.0,4.0,300.84,True,False,False,False,True,False,False,False,True,True,False,False,False,False,True,False
5.0,3,32.0,3.0,3,1,1,0,18.0,2.0,2.0,2.0,144.65,False,False,False,False,False,False,True,False,True,False,True,False,False,False,True,False
11.0,1,6.0,2.0,3,1,8,0,15.0,2.0,2.0,9.0,147.35,False,False,False,False,False,True,False,False,True,False,True,False,False,False,True,False
5.0,1,11.0,3.0,3,4,3,0,14.0,1.0,1.0,7.0,127.18,False,False,True,False,False,False,False,False,True,False,False,True,False,False,False,True
1.0,3,15.0,3.0,4,4,3,0,19.0,1.0,2.0,8.0,187.14,True,False,False,False,False,False,True,False,False,False,True,False,False,False,False,False
14.0,3,12.0,3.0,3,1,4,1,18.0,0.0,2.0,0.0,235.91000000000003,True,False,False,False,False,True,False,False,False,False,False,False,False,False,False,True
0.0,1,22.0,3.0,3,4,10,0,14.0,2.0,2.0,2.0,128.11,False,True,True,False,False,False,False,False,False,False,False,True,False,False,False,False
12.0,1,15.0,2.0,3,5,2,0,25.0,4.0,7.0,9.0,151.51,True,False,False,False,True,False,False,False,True,False,True,False,False,False,True,False
22.0,1,12.0,2.0,4,3,3,1,19.0,2.0,2.0,12.0,239.66000000000003,True,False,False,False,False,True,False,False,False,True,False,False,False,False,True,False
5.0,2,9.0,4.0,5,5,5,0,13.0,1.0,2.0,1.0,189.1,True,False,False,False,False,False,False,True,True,False,True,False,False,False,True,False
20.0,3,8.0,2.0,1,4,7,0,14.0,0.0,2.0,2.0,259.72,True,False,False,False,False,True,False,False,False,True,False,False,False,False,True,False
12.0,2,9.0,4.0,4,4,7,0,14.0,4.0,4.0,9.0,150.92,False,False,False,False,False,False,False,True,True,False,False,False,True,False,True,False
8.0,1,12.0,3.0,3,3,1,1,14.0,1.0,2.0,2.0,135.06,False,True,False,False,False,True,False,False,True,False,False,True,False,False,True,False
14.0,1,13.0,4.0,4,3,9,0,16.0,5.0,2.0,14.0,257.37,True,False,False,False,False,True,False,False,False,True,False,False,False,False,False,True
1.0,1,17.0,3.0,5,3,3,0,21.0,3.0,3.0,3.0,151.25,False,False,False,False,False,True,False,False,False,False,False,False,True,False,False,True
0.0,1,21.0,3.0,4,5,1,0,19.0,7.0,7.0,3.0,147.74,False,False,False,False,False,True,False,False,False,False,False,False,True,False,True,False
25.0,1,15.0,3.0,5,4,7,0,17.0,2.0,2.0,8.0,249.89999999999998,True,False,False,False,False,True,False,False,True,False,False,False,False,False,False,False
8.0,1,31.0,3.0,4,4,4,0,16.0,2.0,4.0,8.0,209.02999999999997,True,False,False,True,False,False,False,False,True,False,False,False,False,False,True,False
7.0,1,7.0,3.0,4,5,1,0,20.0,0.0,4.0,9.0,153.43,False,False,False,False,True,False,False,False,True,False,True,False,False,False,False,True
0.0,1,14.0,3.0,4,1,2,1,24.0,1.0,1.0,0.0,124.38999999999999,False,False,False,False,False,True,False,False,True,False,False,True,False,False,False,True
7.0,1,16.0,2.0,1,1,2,0,13.0,3.0,7.0,2.0,147.24,False,False,False,False,False,True,False,False,True,False,True,False,False,False,True,False
10.0,3,33.0,3.0,1,3,5,1,12.0,0.0,1.0,3.0,163.97,False,False,False,False,False,True,False,False,False,False,True,False,False,False,False,True
26.0,3,8.0,2.0,4,4,3,0,12.0,5.0,6.0,12.0,175.25,False,False,False,False,False,False,True,False,False,False,False,False,False,False,True,False
0.0,1,9.0,2.0,3,3,2,0,12.0,2.0,7.0,7.0,140.84,False,False,False,False,False,True,False,False,False,False,False,False,True,False,False,True
9.0,1,13.0,3.0,3,4,3,0,11.0,0.0,1.0,3.0,120.13,True,False,False,False,False,True,False,False,True,False,False,True,False,False,False,True
0.0,1,21.0,2.0,3,3,8,1,12.0,3.0,2.0,7.0,236.10000000000002,True,False,False,False,True,False,False,False,True,False,False,False,False,False,True,False
7.0,3,17.0,3.0,5,2,5,0,15.0,2.0,2.0,2.0,171.82,False,False,False,False,False,False,True,False,True,False,True,False,False,False,False,True
4.0,1,17.0,4.0,4,3,11,0,15.0,1.0,2.0,3.0,221.67,True,False,False,False,True,False,False,False,False,False,False,False,False,False,False,True
30.0,3,22.0,2.0,3,5,9,0,14.0,2.0,2.0,2.0,154.05,True,False,False,False,False,False,True,False,True,False,True,False,False,False,False,True
30.0,1,11.0,2.0,4,4,3,1,13.0,1.0,1.0,4.0,205.52,True,False,False,True,False,False,False,False,False,False,False,False,False,False,True,False
9.0,3,28.0,2.0,3,3,2,1,19.0,0.0,1.0,0.0,116.75,True,False,False,False,False,False,True,False,True,False,False,False,True,False,False,True
7.0,1,6.0,2.0,4,1,2,1,13.0,1.0,1.0,3.0,136.22,False,True,False,False,False,True,False,False,True,False,False,False,True,False,True,False
9.0,1,12.0,2.0,3,4,7,0,20.0,0.0,1.0,1.0,149.41,False,True,False,False,True,False,False,False,True,False,True,False,False,False,True,False
11.0,1,28.0,4.0,3,5,3,1,13.0,1.0,2.0,8.0,160.64,True,False,False,False,False,True,False,False,True,False,False,False,True,False,False,False
29.0,1,15.0,2.0,3,1,8,0,11.0,0.0,1.0,3.0,211.02999999999997,True,False,False,False,True,False,False,False,True,True,False,False,False,False,True,False
9.0,1,23.0,4.0,5,4,3,0,20.0,4.0,4.0,3.0,211.06,True,False,False,False,False,True,False,False,False,False,False,False,False,False,False,True
16.0,3,11.0,3.0,4,5,9,0,14.0,2.0,2.0,6.0,176.55,True,False,False,False,False,False,True,False,True,False,True,False,False,False,False,True
1.0,1,27.0,4.0,4,3,2,0,15.0,2.0,2.0,3.0,147.72,False,True,False,False,False,True,False,False,True,False,True,False,False,False,False,True
1.0,3,20.0,3.0,4,5,4,0,18.0,1.0,2.0,3.0,167.33,True,False,False,False,True,False,False,False,True,False,True,False,False,False,True,False
21.0,1,9.0,3.0,5,2,11,1,15.0,1.0,2.0,1.0,148.8,False,False,False,False,False,True,False,False,True,False,False,False,True,False,True,False
9.0,1,14.0,3.0,3,3,5,0,13.0,1.0,2.0,2.0,125.43,False,True,False,False,False,True,False,False,False,False,False,True,False,False,False,False
0.0,1,14.0,2.0,4,1,6,0,12.0,0.0,1.0,3.0,123.66999999999999,False,True,True,False,False,False,False,False,True,False,False,True,False,False,True,False
4.0,1,9.0,3.0,5,1,7,1,25.0,2.0,2.0,1.0,193.77,True,False,False,False,True,False,False,False,False,False,True,False,False,False,False,True
11.0,1,12.0,3.0,2,3,2,0,15.0,1.0,2.0,4.0,160.0,False,False,True,False,False,False,False,False,True,False,False,False,True,False,False,True
1.0,3,23.0,4.0,4,3,4,0,14.0,1.0,2.0,1.0,206.61,True,False,False,False,False,False,True,False,True,False,False,False,False,False,True,False
1.0,3,7.0,3.0,5,3,7,0,12.0,2.0,12.0,3.0,231.08999999999997,True,False,False,False,False,True,False,False,True,False,False,False,False,False,False,False
9.0,1,8.0,3.0,3,3,3,0,14.0,1.0,1.0,2.0,120.00999999999999,True,False,False,False,False,False,False,False,False,False,False,True,False,False,True,False
2.0,3,16.0,2.0,4,3,10,0,11.0,1.0,1.0,4.0,158.69,True,False,False,False,True,False,False,False,True,False,True,False,False,False,False,True
15.0,1,16.0,4.0,4,3,4,0,15.0,2.0,2.0,12.0,319.19,False,False,False,False,True,False,False,False,True,False,False,False,False,True,True,False
13.0,3,9.0,3.0,4,3,2,1,14.0,0.0,1.0,2.0,126.83000000000001,False,True,False,False,False,False,True,False,True,False,False,True,False,False,False,False
11.0,2,6.0,3.0,3,4,1,1,11.0,1.0,1.0,2.0,129.91,False,False,False,False,False,False,False,True,True,False,False,True,False,False,True,False
0.0,1,14.0,3.0,3,1,2,0,13.0,1.0,1.0,4.0,126.47,False,True,False,False,False,False,False,True,True,False,False,True,False,False,False,True
9.0,1,23.0,3.0,5,3,2,0,15.0,1.0,1.0,2.0,123.05000000000001,False,True,False,False,False,False,False,False,True,False,False,True,False,False,True,False
17.0,2,7.0,2.0,3,1,5,1,18.0,2.0,2.0,2.0,131.95,False,True,False,False,False,True,False,False,False,False,False,True,False,False,True,False
10.0,3,22.0,3.0,6,1,3,0,25.0,5.0,12.0,12.0,179.06,False,False,False,False,False,False,True,False,True,False,True,False,False,False,True,False
9.0,1,6.0,3.0,3,5,5,0,13.0,0.0,1.0,2.0,121.94,False,False,False,False,False,False,False,False,True,False,False,True,False,False,True,False
14.0,3,12.0,3.0,5,5,7,1,22.0,1.0,2.0,3.0,229.75,False,False,False,False,False,True,False,False,True,False,False,False,False,False,True,False
4.0,3,8.0,3.0,3,3,1,0,19.0,0.0,1.0,2.0,130.67,False,True,False,False,False,True,False,False,True,False,False,True,False,False,True,False
14.0,1,14.0,2.0,5,2,3,0,15.0,0.0,1.0,3.0,206.5,False,False,False,False,False,True,False,False,True,False,False,False,False,False,False,True
3.0,1,14.0,2.0,3,2,1,0,14.0,5.0,6.0,7.0,125.63999999999999,False,False,False,False,False,False,False,False,False,False,False,True,False,False,False,True
3.0,1,16.0,2.0,5,2,2,0,18.0,3.0,3.0,3.0,164.83,True,False,False,False,False,False,False,True,True,False,False,False,True,False,False,True
10.0,1,13.0,3.0,6,3,3,0,15.0,1.0,2.0,8.0,152.41,True,False,False,False,False,True,False,False,True,False,False,False,True,False,True,False
6.0,3,14.0,4.0,5,3,3,0,15.0,4.0,5.0,9.0,179.84,True,False,False,False,False,True,False,False,True,False,True,False,False,False,True,False
11.0,1,9.0,3.0,3,3,4,0,16.0,2.0,2.0,2.0,128.21,False,False,False,False,False,False,False,True,True,False,False,True,False,False,True,False
1.0,1,30.0,3.0,2,1,3,1,12.0,1.0,2.0,5.0,152.25,True,False,False,False,True,False,False,False,True,False,False,False,True,False,True,False
1.0,1,12.0,3.0,4,3,3,1,14.0,3.0,3.0,3.0,159.41,True,False,True,False,False,False,False,False,True,False,False,False,True,False,False,True
1.0,3,10.0,3.0,5,1,3,1,12.0,4.0,4.0,3.0,228.25,True,False,False,False,False,True,False,False,True,False,False,False,False,False,True,False
11.0,3,11.0,3.0,4,2,6,0,18.0,2.0,6.0,9.0,25.0,False,False,False,False,False,False,True,False,True,False,False,False,True,False,True,False
4.0,3,14.0,3.0,4,4,2,0,15.0,2.0,2.0,3.0,154.83,True,False,False,False,False,False,True,False,True,False,False,False,True,False,False,True
23.0,1,23.0,4.0,4,5,6,1,17.0,1.0,3.0,3.0,150.87,True,False,False,False,True,False,False,False,False,False,False,False,True,False,True,False
17.0,1,15.0,3.0,4,4,6,0,22.0,2.0,2.0,1.0,172.65,True,False,False,False,False,True,False,False,False,False,True,False,False,False,True,False
10.0,1,25.0,3.0,3,2,6,0,19.0,1.0,2.0,1.0,161.88,False,False,False,False,False,True,False,False,True,False,False,False,True,False,False,False
15.0,1,26.0,3.0,4,5,4,0,17.0,1.0,2.0,1.0,155.72,True,False,False,False,False,True,False,False,True,False,True,False,False,False,True,False
1.0,1,9.0,3.0,6,2,7,1,14.0,3.0,3.0,3.0,159.64,True,False,False,False,True,False,False,False,True,False,False,False,True,False,False,False
3.0,1,14.0,3.0,1,5,1,1,12.0,0.0,1.0,3.0,214.16000000000003,True,False,False,False,False,True,False,False,False,False,False,False,False,False,True,False
5.0,1,9.0,3.0,6,1,6,1,14.0,1.0,2.0,1.0,152.78,True,False,False,False,False,True,False,False,False,False,False,False,True,False,True,False
21.0,1,14.0,3.0,1,4,6,0,11.0,0.0,1.0,0.0,125.59,False,True,True,False,False,False,False,False,True,False,False,True,False,False,False,True
19.0,1,36.0,3.0,4,1,6,1,19.0,2.0,2.0,3.0,218.8,True,False,False,True,False,False,False,False,True,False,False,False,False,False,False,False
6.0,3,23.0,2.0,3,3,2,0,11.0,1.0,6.0,0.0,274.44,False,False,False,False,False,True,False,False,True,True,False,False,False,False,False,True
16.0,1,18.0,2.0,4,4,2,0,11.0,0.0,2.0,9.0,243.36,True,False,False,False,False,True,False,False,True,True,False,False,False,False,True,False
1.0,1,9.0,3.0,5,1,2,0,13.0,2.0,2.0,2.0,164.04,True,False,False,False,True,False,False,False,True,False,False,False,True,False,False,True
0.0,1,31.0,3.0,1,1,2,1,12.0,0.0,1.0,1.0,129.94,False,True,False,False,False,True,False,False,False,False,False,True,False,False,False,True
6.0,1,21.0,3.0,3,1,1,1,13.0,6.0,8.0,1.0,148.78,False,True,False,False,True,False,False,False,False,False,True,False,False,False,True,False
4.0,3,11.0,4.0,5,4,3,1,13.0,3.0,3.0,8.0,177.09,True,False,False,False,True,False,False,False,False,False,True,False,False,False,True,False
13.0,1,20.0,4.0,5,4,8,1,15.0,11.0,16.0,3.0,296.23,True,False,False,False,True,False,False,False,False,True,False,False,False,False,True,False
14.0,1,9.0,3.0,5,1,2,1,21.0,1.0,3.0,4.0,148.42,False,True,False,False,True,False,False,False,False,False,False,False,True,False,False,True
14.0,3,9.0,4.0,4,4,7,0,13.0,2.0,2.0,1.0,168.27,False,False,False,False,True,False,False,False,True,False,True,False,False,False,True,False
1.0,3,16.0,3.0,4,1,3,1,15.0,2.0,2.0,3.0,148.23,False,False,False,False,False,False,True,False,False,False,False,False,True,False,False,True
4.0,3,34.0,4.0,4,1,9,0,24.0,3.0,8.0,8.0,178.04,True,False,False,False,False,False,True,False,True,False,True,False,False,False,True,False
1.0,3,25.0,4.0,4,3,2,1,19.0,4.0,4.0,3.0,171.14,False,False,False,False,False,False,True,False,False,False,True,False,False,False,False,False
18.0,1,14.0,3.0,4,1,2,1,15.0,1.0,2.0,11.0,315.49,True,False,False,False,True,False,False,False,False,False,False,False,False,True,True,False
3.0,1,14.0,2.0,3,1,1,0,14.0,1.0,6.0,7.0,125.63999999999999,False,False,False,False,False,False,False,False,False,False,False,True,False,False,False,True
7.0,1,12.0,4.0,5,1,3,0,14.0,1.0,2.0,3.0,154.11,True,False,False,False,False,True,False,False,False,False,False,False,True,False,True,False
7.0,1,14.0,3.0,4,2,2,0,16.0,1.0,1.0,3.0,125.53,False,False,False,False,False,True,False,False,False,False,False,True,False,False,False,True
11.0,3,16.0,3.0,5,4,3,0,15.0,1.0,2.0,4.0,166.89,True,False,False,False,False,False,True,False,True,False,True,False,False,False,True,False
19.0,1,8.0,2.0,3,1,8,1,15.0,1.0,2.0,2.0,293.28,True,False,False,False,True,False,False,False,True,False,False,False,False,True,True,False
8.0,1,12.0,2.0,5,2,2,0,13.0,11.0,11.0,8.0,166.46,True,False,False,False,False,True,False,False,True,False,True,False,False,False,False,True
3.0,1,20.0,3.0,5,4,6,1,14.0,2.0,2.0,4.0,165.25,True,False,False,False,False,False,False,True,True,False,True,False,False,False,True,False
21.0,1,12.0,3.0,4,3,3,0,13.0,0.0,2.0,2.0,142.4,False,True,False,False,False,True,False,False,True,False,True,False,False,False,False,True
1.0,1,13.0,3.0,5,4,3,0,20.0,3.0,5.0,4.0,148.68,False,True,False,False,False,False,False,True,False,False,False,False,True,False,True,False
3.0,1,13.0,2.0,3,3,2,0,13.0,4.0,8.0,9.0,134.91,False,True,False,False,False,True,False,False,True,False,True,False,False,False,True,False
18.0,1,35.0,2.0,3,1,6,0,13.0,1.0,1.0,3.0,134.52,False,True,False,False,False,False,False,False,True,False,False,True,False,False,False,True
12.0,1,15.0,3.0,3,4,21,0,15.0,1.0,1.0,3.0,167.82,False,False,False,False,False,True,False,False,True,False,True,False,False,False,False,True
9.0,1,9.0,3.0,3,1,6,0,22.0,0.0,1.0,0.0,128.35,False,True,False,False,False,True,False,False,False,False,False,True,False,False,True,False
11.0,1,6.0,3.0,4,3,10,1,13.0,0.0,1.0,0.0,153.81,True,False,False,False,False,True,False,False,True,False,False,False,False,False,False,True
21.0,1,8.0,4.0,4,4,2,0,19.0,1.0,2.0,13.0,244.57,False,False,False,False,True,False,False,False,False,False,False,False,False,False,True,False
8.0,1,24.0,3.0,3,3,2,1,14.0,1.0,1.0,2.0,156.89,False,False,False,False,False,True,False,False,True,False,True,False,False,False,True,False
3.0,1,23.0,3.0,3,5,2,1,23.0,1.0,1.0,3.0,219.16000000000003,True,False,False,False,True,False,False,False,False,False,False,False,False,False,True,False
16.0,1,35.0,3.0,5,1,2,0,12.0,1.0,2.0,5.0,170.23,False,False,True,False,False,False,False,False,False,False,True,False,False,False,True,False
17.0,1,16.0,2.0,3,1,3,1,13.0,0.0,1.0,3.0,164.65,True,False,False,False,False,False,False,True,True,False,True,False,False,False,True,False
1.0,3,33.0,3.0,4,1,3,0,24.0,1.0,2.0,5.0,186.8,True,False,False,False,True,False,False,False,False,False,True,False,False,False,False,True
0.0,1,20.0,2.0,4,4,2,1,24.0,1.0,1.0,2.0,137.43,False,True,False,False,False,False,False,True,True,False,False,False,True,False,True,False
14.0,1,23.0,4.0,4,3,11,0,17.0,2.0,2.0,1.0,160.44,False,False,False,False,False,True,False,False,True,False,False,False,True,False,True,False
1.0,3,17.0,4.0,5,2,3,1,12.0,3.0,5.0,5.0,182.69,True,False,False,False,False,False,True,False,False,False,True,False,False,False,False,False
6.0,3,33.0,4.0,4,2,2,0,19.0,2.0,3.0,3.0,169.65,False,False,False,False,False,False,True,False,True,False,True,False,False,False,False,False
20.0,1,7.0,3.0,5,5,4,1,14.0,5.0,2.0,6.0,231.73000000000002,False,False,False,False,True,False,False,False,True,False,False,False,False,False,True,False
14.0,1,9.0,3.0,2,4,3,0,25.0,1.0,4.0,8.0,167.44,False,False,False,False,True,False,False,False,False,False,True,False,False,False,True,False
22.0,1,11.0,3.0,4,2,3,0,12.0,2.0,2.0,9.0,203.98,True,False,False,False,False,True,False,False,True,False,False,False,False,False,False,True
13.0,3,27.0,3.0,4,1,4,0,19.0,2.0,3.0,3.0,166.27,False,False,False,False,False,True,False,False,True,False,True,False,False,False,True,False
3.0,1,14.0,3.0,4,5,5,0,15.0,1.0,2.0,3.0,145.62,False,True,False,False,False,True,False,False,True,False,False,False,True,False,False,True
0.0,3,29.0,2.0,4,3,2,0,21.0,4.0,5.0,8.0,135.4,False,True,False,False,True,False,False,False,False,False,True,False,False,False,True,False
8.0,3,14.0,3.0,3,1,2,0,16.0,1.0,1.0,2.0,125.72,False,True,False,False,False,True,False,False,False,False,False,True,False,False,True,False
29.0,1,27.0,3.0,4,1,5,1,20.0,1.0,2.0,9.0,179.15,True,False,True,False,False,False,False,False,True,False,True,False,False,False,True,False
11.0,1,7.0,3.0,5,5,4,0,15.0,2.0,2.0,3.0,164.2,True,False,False,False,True,False,False,False,False,False,False,False,True,False,False,False
8.0,1,28.0,2.0,5,3,1,0,15.0,2.0,4.0,3.0,142.3,False,True,False,False,False,True,False,False,True,False,False,False,True,False,False,True
24.0,3,7.0,4.0,4,2,5,0,15.0,2.0,2.0,7.0,320.17,True,False,False,False,True,False,False,False,False,False,False,False,False,True,True,False
0.0,1,12.0,3.0,4,1,2,1,18.0,0.0,1.0,0.0,129.26,False,False,False,False,False,True,False,False,False,False,False,True,False,False,False,True
15.0,1,35.0,3.0,3,4,2,0,13.0,5.0,7.0,8.0,144.34,False,True,False,False,False,True,False,False,True,False,True,False,False,False,True,False
26.0,1,9.0,2.0,3,3,4,1,16.0,1.0,1.0,3.0,275.84,True,False,False,False,True,False,False,False,True,True,False,False,False,False,True,False
1.0,1,17.0,4.0,5,5,8,1,21.0,2.0,2.0,1.0,149.04,False,True,False,False,False,True,False,False,False,False,False,False,True,False,False,True
27.0,3,7.0,3.0,4,5,9,0,21.0,5.0,9.0,11.0,208.81,True,False,False,False,True,False,False,False,False,False,True,False,False,False,False,True
10.0,3,23.0,4.0,5,5,6,0,14.0,2.0,2.0,3.0,181.47,True,False,False,False,False,False,True,False,False,False,True,False,False,False,False,False
18.0,1,11.0,2.0,5,5,2,1,14.0,1.0,1.0,4.0,157.69,True,False,False,False,True,False,False,False,False,False,True,False,False,False,False,True
0.0,1,35.0,2.0,4,3,2,0,22.0,2.0,3.0,8.0,145.08,False,False,False,False,True,False,False,False,False,False,True,False,False,False,False,True
4.0,1,31.0,4.0,4,3,3,0,23.0,2.0,2.0,1.0,151.93,True,False,False,False,False,True,False,False,True,False,False,False,True,False,True,False
7.0,1,13.0,2.0,3,4,1,0,11.0,0.0,2.0,3.0,219.94,True,False,False,False,False,True,False,False,False,False,False,False,False,False,False,True
5.0,1,11.0,2.0,1,1,4,0,17.0,1.0,1.0,2.0,133.12,False,True,False,False,False,False,False,True,False,False,False,True,False,False,True,False
1.0,1,24.0,4.0,6,3,3,0,16.0,1.0,2.0,3.0,148.05,False,True,False,False,True,False,False,False,True,False,False,False,True,False,True,False
9.0,1,8.0,3.0,3,5,2,1,12.0,1.0,1.0,0.0,120.74000000000001,False,True,False,False,False,True,False,False,False,False,False,True,False,False,True,False
7.0,1,11.0,2.0,4,1,2,0,14.0,4.0,4.0,13.0,139.86,False,True,False,False,True,False,False,False,True,False,True,False,False,False,True,False
9.0,3,14.0,4.0,4,3,3,0,14.0,2.0,2.0,1.0,149.04,False,True,False,False,False,True,False,False,True,False,False,False,True,False,False,False
5.0,1,17.0,3.0,4,3,6,0,21.0,4.0,2.0,9.0,235.31,False,False,False,False,True,False,False,False,False,False,False,False,False,False,True,False
16.0,2,8.0,3.0,3,1,1,0,13.0,0.0,1.0,8.0,135.39,False,True,False,False,False,True,False,False,True,False,False,True,False,False,False,True
22.0,1,22.0,4.0,4,5,10,0,13.0,7.0,8.0,7.0,148.67,False,True,False,False,False,False,False,True,False,False,False,False,True,False,True,False
4.0,1,7.0,4.0,4,4,3,0,14.0,1.0,2.0,8.0,162.48,True,False,False,False,True,False,False,False,True,False,False,False,True,False,True,False
9.0,3,6.0,3.0,3,3,7,0,13.0,1.0,1.0,0.0,168.15,True,False,False,False,False,True,False,False,False,False,True,False,False,False,False,True
18.0,3,8.0,2.0,5,3,1,0,13.0,0.0,3.0,1.0,166.32,True,False,True,False,False,False,False,False,True,False,True,False,False,False,False,True
16.0,1,9.0,4.0,5,1,5,0,24.0,2.0,2.0,1.0,192.81,True,False,False,False,False,False,False,True,True,False,True,False,False,False,False,True
11.0,1,21.0,3.0,4,2,1,1,14.0,1.0,2.0,3.0,215.10000000000002,True,False,False,False,False,True,False,False,True,False,False,False,False,False,True,False
12.0,3,7.0,3.0,4,4,2,0,16.0,5.0,6.0,9.0,169.4,True,False,False,False,False,True,False,False,True,False,True,False,False,False,True,False
0.0,1,14.0,2.0,3,1,1,1,14.0,1.0,1.0,2.0,123.78999999999999,False,False,False,False,False,True,False,False,False,False,False,True,False,False,False,True
3.0,1,13.0,4.0,4,5,9,1,22.0,2.0,3.0,3.0,149.04,False,True,False,False,True,False,False,False,True,False,False,False,True,False,True,False
9.0,3,16.0,2.0,3,4,2,0,14.0,0.0,2.0,2.0,122.97,False,True,False,False,False,False,True,False,True,False,False,True,False,False,True,False
9.0,2,12.0,2.0,3,3,9,0,17.0,0.0,2.0,2.0,122.66999999999999,False,True,False,False,False,False,False,False,True,False,False,True,False,False,True,False
20.0,3,10.0,2.0,3,1,2,1,17.0,1.0,1.0,7.0,141.63,False,True,False,False,False,True,False,False,False,False,True,False,False,False,False,True
5.0,3,13.0,3.0,4,3,2,0,14.0,3.0,4.0,8.0,154.84,True,False,False,False,False,True,False,False,True,False,True,False,False,False,True,False
1.0,1,16.0,3.0,4,5,3,0,15.0,2.0,2.0,3.0,150.0,True,False,False,False,True,False,False,False,True,False,False,False,True,False,True,False
1.0,1,7.0,4.0,4,1,3,1,14.0,7.0,8.0,9.0,151.86,True,False,False,False,False,False,False,True,True,False,False,False,True,False,False,True
21.0,1,28.0,2.0,3,1,4,0,11.0,1.0,4.0,7.0,271.74,False,False,False,False,True,False,False,False,False,True,False,False,False,False,True,False
16.0,3,32.0,3.0,3,1,2,1,12.0,1.0,4.0,12.0,269.59,False,False,False,False,False,True,False,False,True,True,False,False,False,False,True,False
1.0,1,12.0,3.0,2,3,5,1,15.0,1.0,2.0,4.0,149.32,False,False,False,False,False,True,False,False,False,False,False,False,True,False,False,True
13.0,1,26.0,3.0,3,1,5,0,20.0,3.0,11.0,1.0,203.22,True,False,False,True,False,False,False,False,True,False,False,False,False,False,True,False
16.0,1,10.0,4.0,2,2,4,1,14.0,1.0,2.0,4.0,177.31,True,False,False,False,False,True,False,False,False,False,True,False,False,False,False,False
10.0,1,6.0,2.0,3,1,5,0,17.0,1.0,1.0,2.0,174.91,True,False,True,False,False,False,False,False,False,False,False,False,False,False,False,True
7.0,1,28.0,4.0,2,4,3,0,19.0,1.0,3.0,14.0,145.28,False,True,False,False,True,False,False,False,True,False,False,False,True,False,True,False
1.0,3,17.0,3.0,5,5,11,0,18.0,1.0,7.0,3.0,228.06,True,False,False,False,True,False,False,False,True,False,False,False,False,False,True,False
1.0,1,26.0,4.0,4,1,5,0,12.0,1.0,2.0,3.0,161.69,True,False,False,False,True,False,False,False,True,False,False,False,True,False,True,False
3.0,1,9.0,3.0,5,5,4,1,24.0,1.0,2.0,1.0,161.46,False,False,False,False,False,True,False,False,False,False,False,False,True,False,False,True
0.0,3,22.0,3.0,3,5,6,0,15.0,1.0,1.0,2.0,153.24,True,False,False,False,False,False,True,False,False,False,True,False,False,False,False,True
2.0,3,17.0,4.0,4,4,3,0,23.0,2.0,2.0,1.0,135.52,False,True,False,False,True,False,False,False,True,False,False,False,True,False,False,False
13.0,1,35.0,4.0,5,5,5,0,21.0,1.0,2.0,4.0,167.84,False,False,False,False,False,True,False,False,True,False,True,False,False,False,False,True
24.0,1,14.0,2.0,4,4,6,0,16.0,2.0,4.0,3.0,224.89999999999998,True,False,False,False,False,True,False,False,True,False,False,False,False,False,True,False
1.0,3,7.0,3.0,6,3,3,0,13.0,2.0,2.0,1.0,138.59,False,False,False,False,False,True,False,False,False,False,False,False,True,False,False,True
11.0,1,17.0,3.0,4,5,2,1,14.0,4.0,5.0,4.0,152.82,True,False,False,False,False,True,False,False,False,False,False,False,True,False,True,False
20.0,1,9.0,3.0,4,1,4,0,12.0,1.0,2.0,5.0,198.79,True,False,False,True,False,False,False,False,True,False,True,False,False,False,True,False
15.0,1,14.0,3.0,3,5,4,0,16.0,1.0,1.0,2.0,125.75999999999999,False,True,False,False,False,True,False,False,False,False,False,True,False,False,True,False
0.0,1,9.0,3.0,3,5,2,1,11.0,5.0,9.0,7.0,133.48,False,False,False,False,False,True,False,False,True,False,False,True,False,False,False,True
16.0,1,36.0,3.0,6,1,6,0,20.0,2.0,2.0,1.0,167.72,True,False,False,False,True,False,False,False,True,False,True,False,False,False,False,True
21.0,3,9.0,3.0,2,4,8,0,15.0,1.0,2.0,3.0,284.72,True,False,False,False,False,True,False,False,False,True,False,False,False,False,True,False
13.0,1,8.0,2.0,1,4,2,0,24.0,0.0,3.0,7.0,142.44,False,False,False,False,True,False,False,False,False,False,True,False,False,False,True,False
27.0,1,31.0,3.0,2,1,5,0,16.0,1.0,2.0,3.0,195.05,True,False,False,False,True,False,False,False,True,False,False,False,False,False,True,False
3.0,1,7.0,3.0,3,4,1,1,21.0,3.0,5.0,7.0,135.79,False,True,False,False,True,False,False,False,True,False,False,False,True,False,True,False
6.0,1,9.0,3.0,4,4,2,0,14.0,2.0,2.0,7.0,179.7,True,False,False,False,True,False,False,False,True,False,True,False,False,False,True,False
28.0,1,18.0,3.0,4,1,5,0,21.0,1.0,2.0,13.0,285.32,False,False,False,False,True,False,False,False,False,True,False,False,False,False,True,False
10.0,1,16.0,3.0,5,4,4,1,12.0,2.0,2.0,3.0,213.47,True,False,False,False,True,False,False,False,True,False,True,False,False,False,True,False
10.0,1,10.0,2.0,4,4,6,0,13.0,3.0,8.0,3.0,145.88,False,False,False,False,True,False,False,False,True,False,False,False,True,False,False,True
7.0,3,14.0,3.0,3,5,6,0,17.0,1.0,1.0,2.0,165.0,True,False,False,False,False,True,False,False,False,False,True,False,False,False,False,False
19.0,3,33.0,3.0,5,5,3,0,16.0,1.0,5.0,6.0,168.85,False,False,False,False,False,False,True,False,True,False,True,False,False,False,True,False
17.0,1,30.0,2.0,5,3,3,0,14.0,0.0,1.0,4.0,137.08,False,False,False,False,True,False,False,False,True,False,False,False,True,False,False,True
10.0,1,31.0,3.0,3,3,4,1,15.0,4.0,10.0,7.0,144.49,False,False,False,False,True,False,False,False,False,False,True,False,False,False,True,False
27.0,3,13.0,3.0,4,3,4,1,21.0,1.0,5.0,6.0,148.06,False,True,False,False,False,False,True,False,True,False,True,False,False,False,True,False
22.0,1,7.0,4.0,5,2,8,0,15.0,2.0,2.0,1.0,307.65,True,False,False,False,False,True,False,False,True,False,False,False,False,True,False,True
14.0,1,16.0,3.0,4,3,5,0,12.0,1.0,2.0,8.0,164.75,False,False,False,False,False,False,False,True,True,False,True,False,False,False,True,False
20.0,1,9.0,3.0,4,2,4,0,12.0,2.0,2.0,5.0,198.79,True,False,False,True,False,False,False,False,True,False,True,False,False,False,True,False
23.0,3,6.0,3.0,3,2,4,0,15.0,1.0,1.0,6.0,295.17,True,False,False,False,True,False,False,False,False,False,False,False,False,True,True,False
14.0,1,23.0,3.0,4,1,8,1,16.0,4.0,4.0,4.0,204.45,True,False,False,False,False,True,False,False,False,False,False,False,False,False,False,True
11.0,3,15.0,3.0,4,4,1,0,19.0,0.0,1.0,2.0,128.99,False,True,False,False,False,False,True,False,True,False,False,True,False,False,True,False
25.0,3,8.0,3.0,4,3,2,1,18.0,1.0,15.0,12.0,290.68,False,False,False,False,False,True,False,False,True,False,False,False,False,True,False,True
5.0,3,13.0,3.0,3,1,5,0,12.0,0.0,1.0,3.0,192.04,True,False,False,False,False,False,True,False,True,False,True,False,False,False,True,False
9.0,2,14.0,3.0,1,4,10,0,18.0,0.0,1.0,2.0,121.09,False,True,False,False,False,False,False,False,False,False,False,True,False,False,False,True
8.0,3,17.0,3.0,4,3,3,1,20.0,1.0,2.0,1.0,147.2,False,True,False,False,False,True,False,False,False,False,False,False,True,False,True,False
6.0,1,17.0,3.0,4,3,8,0,14.0,1.0,2.0,4.0,159.33,False,False,False,False,False,True,False,False,True,False,False,False,True,False,True,False
10.0,1,16.0,3.0,3,4,2,0,11.0,4.0,7.0,7.0,139.36,False,True,False,False,True,False,False,False,False,False,False,False,True,False,True,False
23.0,1,28.0,2.0,5,1,2,1,13.0,13.0,2.0,9.0,244.11,False,False,False,False,True,False,False,False,True,True,False,False,False,False,False,True
0.0,3,14.0,2.0,5,3,1,0,16.0,1.0,1.0,0.0,123.50999999999999,False,False,False,False,False,False,True,False,False,False,False,True,False,False,True,False
16.0,1,13.0,2.0,3,5,9,0,16.0,1.0,1.0,0.0,199.85,True,False,False,False,False,True,False,False,False,False,False,False,False,False,True,False
21.0,1,10.0,3.0,4,3,8,0,14.0,1.0,4.0,3.0,209.99,True,False,False,False,False,True,False,False,True,False,False,False,False,False,False,True
11.0,1,17.0,3.0,2,1,3,1,26.0,1.0,7.0,9.0,262.44,True,False,False,False,False,True,False,False,False,False,False,False,False,False,True,False
19.0,1,6.0,2.0,3,2,10,0,15.0,1.0,2.0,2.0,296.27,True,False,False,False,True,False,False,False,True,False,False,False,False,True,True,False
1.0,2,29.0,3.0,6,3,3,0,12.0,1.0,2.0,1.0,140.55,False,True,False,False,False,False,False,True,True,False,False,False,True,False,True,False
13.0,1,19.0,4.0,4,4,6,0,22.0,2.0,2.0,1.0,177.95,True,False,False,False,True,False,False,False,True,False,True,False,False,False,True,False
9.0,3,19.0,2.0,3,3,2,0,11.0,1.0,1.0,6.0,120.96000000000001,False,True,False,False,False,False,False,False,True,False,False,True,False,False,True,False
31.0,1,25.0,4.0,4,1,8,0,13.0,4.0,6.0,3.0,230.12,True,False,False,False,True,False,False,False,True,False,False,False,False,False,False,True
20.0,1,8.0,2.0,3,3,4,0,19.0,1.0,5.0,6.0,271.69,True,False,False,False,True,False,False,False,False,True,False,False,False,False,False,False
4.0,1,14.0,3.0,5,4,3,0,13.0,1.0,2.0,2.0,146.41,False,True,False,False,True,False,False,False,True,False,False,False,True,False,True,False
17.0,2,6.0,2.0,3,1,5,1,18.0,2.0,2.0,2.0,131.95,False,True,False,False,False,True,False,False,False,False,False,True,False,False,True,False
11.0,3,34.0,4.0,2,3,6,1,13.0,2.0,2.0,4.0,188.97,False,False,False,False,False,True,False,False,False,False,True,False,False,False,False,True
26.0,1,19.0,2.0,1,5,2,0,11.0,1.0,1.0,3.0,144.5,False,True,False,False,True,False,False,False,False,False,True,False,False,False,True,False
1.0,1,17.0,4.0,4,3,8,0,12.0,2.0,2.0,3.0,225.48,False,False,False,False,True,False,False,False,True,False,False,False,False,False,True,False
2.0,1,12.0,3.0,3,1,2,0,13.0,0.0,1.0,8.0,131.31,False,True,False,False,False,False,False,False,False,False,False,True,False,False,True,False
21.0,1,14.0,3.0,3,5,9,0,12.0,6.0,7.0,6.0,123.66999999999999,False,True,False,False,False,False,False,True,False,False,False,True,False,False,True,False
8.0,1,23.0,4.0,5,2,3,0,17.0,2.0,2.0,4.0,150.53,False,False,False,False,False,True,False,False,False,False,False,False,True,False,False,True
2.0,3,16.0,4.0,4,2,3,0,17.0,2.0,2.0,8.0,177.53,True,False,False,False,False,True,False,False,True,False,True,False,False,False,False,True
26.0,1,32.0,3.0,5,1,5,0,23.0,1.0,2.0,1.0,263.26,False,False,False,False,True,False,False,False,False,True,False,False,False,False,True,False
0.0,1,8.0,2.0,4,2,1,0,12.0,0.0,1.0,1.0,139.04,False,True,False,False,True,False,False,False,True,False,False,False,True,False,False,True
12.0,1,24.0,2.0,3,3,1,0,11.0,1.0,1.0,7.0,145.34,False,True,False,False,False,True,False,False,True,False,True,False,False,False,False,True
9.0,3,9.0,4.0,6,4,4,1,15.0,2.0,2.0,12.0,313.24,True,False,False,False,False,False,True,False,False,False,False,False,False,True,False,True
31.0,1,10.0,4.0,5,1,5,0,18.0,1.0,2.0,1.0,146.77,False,True,False,False,False,True,False,False,True,False,False,False,True,False,True,False
4.0,1,14.0,4.0,4,5,5,1,15.0,1.0,2.0,4.0,146.66,False,True,False,False,False,True,False,False,True,False,False,False,True,False,False,True
8.0,1,24.0,3.0,3,3,2,1,14.0,0.0,1.0,2.0,156.89,False,False,False,False,False,True,False,False,True,False,True,False,False,False,True,False
0.0,1,34.0,3.0,4,5,4,0,20.0,0.0,1.0,3.0,142.84,False,False,False,False,False,True,False,False,True,False,True,False,False,False,False,True
0.0,3,32.0,3.0,3,1,2,1,11.0,0.0,1.0,8.0,156.17,False,False,False,False,False,False,True,False,True,False,True,False,False,False,True,False
3.0,3,14.0,3.0,3,3,6,0,11.0,4.0,7.0,7.0,172.64,True,False,False,False,False,False,False,True,True,False,False,False,False,False,True,False
9.0,1,10.0,3.0,5,3,3,0,19.0,2.0,2.0,1.0,137.81,False,False,False,False,False,True,False,False,True,False,False,False,True,False,False,False
4.0,1,13.0,2.0,4,3,2,0,24.0,3.0,8.0,9.0,189.43,False,False,False,False,False,True,False,False,False,False,False,False,False,False,False,False
15.0,1,34.0,2.0,4,2,1,0,11.0,0.0,1.0,4.0,145.23,False,False,True,False,False,False,False,False,False,False,True,False,False,False,False,False
1.0,1,14.0,3.0,4,3,3,1,17.0,1.0,2.0,3.0,153.86,False,False,False,False,False,True,False,False,False,False,False,False,True,False,True,False
8.0,3,7.0,4.0,2,2,2,0,12.0,2.0,2.0,3.0,222.25,True,False,False,False,False,False,True,False,True,False,True,False,False,False,True,False
0.0,3,14.0,2.0,3,4,2,0,18.0,0.0,1.0,7.0,162.14,True,False,False,False,False,False,True,False,False,False,True,False,False,False,True,False
17.0,1,35.0,2.0,3,2,2,0,25.0,1.0,1.0,17.0,145.41,False,True,False,False,False,False,False,True,True,False,True,False,False,False,False,True
1.0,3,10.0,2.0,3,3,2,0,15.0,0.0,1.0,4.0,142.21,False,False,False,False,True,False,False,False,True,False,True,False,False,False,True,False
1.0,3,27.0,4.0,6,3,5,1,12.0,2.0,3.0,3.0,170.59,True,False,False,False,False,True,False,False,False,False,True,False,False,False,False,False
4.0,1,25.0,4.0,4,3,3,0,15.0,2.0,2.0,5.0,151.32,True,False,False,False,False,True,False,False,False,False,False,False,True,False,False,True
7.0,1,8.0,3.0,3,2,2,0,11.0,1.0,4.0,11.0,166.87,True,False,True,False,False,False,False,False,False,False,True,False,False,False,False,True
17.0,1,13.0,2.0,4,1,4,0,14.0,0.0,5.0,17.0,202.48,True,False,False,False,True,False,False,False,False,False,False,False,False,False,True,False
10.0,3,9.0,3.0,4,1,5,0,16.0,4.0,7.0,8.0,170.02,True,False,False,False,False,True,False,False,False,False,True,False,False,False,False,True
27.0,3,8.0,2.0,4,3,7,0,11.0,6.0,7.0,0.0,206.86,True,False,False,False,False,True,False,False,False,False,False,False,False,False,True,False
13.0,1,7.0,3.0,4,3,3,1,15.0,1.0,2.0,7.0,316.97,False,False,False,False,False,True,False,False,True,False,False,False,False,True,True,False
6.0,1,6.0,3.0,4,5,4,1,11.0,0.0,1.0,2.0,127.99000000000001,False,True,False,False,False,False,False,True,True,False,False,True,False,False,False,True
12.0,1,6.0,2.0,1,1,1,0,17.0,1.0,3.0,7.0,196.13,True,False,False,False,True,False,False,False,True,False,False,False,False,False,True,False
27.0,3,9.0,4.0,5,1,4,0,17.0,1.0,4.0,8.0,279.27,True,False,False,False,False,True,False,False,False,True,False,False,False,False,True,False
25.0,1,34.0,2.0,1,3,3,1,11.0,0.0,2.0,2.0,232.47000000000003,False,False,False,False,True,False,False,False,False,True,False,False,False,False,False,False
1.0,3,16.0,4.0,4,5,2,1,18.0,1.0,2.0,4.0,207.24,True,False,False,False,False,False,True,False,False,False,True,False,False,False,False,True
22.0,3,14.0,4.0,4,5,6,0,12.0,2.0,3.0,3.0,179.86,True,False,False,False,False,False,True,False,True,False,True,False,False,False,True,False
16.0,1,16.0,2.0,4,3,2,0,11.0,1.0,1.0,0.0,152.57,False,False,False,False,False,True,False,False,False,False,True,False,False,False,True,False
12.0,3,27.0,2.0,4,1,4,1,12.0,0.0,1.0,4.0,161.2,True,False,False,False,False,True,False,False,True,False,True,False,False,False,True,False
6.0,3,9.0,3.0,4,4,2,1,14.0,2.0,2.0,3.0,165.78,True,False,False,False,False,False,True,False,True,False,True,False,False,False,True,False
1.0,3,14.0,3.0,4,4,3,0,14.0,2.0,2.0,1.0,151.79,True,False,False,False,False,False,True,False,True,False,False,False,True,False,False,True
22.0,1,8.0,4.0,5,1,8,0,15.0,2.0,2.0,1.0,307.65,True,False,False,False,False,True,False,False,True,False,False,False,False,True,False,True
0.0,3,6.0,2.0,4,3,6,0,11.0,1.0,11.0,7.0,206.08999999999997,True,False,False,False,False,True,False,False,True,False,False,False,False,False,False,False
9.0,3,16.0,2.0,3,4,2,0,14.0,2.0,2.0,2.0,122.97,False,True,False,False,False,False,True,False,True,False,False,True,False,False,True,False
5.0,1,35.0,3.0,4,4,2,0,13.0,0.0,4.0,1.0,128.37,False,True,False,False,False,True,False,False,False,False,False,True,False,False,False,True
0.0,3,6.0,3.0,3,4,2,1,16.0,0.0,1.0,4.0,132.02,False,True,True,False,False,False,False,False,False,False,False,True,False,False,False,True
15.0,1,8.0,3.0,4,1,4,0,23.0,1.0,1.0,0.0,167.81,True,False,False,False,False,False,False,True,True,False,True,False,False,False,False,True
21.0,1,9.0,3.0,4,3,6,0,25.0,1.0,2.0,1.0,149.79,True,False,True,False,False,False,False,False,True,False,False,False,True,False,False,True
10.0,1,20.0,3.0,3,5,2,0,12.0,3.0,12.0,17.0,130.34,False,True,False,False,False,True,False,False,False,False,False,True,False,False,True,False
23.0,1,17.0,2.0,3,4,4,0,15.0,0.0,4.0,4.0,299.26,True,False,False,False,False,True,False,False,False,False,False,False,False,True,False,True
21.0,1,9.0,3.0,4,3,5,0,15.0,4.0,6.0,7.0,296.69,True,False,False,False,True,False,False,False,False,True,False,False,False,False,False,False
9.0,1,14.0,2.0,1,1,5,0,17.0,0.0,1.0,3.0,125.71000000000001,False,False,False,False,False,False,False,False,True,False,True,False,False,False,True,False
0.0,3,15.0,3.0,5,4,2,0,13.0,1.0,2.0,2.0,127.6,False,True,False,False,False,False,True,False,False,False,False,True,False,False,False,True
21.0,1,9.0,3.0,4,2,3,1,15.0,4.0,4.0,1.0,292.52,True,False,False,False,False,False,False,True,False,True,False,False,False,False,False,False
13.0,1,32.0,3.0,4,1,4,1,13.0,0.0,1.0,0.0,144.22,False,False,False,False,True,False,False,False,False,False,True,False,False,False,True,False
20.0,1,7.0,3.0,4,1,11,0,15.0,2.0,3.0,3.0,321.27,True,False,False,False,True,False,False,False,True,False,False,False,False,True,True,False
1.0,3,7.0,4.0,6,5,2,0,22.0,2.0,2.0,1.0,148.25,False,False,True,False,False,False,False,False,False,False,False,False,True,False,False,True
2.0,1,17.0,3.0,4,3,5,0,14.0,2.0,2.0,8.0,161.6,True,False,False,False,False,False,False,True,False,False,True,False,False,False,False,True
3.0,3,31.0,2.0,3,3,8,1,12.0,2.0,2.0,2.0,147.36,False,False,True,False,False,False,False,False,False,False,True,False,False,False,True,False
31.0,3,10.0,3.0,5,2,7,0,18.0,1.0,2.0,6.0,176.71,True,False,False,False,False,True,False,False,False,False,True,False,False,False,False,True
2.0,1,9.0,4.0,5,4,2,0,18.0,1.0,2.0,5.0,157.01,True,False,False,False,False,True,False,False,True,False,False,False,True,False,True,False
9.0,1,12.0,3.0,1,1,4,0,12.0,0.0,1.0,0.0,130.38,False,True,False,False,False,True,False,False,False,False,False,True,False,False,True,False
22.0,1,24.0,2.0,4,3,2,1,15.0,1.0,1.0,9.0,295.02,True,False,False,False,False,True,False,False,True,False,False,False,False,True,True,False
1.0,1,9.0,4.0,4,1,2,0,15.0,3.0,3.0,2.0,150.23,True,False,True,False,False,False,False,False,True,False,False,False,True,False,True,False
0.0,2,29.0,2.0,3,5,10,1,15.0,1.0,1.0,2.0,199.5,False,False,False,False,False,False,False,True,False,False,False,False,False,False,True,False
1.0,1,17.0,3.0,5,5,3,0,14.0,2.0,2.0,1.0,139.16,False,True,False,False,False,True,False,False,False,False,False,False,True,False,False,True
3.0,3,21.0,3.0,4,5,3,0,11.0,1.0,1.0,7.0,171.4,True,False,False,False,False,False,True,False,True,False,False,False,False,False,True,False
1.0,1,11.0,3.0,4,4,3,0,14.0,1.0,2.0,3.0,157.95,True,False,False,False,True,False,False,False,False,False,False,False,True,False,False,True
27.0,1,14.0,3.0,4,3,5,0,15.0,4.0,5.0,8.0,311.06,True,False,False,False,True,False,False,False,False,False,False,False,False,True,True,False
1.0,1,8.0,4.0,5,5,8,0,14.0,2.0,2.0,8.0,148.62,False,True,True,False,False,False,False,False,True,False,False,False,True,False,False,True
9.0,1,8.0,2.0,4,5,5,0,13.0,0.0,1.0,4.0,121.75999999999999,False,True,False,True,False,False,False,False,True,False,True,False,False,False,False,True
5.0,1,11.0,4.0,2,3,10,0,13.0,3.0,3.0,3.0,164.78,True,False,False,False,True,False,False,False,False,False,False,False,True,False,True,False
30.0,1,9.0,3.0,1,5,5,1,20.0,0.0,1.0,0.0,126.69999999999999,False,True,False,False,False,False,False,False,False,False,False,True,False,False,True,False
11.0,3,22.0,2.0,3,4,3,0,12.0,0.0,1.0,2.0,141.98,False,True,False,False,False,True,False,False,False,False,True,False,False,False,False,True
1.0,3,32.0,2.0,4,5,2,0,11.0,1.0,1.0,4.0,147.24,False,True,False,False,False,True,False,False,True,False,True,False,False,False,False,False
4.0,2,8.0,3.0,4,3,2,0,22.0,1.0,2.0,4.0,145.64,False,True,False,False,False,True,False,False,True,False,False,False,True,False,True,False
19.0,1,32.0,3.0,4,4,5,0,15.0,2.0,2.0,1.0,305.61,False,False,False,False,True,False,False,False,False,False,False,False,False,True,False,True
0.0,1,13.0,3.0,3,3,2,0,18.0,0.0,1.0,1.0,148.83,False,True,False,False,False,True,False,False,True,False,True,False,False,False,True,False
0.0,3,33.0,2.0,3,1,2,0,22.0,0.0,1.0,9.0,176.39,True,False,False,False,False,False,True,False,False,False,False,False,False,False,True,False
1.0,1,14.0,4.0,4,1,3,0,21.0,6.0,6.0,8.0,150.7,False,False,False,False,True,False,False,False,True,False,False,False,True,False,False,True
13.0,1,14.0,3.0,3,1,4,1,18.0,2.0,2.0,2.0,140.69,False,False,False,False,False,True,False,False,True,False,True,False,False,False,True,False
3.0,3,10.0,4.0,4,3,3,0,15.0,1.0,2.0,3.0,180.61,True,False,False,False,True,False,False,False,False,False,True,False,False,False,True,False
11.0,1,10.0,3.0,4,3,3,0,16.0,8.0,8.0,3.0,219.34,True,False,False,False,False,False,False,True,True,False,False,False,False,False,True,False
2.0,3,25.0,3.0,4,3,2,0,14.0,1.0,1.0,4.0,186.2,True,False,False,False,False,True,False,False,True,False,True,False,False,False,True,False
7.0,3,9.0,2.0,5,5,4,0,18.0,2.0,3.0,12.0,147.59,False,True,False,False,False,False,False,True,True,False,True,False,False,False,False,True
18.0,3,19.0,2.0,1,3,7,1,17.0,1.0,2.0,8.0,236.95,True,False,False,False,False,False,True,False,True,True,False,False,False,False,False,True
0.0,3,12.0,3.0,5,3,5,1,18.0,0.0,7.0,7.0,161.72,True,False,False,False,False,True,False,False,True,False,True,False,False,False,True,False
3.0,3,17.0,3.0,5,4,3,1,15.0,2.0,2.0,8.0,207.68,True,False,False,False,False,False,True,False,False,False,True,False,False,False,True,False
27.0,1,20.0,3.0,2,5,3,0,12.0,2.0,2.0,4.0,169.5,True,False,False,False,True,False,False,False,False,False,True,False,False,False,True,False
9.0,3,15.0,4.0,5,2,6,1,12.0,3.0,5.0,3.0,228.77,False,False,False,False,False,False,True,False,False,False,False,False,False,False,False,False
3.0,3,18.0,2.0,3,3,1,0,11.0,3.0,4.0,4.0,165.77,True,False,True,False,False,False,False,False,False,False,True,False,False,False,False,True
3.0,1,35.0,4.0,5,5,3,0,15.0,1.0,2.0,5.0,162.85,True,False,False,False,True,False,False,False,False,False,False,False,True,False,False,True
16.0,3,33.0,4.0,4,4,7,0,15.0,3.0,2.0,9.0,260.25,False,False,False,False,False,False,True,False,False,True,False,False,False,False,False,False
14.0,2,13.0,3.0,4,1,3,1,22.0,1.0,8.0,8.0,289.37,True,False,False,False,True,False,False,False,True,True,False,False,False,False,False,True
15.0,2,16.0,2.0,3,5,1,0,14.0,1.0,1.0,9.0,267.99,True,False,False,False,False,False,False,True,False,True,False,False,False,False,False,False
8.0,1,9.0,4.0,5,3,5,0,13.0,4.0,6.0,8.0,152.68,True,False,False,False,False,True,False,False,True,False,False,False,True,False,True,False
8.0,3,28.0,4.0,3,2,3,0,13.0,6.0,6.0,8.0,178.37,True,False,False,False,False,True,False,False,True,False,True,False,False,False,False,True
10.0,1,9.0,4.0,4,4,6,1,23.0,1.0,2.0,1.0,194.62,True,False,False,False,False,False,False,True,False,False,True,False,False,False,True,False
0.0,3,11.0,2.0,4,3,2,1,11.0,1.0,1.0,3.0,157.44,True,False,False,False,False,False,True,False,True,False,True,False,False,False,False,True
8.0,1,8.0,2.0,3,1,3,0,14.0,1.0,1.0,7.0,157.62,False,False,False,False,True,False,False,False,True,False,True,False,False,False,True,False
10.0,1,12.0,3.0,4,5,6,0,13.0,2.0,2.0,3.0,205.08,True,False,False,False,False,True,False,False,False,False,False,False,False,False,True,False
8.0,1,8.0,3.0,4,1,1,1,14.0,1.0,1.0,4.0,149.3,False,False,False,False,True,False,False,False,True,False,False,False,True,False,False,True
23.0,3,6.0,3.0,3,3,1,0,12.0,0.0,1.0,13.0,163.47,False,False,False,False,False,True,False,False,False,False,True,False,False,False,True,False
1.0,1,22.0,4.0,4,3,3,0,13.0,3.0,3.0,3.0,151.1,False,False,False,False,True,False,False,False,True,False,False,False,True,False,False,False
28.0,2,33.0,2.0,2,1,4,1,15.0,3.0,5.0,5.0,298.28,False,False,False,False,False,False,False,True,False,True,False,False,False,False,False,True
6.0,1,9.0,4.0,4,4,3,0,14.0,1.0,2.0,8.0,148.7,False,True,False,False,True,False,False,False,False,False,False,False,True,False,False,False
13.0,1,16.0,3.0,4,1,4,0,15.0,2.0,2.0,4.0,319.31,False,False,False,False,False,True,False,False,True,False,False,False,False,True,False,True
14.0,3,9.0,4.0,4,3,2,0,15.0,2.0,2.0,13.0,305.41,True,False,False,False,False,True,False,False,False,False,False,False,False,True,True,False
0.0,1,10.0,2.0,1,4,2,1,20.0,0.0,1.0,3.0,161.42,True,False,False,False,False,True,False,False,True,False,True,False,False,False,True,False
23.0,1,32.0,3.0,4,5,3,0,15.0,1.0,2.0,5.0,157.11,True,False,False,False,False,True,False,False,False,False,False,False,True,False,True,False
11.0,1,17.0,4.0,4,4,3,0,12.0,5.0,8.0,8.0,164.36,True,False,False,False,True,False,False,False,False,False,False,False,True,False,True,False
1.0,3,15.0,3.0,4,3,3,0,16.0,2.0,2.0,3.0,212.26,False,False,False,False,False,True,False,False,True,False,False,False,False,False,False,True
10.0,3,17.0,4.0,5,3,3,1,14.0,1.0,2.0,8.0,181.73,True,False,True,False,False,False,False,False,False,False,True,False,False,False,True,False
0.0,1,12.0,3.0,3,5,3,0,11.0,1.0,1.0,3.0,129.6,False,True,False,False,False,False,False,False,True,False,False,True,False,False,False,True
1.0,1,23.0,3.0,6,5,3,1,24.0,4.0,4.0,1.0,148.07,False,False,True,False,False,False,False,False,True,False,False,False,True,False,True,False
19.0,3,8.0,3.0,3,5,9,0,23.0,1.0,15.0,9.0,270.48,True,False,False,False,False,False,True,False,False,True,False,False,False,False,True,False
9.0,1,9.0,2.0,3,1,2,0,11.0,0.0,1.0,0.0,117.06,False,False,False,False,True,False,False,False,True,False,False,False,True,False,True,False
18.0,2,8.0,3.0,4,1,6,1,12.0,2.0,2.0,3.0,182.43,False,False,False,False,False,False,False,True,True,False,True,False,False,False,True,False
12.0,1,30.0,2.0,3,1,8,0,13.0,0.0,1.0,7.0,141.08,False,True,False,False,False,True,False,False,True,False,True,False,False,False,False,True
5.0,1,10.0,4.0,4,3,11,0,13.0,1.0,3.0,3.0,261.75,False,False,False,False,True,False,False,False,True,False,False,False,False,False,True,False
13.0,1,32.0,2.0,3,4,2,0,11.0,0.0,2.0,13.0,156.05,False,False,False,False,True,False,False,False,False,False,True,False,False,False,True,False
15.0,1,26.0,3.0,4,5,4,0,17.0,2.0,2.0,1.0,155.72,True,False,False,False,False,True,False,False,True,False,True,False,False,False,True,False
7.0,1,6.0,2.0,4,4,6,0,17.0,1.0,1.0,2.0,132.94,False,True,False,False,False,True,False,False,False,False,False,True,False,False,False,False
8.0,3,9.0,3.0,4,5,2,1,13.0,2.0,2.0,3.0,170.38,True,False,False,False,False,False,True,False,False,False,True,False,False,False,False,True
9.0,1,6.0,2.0,3,3,1,1,11.0,0.0,1.0,2.0,121.53999999999999,False,False,False,False,False,False,False,False,True,False,False,True,False,False,False,True
7.0,3,6.0,3.0,1,2,1,0,11.0,1.0,1.0,9.0,197.25,True,False,False,False,False,False,True,False,True,False,True,False,False,False,True,False
2.0,1,8.0,3.0,6,1,2,0,12.0,8.0,8.0,6.0,191.74,False,False,False,False,False,True,False,False,False,False,True,False,False,False,True,False
1.0,1,22.0,3.0,4,1,3,0,16.0,2.0,2.0,1.0,153.71,True,False,False,False,True,False,False,False,False,False,False,False,True,False,False,True
24.0,1,12.0,3.0,4,3,1,0,14.0,7.0,7.0,7.0,128.38,False,False,False,False,False,False,False,False,False,False,False,True,False,False,False,True
8.0,1,26.0,3.0,4,4,6,0,14.0,4.0,6.0,11.0,169.44,False,False,False,False,True,False,False,False,False,False,True,False,False,False,True,False
13.0,3,8.0,3.0,3,3,1,0,14.0,1.0,1.0,12.0,280.41,True,False,False,False,False,True,False,False,False,False,False,False,False,True,False,False
1.0,1,31.0,4.0,5,5,3,0,13.0,2.0,2.0,3.0,212.22,False,False,False,True,False,False,False,False,True,False,False,False,False,False,False,True
4.0,3,36.0,4.0,4,5,10,0,20.0,2.0,2.0,4.0,166.15,True,False,False,False,False,True,False,False,True,False,True,False,False,False,True,False
23.0,1,8.0,3.0,3,3,3,1,15.0,7.0,7.0,7.0,292.37,True,False,False,False,True,False,False,False,True,False,False,False,False,True,False,False
24.0,2,10.0,4.0,4,4,3,0,15.0,2.0,11.0,8.0,307.0,False,False,False,False,True,False,False,False,True,False,False,False,False,True,True,False
23.0,1,28.0,2.0,5,1,2,1,13.0,1.0,2.0,9.0,244.11,False,False,False,False,True,False,False,False,True,True,False,False,False,False,False,True
30.0,3,13.0,2.0,1,2,1,1,18.0,0.0,1.0,9.0,152.2,True,False,False,False,False,False,True,False,True,False,True,False,False,False,True,False
19.0,2,31.0,3.0,4,4,3,0,17.0,1.0,2.0,5.0,146.77,False,True,False,False,True,False,False,False,True,False,False,False,True,False,False,True
2.0,3,6.0,2.0,3,1,2,0,14.0,4.0,4.0,1.0,179.18,False,False,False,False,True,False,False,False,False,False,False,False,False,False,True,False
9.0,1,26.0,3.0,3,3,1,0,14.0,1.0,1.0,2.0,122.72,False,True,False,False,False,True,False,False,True,False,True,False,False,False,False,True
9.0,1,9.0,3.0,1,5,7,0,20.0,0.0,1.0,4.0,168.42,True,False,False,False,False,True,False,False,True,False,True,False,False,False,True,False
6.0,3,12.0,3.0,4,4,3,0,15.0,3.0,6.0,4.0,190.24,False,False,False,False,False,True,False,False,True,False,True,False,False,False,True,False
11.0,1,17.0,4.0,4,5,8,0,21.0,2.0,2.0,4.0,159.52,True,False,False,False,True,False,False,False,False,False,False,False,True,False,False,False
27.0,3,9.0,2.0,3,5,3,0,14.0,1.0,1.0,5.0,159.4,True,False,False,False,False,False,True,False,False,False,True,False,False,False,False,False
13.0,3,8.0,3.0,3,4,6,0,12.0,1.0,1.0,0.0,143.27,False,False,False,False,True,False,False,False,True,False,True,False,False,False,False,False
7.0,1,15.0,2.0,3,1,1,0,11.0,0.0,1.0,6.0,185.0,True,False,False,False,False,True,False,False,True,False,False,False,False,False,True,False
9.0,3,19.0,2.0,3,3,2,0,11.0,1.0,1.0,6.0,120.96000000000001,False,True,False,False,False,False,False,False,True,False,False,True,False,False,False,False
17.0,3,22.0,3.0,5,2,5,0,19.0,1.0,3.0,3.0,193.04,False,False,False,False,False,True,False,False,True,False,True,False,False,False,False,False
14.0,1,18.0,4.0,4,3,3,0,12.0,8.0,10.0,5.0,188.23,False,False,True,False,False,False,False,False,False,False,True,False,False,False,True,False
0.0,3,9.0,2.0,4,1,2,1,11.0,3.0,3.0,7.0,203.25,True,False,False,False,False,True,False,False,True,False,False,False,False,False,True,False
4.0,1,7.0,3.0,5,3,3,0,23.0,3.0,6.0,3.0,209.74,False,False,False,False,False,True,False,False,True,False,False,False,False,False,False,True
3.0,3,17.0,3.0,5,3,11,0,12.0,2.0,2.0,5.0,183.69,True,False,False,False,True,False,False,False,True,False,True,False,False,False,False,True
1.0,1,17.0,3.0,2,3,4,0,17.0,1.0,3.0,3.0,145.73,False,True,True,False,False,False,False,False,True,False,False,False,True,False,True,False
10.0,3,12.0,3.0,3,1,5,0,14.0,1.0,1.0,1.0,165.02,True,False,False,False,True,False,False,False,True,False,True,False,False,False,True,False
1.0,1,25.0,3.0,5,1,3,1,14.0,1.0,2.0,2.0,148.89,False,True,False,False,True,False,False,False,True,False,False,False,True,False,False,True
0.0,3,6.0,2.0,5,4,7,0,15.0,0.0,1.0,0.0,167.35,True,False,False,False,False,True,False,False,True,False,True,False,False,False,False,True
19.0,1,6.0,2.0,4,5,3,1,13.0,4.0,9.0,5.0,206.73000000000002,False,False,False,False,True,False,False,False,True,False,False,False,False,False,True,False
11.0,1,16.0,3.0,3,3,1,0,17.0,0.0,1.0,2.0,126.84,False,False,False,False,False,False,False,False,True,False,False,True,False,False,False,False
5.0,1,31.0,2.0,4,1,4,0,21.0,2.0,2.0,5.0,177.38,False,False,True,False,False,False,False,False,False,False,True,False,False,False,False,True
8.0,3,14.0,3.0,3,3,2,0,13.0,0.0,1.0,0.0,124.03999999999999,False,True,False,False,False,True,False,False,True,False,False,True,False,False,True,False
25.0,1,14.0,3.0,3,5,10,0,13.0,1.0,1.0,4.0,129.5,False,True,False,False,False,False,False,True,False,False,False,True,False,False,False,False
15.0,1,12.0,2.0,3,5,10,0,13.0,3.0,2.0,7.0,233.48000000000002,True,False,False,False,True,False,False,False,True,False,False,False,False,False,True,False
12.0,1,5.0,2.0,4,2,2,0,15.0,9.0,13.0,3.0,292.72,False,False,False,False,True,False,False,False,True,False,False,False,False,True,False,False
5.0,1,9.0,3.0,4,2,2,1,19.0,2.0,3.0,3.0,151.95,True,False,False,False,False,True,False,False,True,False,False,False,True,False,True,False
0.0,1,32.0,3.0,4,3,2,1,14.0,0.0,1.0,3.0,128.14,False,False,False,False,False,False,False,True,False,False,False,True,False,False,True,False
1.0,3,18.0,3.0,3,3,10,0,13.0,2.0,2.0,3.0,172.07,False,False,False,False,False,False,False,True,True,False,True,False,False,False,False,False
13.0,3,6.0,2.0,5,1,3,1,22.0,1.0,1.0,2.0,174.57,True,False,False,False,True,False,False,False,True,False,True,False,False,False,True,False
5.0,1,16.0,2.0,3,3,7,0,13.0,0.0,1.0,3.0,134.33,False,False,False,False,False,True,False,False,True,False,False,True,False,False,True,False
9.0,1,17.0,3.0,3,5,1,0,14.0,1.0,1.0,4.0,120.99000000000001,False,True,False,False,False,True,False,False,True,False,False,True,False,False,False,False
8.0,1,17.0,2.0,3,3,8,1,11.0,2.0,2.0,2.0,126.6,False,True,False,False,False,False,False,False,True,False,False,True,False,False,True,False
25.0,3,16.0,3.0,4,4,6,1,25.0,3.0,12.0,11.0,323.47,False,False,False,False,False,True,False,False,True,False,False,False,False,True,True,False
24.0,3,8.0,2.0,3,4,3,0,11.0,0.0,3.0,2.0,205.96,False,False,False,False,False,False,True,False,True,False,False,False,False,False,False,False
1.0,3,16.0,3.0,4,2,3,0,25.0,1.0,3.0,3.0,151.1,False,False,False,False,True,False,False,False,True,False,False,False,True,False,False,True
2.0,1,15.0,4.0,4,2,3,0,22.0,1.0,2.0,3.0,158.1,True,False,False,False,False,True,False,False,False,False,False,False,True,False,False,True
12.0,3,8.0,2.0,1,3,1,0,18.0,1.0,1.0,7.0,178.8,True,False,False,False,False,True,False,False,True,False,False,False,False,False,False,True
1.0,1,10.0,3.0,5,3,3,0,13.0,1.0,2.0,3.0,155.33,True,False,False,False,False,True,False,False,True,False,False,False,True,False,False,True
9.0,1,27.0,3.0,3,2,8,0,20.0,0.0,1.0,2.0,122.58000000000001,False,False,False,False,False,False,False,False,True,False,False,True,False,False,False,False
9.0,1,21.0,3.0,5,2,1,1,18.0,1.0,1.0,3.0,121.68,False,True,False,False,False,True,False,False,False,False,False,True,False,False,False,False
5.0,3,27.0,3.0,4,3,3,0,14.0,2.0,2.0,1.0,194.32,False,False,False,False,False,False,True,False,False,False,True,False,False,False,True,False
11.0,1,16.0,3.0,3,3,4,0,19.0,0.0,1.0,0.0,198.24,True,False,False,False,True,False,False,False,False,False,True,False,False,False,True,False
6.0,1,16.0,4.0,4,1,3,1,13.0,2.0,2.0,6.0,188.22,True,False,False,False,False,True,False,False,False,False,True,False,False,False,True,False
1.0,1,8.0,3.0,4,4,1,0,17.0,0.0,1.0,4.0,132.01,False,True,False,False,False,True,False,False,True,False,False,True,False,False,True,False
9.0,3,27.0,2.0,4,4,2,1,13.0,1.0,1.0,0.0,121.21000000000001,False,True,False,False,False,False,False,True,True,False,False,True,False,False,False,True
16.0,1,16.0,4.0,5,1,10,0,15.0,2.0,2.0,2.0,321.13,True,False,False,False,False,False,False,True,True,False,False,False,False,True,False,True
12.0,1,9.0,4.0,5,4,6,0,15.0,1.0,2.0,6.0,149.68,False,False,False,False,True,False,False,False,False,False,False,False,True,False,True,False
27.0,1,8.0,2.0,3,3,10,0,12.0,0.0,2.0,3.0,235.49,True,False,False,True,False,False,False,False,False,False,False,False,False,False,True,False
0.0,3,34.0,2.0,4,3,3,0,18.0,1.0,2.0,2.0,186.39,True,False,False,False,False,True,False,False,True,False,True,False,False,False,True,False
0.0,1,13.0,3.0,4,1,2,0,11.0,0.0,2.0,1.0,128.89,False,True,False,False,False,False,False,False,True,False,False,True,False,False,True,False
1.0,1,12.0,3.0,3,4,3,1,17.0,1.0,3.0,3.0,148.28,False,True,False,False,False,True,False,False,True,False,False,False,True,False,True,False
25.0,3,21.0,3.0,4,1,6,0,12.0,2.0,2.0,8.0,174.36,True,False,False,False,False,True,False,False,False,False,True,False,False,False,True,False
20.0,1,20.0,3.0,3,4,9,0,18.0,0.0,1.0,7.0,154.67,False,False,True,False,False,False,False,False,True,False,True,False,False,False,True,False
9.0,1,29.0,3.0,6,3,2,0,16.0,2.0,5.0,4.0,167.3,True,False,False,False,False,True,False,False,True,False,False,False,True,False,False,True
20.0,1,31.0,2.0,3,3,3,0,23.0,1.0,12.0,11.0,186.33,True,False,False,False,True,False,False,False,True,False,False,False,False,False,False,True
19.0,3,16.0,4.0,5,3,3,0,14.0,1.0,5.0,13.0,180.93,False,False,False,False,False,True,False,False,False,False,True,False,False,False,False,False
15.0,1,8.0,2.0,3,3,1,1,13.0,1.0,2.0,10.0,278.61,False,False,False,False,False,True,False,False,True,True,False,False,False,False,True,False
14.0,3,8.0,3.0,3,5,8,0,16.0,1.0,11.0,8.0,265.95,True,False,False,False,False,True,False,False,False,True,False,False,False,False,False,False
27.0,3,9.0,3.0,5,4,4,0,13.0,6.0,7.0,13.0,200.25,False,False,False,False,False,False,True,False,False,False,False,False,False,False,True,False
24.0,1,11.0,4.0,4,4,5,0,15.0,2.0,2.0,7.0,316.44,True,False,False,False,False,True,False,False,True,False,False,False,False,True,True,False
1.0,3,19.0,4.0,5,5,3,0,19.0,2.0,2.0,1.0,145.33,False,False,False,False,False,True,False,False,True,False,False,False,True,False,True,False
14.0,3,9.0,2.0,4,4,3,0,11.0,0.0,1.0,4.0,189.38,True,False,False,False,False,True,False,False,True,False,True,False,False,False,True,False
31.0,1,22.0,3.0,4,3,4,1,15.0,1.0,3.0,3.0,282.87,False,False,False,False,False,True,False,False,True,True,False,False,False,False,True,False
23.0,1,14.0,3.0,3,2,5,0,18.0,1.0,1.0,0.0,123.80000000000001,False,True,False,False,False,True,False,False,True,False,False,True,False,False,False,False
10.0,3,17.0,4.0,4,4,7,0,22.0,2.0,2.0,8.0,198.14,True,False,False,False,False,True,False,False,False,False,False,False,False,False,True,False
1.0,1,31.0,3.0,4,4,10,0,23.0,1.0,2.0,3.0,160.97,True,False,False,False,True,False,False,False,True,False,False,False,True,False,False,True
14.0,1,11.0,2.0,1,4,4,0,12.0,1.0,1.0,2.0,168.7,True,False,False,False,False,True,False,False,True,False,True,False,False,False,False,True
15.0,1,18.0,3.0,3,4,9,0,22.0,1.0,1.0,4.0,127.66,False,True,False,False,False,False,False,False,True,False,False,True,False,False,True,False
9.0,2,8.0,3.0,4,1,2,0,21.0,1.0,1.0,8.0,138.86,False,False,False,False,False,False,False,True,True,False,True,False,False,False,False,True
0.0,1,22.0,3.0,3,4,10,0,14.0,2.0,2.0,2.0,128.11,False,True,True,False,False,False,False,False,False,False,False,True,False,False,True,False
1.0,1,15.0,3.0,2,3,9,0,18.0,1.0,2.0,3.0,160.17,True,False,False,False,True,False,False,False,False,False,False,False,True,False,True,False
1.0,3,27.0,3.0,4,3,3,0,15.0,2.0,2.0,3.0,224.81,False,False,False,False,False,True,False,False,False,False,True,False,False,False,False,True
8.0,1,27.0,3.0,2,3,2,0,18.0,2.0,2.0,1.0,150.85,True,False,True,False,False,False,False,False,False,False,False,False,True,False,False,False
13.0,1,7.0,4.0,4,1,3,1,16.0,4.0,6.0,9.0,189.72,False,False,False,False,False,True,False,False,True,False,True,False,False,False,True,False
0.0,1,14.0,3.0,3,3,2,0,19.0,1.0,1.0,0.0,123.18,False,True,False,False,False,True,False,False,False,False,False,True,False,False,False,True
1.0,3,15.0,3.0,4,1,2,0,20.0,2.0,2.0,2.0,168.42,False,False,False,False,False,False,True,False,True,False,True,False,False,False,True,False
23.0,1,17.0,3.0,4,5,11,1,15.0,1.0,2.0,3.0,311.65,False,False,False,False,False,True,False,False,False,False,False,False,False,True,False,True
13.0,1,14.0,3.0,3,3,3,0,14.0,0.0,1.0,2.0,123.44999999999999,False,True,False,False,False,False,False,False,True,False,False,True,False,False,True,False
10.0,1,9.0,2.0,3,4,4,0,15.0,1.0,1.0,1.0,141.07,False,True,False,False,False,False,False,True,False,False,True,False,False,False,False,True
23.0,1,27.0,4.0,4,5,3,0,15.0,6.0,6.0,12.0,190.67,True,False,False,False,True,False,False,False,False,False,True,False,False,False,True,False
21.0,3,13.0,3.0,3,5,5,0,11.0,1.0,2.0,2.0,154.86,True,False,False,False,False,False,True,False,True,False,True,False,False,False,True,False
23.0,1,25.0,4.0,4,2,3,1,16.0,1.0,2.0,8.0,193.04,False,False,False,False,False,True,False,False,True,False,True,False,False,False,True,False
26.0,1,29.0,3.0,3,2,7,0,18.0,2.0,2.0,8.0,242.75,True,False,False,False,False,True,False,False,False,True,False,False,False,False,False,True
7.0,3,19.0,2.0,3,3,2,0,18.0,0.0,1.0,1.0,186.28,True,False,False,False,True,False,False,False,True,False,False,False,False,False,True,False
1.0,1,18.0,3.0,4,4,3,0,14.0,2.0,2.0,3.0,147.44,False,True,False,False,True,False,False,False,False,False,False,False,True,False,False,False
10.0,3,9.0,4.0,5,3,3,0,14.0,10.0,10.0,1.0,200.96,True,False,False,False,True,False,False,False,True,False,False,False,False,False,False,False
11.0,1,18.0,3.0,4,1,3,1,15.0,2.0,2.0,8.0,246.85000000000002,False,False,False,False,False,False,False,True,True,False,False,False,False,False,True,False
0.0,1,8.0,2.0,3,1,2,1,13.0,0.0,1.0,3.0,137.6,False,False,True,False,False,False,False,False,False,False,False,False,True,False,False,True
1.0,2,24.0,3.0,4,3,2,1,12.0,1.0,2.0,1.0,152.41,False,False,False,False,False,True,False,False,False,False,False,False,True,False,True,False
5.0,1,7.0,4.0,4,5,3,0,13.0,2.0,2.0,4.0,166.48,False,False,False,False,False,True,False,False,False,False,True,False,False,False,True,False
13.0,1,20.0,2.0,4,3,2,0,15.0,4.0,4.0,9.0,296.26,True,False,False,False,True,False,False,False,True,False,False,False,False,True,False,True
5.0,1,9.0,3.0,3,5,2,0,12.0,1.0,6.0,3.0,167.25,True,False,False,False,True,False,False,False,False,False,True,False,False,False,True,False
1.0,1,10.0,4.0,4,5,3,1,12.0,6.0,10.0,8.0,158.48,False,False,False,False,False,True,False,False,True,False,False,False,True,False,False,True
12.0,3,10.0,4.0,4,3,2,0,13.0,2.0,6.0,3.0,231.08999999999997,True,False,False,False,False,True,False,False,True,False,False,False,False,False,True,False
8.0,1,9.0,4.0,5,3,5,0,13.0,6.0,6.0,8.0,152.68,True,False,False,False,False,True,False,False,True,False,False,False,True,False,True,False
28.0,1,14.0,4.0,4,1,6,0,16.0,2.0,2.0,8.0,193.54,True,False,False,False,True,False,False,False,False,False,True,False,False,False,True,False
17.0,1,13.0,2.0,3,1,1,1,14.0,1.0,1.0,10.0,290.49,True,False,False,False,True,False,False,False,False,False,False,False,False,True,True,False
15.0,1,18.0,3.0,3,4,9,0,22.0,1.0,1.0,4.0,127.66,False,True,False,False,False,False,False,False,True,False,False,True,False,False,True,False
6.0,1,14.0,2.0,4,3,10,1,16.0,1.0,1.0,0.0,124.37,False,False,True,False,False,False,False,False,True,False,False,True,False,False,True,False
19.0,1,35.0,3.0,5,4,3,0,15.0,7.0,9.0,7.0,292.04,True,False,False,True,False,False,False,False,False,True,False,False,False,False,False,True
10.0,1,34.0,4.0,4,3,8,0,14.0,1.0,8.0,8.0,177.37,True,False,False,False,True,False,False,False,True,False,True,False,False,False,True,False
10.0,3,18.0,4.0,5,1,6,0,14.0,2.0,2.0,1.0,191.52,True,False,False,False,False,False,True,False,False,False,True,False,False,False,True,False
9.0,1,8.0,2.0,3,5,7,1,14.0,0.0,1.0,2.0,120.41999999999999,False,False,False,False,False,True,False,False,True,False,False,True,False,False,True,False
27.0,1,14.0,3.0,3,3,5,0,20.0,1.0,2.0,4.0,273.14,True,False,False,False,False,True,False,False,True,True,False,False,False,False,False,False
1.0,2,9.0,3.0,5,2,3,0,13.0,2.0,2.0,1.0,150.64,True,False,True,False,False,False,False,False,True,False,False,False,True,False,False,True
13.0,3,31.0,3.0,5,1,2,0,12.0,2.0,2.0,7.0,245.31,True,False,False,False,False,False,True,False,False,True,False,False,False,False,True,False
6.0,3,28.0,3.0,3,4,1,0,13.0,0.0,1.0,7.0,161.46,False,False,False,False,False,False,True,False,True,False,True,False,False,False,True,False
14.0,1,15.0,4.0,4,1,5,1,19.0,2.0,3.0,3.0,165.69,False,False,False,False,False,True,False,False,True,False,True,False,False,False,True,False
1.0,3,17.0,4.0,5,3,3,0,13.0,1.0,2.0,1.0,137.0,False,True,False,False,True,False,False,False,False,False,False,False,True,False,False,True
3.0,1,14.0,4.0,5,1,8,0,15.0,2.0,2.0,4.0,150.32,True,False,False,False,True,False,False,False,False,False,False,False,True,False,True,False
15.0,1,12.0,3.0,2,4,5,0,13.0,2.0,2.0,3.0,193.7,True,False,False,False,False,True,False,False,True,False,True,False,False,False,False,True
10.0,1,6.0,3.0,3,4,7,0,12.0,4.0,4.0,3.0,164.47,True,False,False,False,False,True,False,False,False,False,True,False,False,False,True,False
7.0,3,9.0,4.0,4,4,10,0,16.0,2.0,2.0,8.0,176.47,False,False,False,False,False,False,True,False,False,False,True,False,False,False,False,True
7.0,1,9.0,3.0,3,4,2,0,12.0,1.0,7.0,9.0,154.33,True,False,False,False,False,True,False,False,False,False,True,False,False,False,True,False
3.0,3,9.0,4.0,5,4,4,0,20.0,1.0,2.0,1.0,191.44,True,False,False,False,True,False,False,False,True,False,True,False,False,False,False,False
22.0,1,11.0,3.0,4,1,3,0,12.0,2.0,2.0,9.0,203.98,True,False,False,False,False,True,False,False,True,False,False,False,False,False,False,True
1.0,1,11.0,3.0,5,2,2,0,18.0,1.0,4.0,5.0,156.62,False,False,False,False,False,True,False,False,True,False,False,False,True,False,False,False
8.0,1,9.0,4.0,4,2,3,0,12.0,2.0,5.0,12.0,191.87,True,False,True,False,False,False,False,False,False,False,True,False,False,False,False,True
5.0,1,11.0,2.0,4,1,9,0,24.0,0.0,1.0,0.0,196.79,True,False,False,False,False,True,False,False,True,False,True,False,False,False,False,True
3.0,1,6.0,3.0,3,4,1,1,21.0,1.0,5.0,7.0,135.79,False,True,False,False,True,False,False,False,True,False,False,False,True,False,False,False
11.0,3,13.0,2.0,1,5,2,1,24.0,4.0,7.0,7.0,156.05,True,False,False,False,True,False,False,False,False,False,True,False,False,False,True,False
0.0,3,18.0,2.0,3,1,4,1,24.0,5.0,6.0,7.0,145.81,False,False,False,False,False,False,False,True,True,False,True,False,False,False,False,True
9.0,1,7.0,3.0,5,3,8,0,13.0,2.0,2.0,8.0,147.58,False,True,False,False,True,False,False,False,True,False,False,False,True,False,False,False
1.0,3,18.0,4.0,2,2,10,0,15.0,2.0,2.0,1.0,150.34,True,False,False,False,True,False,False,False,False,False,False,False,True,False,False,False
0.0,1,14.0,3.0,3,4,2,1,23.0,1.0,1.0,0.0,124.72,False,True,False,False,False,True,False,False,True,False,False,True,False,False,False,True
27.0,1,10.0,3.0,4,3,5,1,15.0,1.0,2.0,4.0,300.84,True,False,False,False,True,False,False,False,True,True,False,False,False,False,False,False
3.0,1,15.0,3.0,6,5,5,0,14.0,1.0,2.0,3.0,222.15,True,False,False,False,False,False,False,True,False,False,True,False,False,False,True,False
8.0,3,6.0,3.0,3,3,2,0,16.0,0.0,1.0,3.0,148.59,False,True,False,False,True,False,False,False,False,False,True,False,False,False,False,True
0.0,1,23.0,2.0,4,3,2,0,15.0,0.0,3.0,2.0,143.77,False,True,False,False,True,False,False,False,False,False,True,False,False,False,True,False
1.0,3,35.0,3.0,5,3,4,0,19.0,2.0,3.0,3.0,211.39,True,False,False,False,False,True,False,False,True,False,True,False,False,False,True,False
25.0,1,9.0,2.0,4,3,3,1,14.0,1.0,1.0,4.0,179.69,True,False,False,False,True,False,False,False,True,False,False,False,False,False,True,False
4.0,1,10.0,3.0,1,3,9,0,12.0,1.0,2.0,2.0,139.78,False,True,False,False,True,False,False,False,False,False,False,False,True,False,True,False
0.0,1,11.0,3.0,3,2,2,0,15.0,1.0,1.0,0.0,110.50999999999999,False,False,False,False,False,True,False,False,True,False,False,False,True,False,False,True
16.0,3,30.0,3.0,3,5,7,1,13.0,2.0,2.0,2.0,204.48,True,False,False,False,False,True,False,False,True,False,False,False,False,False,False,True
3.0,1,22.0,3.0,3,1,2,0,12.0,0.0,1.0,8.0,128.62,False,True,False,False,False,True,False,False,True,False,False,True,False,False,True,False
0.0,1,6.0,3.0,3,1,2,1,13.0,6.0,7.0,8.0,126.86000000000001,False,True,False,False,False,False,False,True,True,False,False,True,False,False,False,True
26.0,1,14.0,2.0,3,2,3,0,17.0,1.0,2.0,2.0,124.5,False,True,False,False,False,True,False,False,True,False,True,False,False,False,False,True
7.0,3,34.0,3.0,4,3,2,0,21.0,1.0,1.0,7.0,167.12,True,False,False,False,False,False,True,False,False,False,True,False,False,False,True,False
9.0,1,8.0,3.0,3,4,5,1,22.0,0.0,1.0,0.0,169.62,True,False,False,False,False,False,False,True,False,False,True,False,False,False,True,False
11.0,1,35.0,2.0,3,1,4,0,18.0,0.0,1.0,7.0,162.61,True,False,True,False,False,False,False,False,True,False,True,False,False,False,True,False
27.0,1,20.0,3.0,3,5,3,0,12.0,2.0,2.0,4.0,169.5,True,False,False,False,True,False,False,False,False,False,True,False,False,False,True,False
15.0,1,9.0,4.0,5,3,4,1,18.0,1.0,2.0,8.0,193.11,False,False,False,False,False,False,False,True,False,False,True,False,False,False,False,True
1.0,1,30.0,3.0,5,3,5,1,14.0,2.0,2.0,2.0,184.16,True,False,False,False,False,True,False,False,True,False,True,False,False,False,True,False
18.0,1,9.0,4.0,2,1,3,1,20.0,2.0,7.0,8.0,203.79,True,False,False,False,False,True,False,False,False,False,False,False,False,False,True,False
12.0,1,10.0,3.0,4,3,5,0,17.0,3.0,3.0,3.0,153.21,False,False,False,False,False,False,False,True,True,False,False,False,True,False,False,False
14.0,3,16.0,3.0,4,5,2,0,13.0,3.0,8.0,2.0,179.73,True,False,False,False,True,False,False,False,True,False,True,False,False,False,True,False
13.0,1,15.0,2.0,3,4,9,1,14.0,0.0,1.0,0.0,136.17,False,False,False,False,True,False,False,False,True,False,False,False,True,False,True,False
0.0,2,24.0,3.0,1,5,1,0,17.0,1.0,1.0,0.0,129.56,False,True,False,False,False,False,False,True,True,False,False,True,False,False,True,False
8.0,1,9.0,3.0,5,5,3,0,12.0,2.0,2.0,4.0,168.81,True,False,False,False,True,False,False,False,False,False,False,False,True,False,False,True
1.0,1,14.0,3.0,4,3,5,1,14.0,2.0,8.0,8.0,158.39,True,False,True,False,False,False,False,False,False,False,False,False,True,False,True,False
15.0,3,6.0,1.0,3,3,2,0,25.0,6.0,11.0,6.0,149.07,False,True,False,False,False,True,False,False,True,False,True,False,False,False,True,False
27.0,1,15.0,3.0,3,3,4,0,11.0,1.0,2.0,3.0,128.97,False,True,False,False,False,True,False,False,False,False,True,False,False,False,True,False
1.0,1,31.0,4.0,6,1,3,1,19.0,1.0,2.0,1.0,148.4,False,True,True,False,False,False,False,False,True,False,False,False,True,False,False,True
19.0,1,9.0,3.0,5,1,3,0,20.0,4.0,4.0,10.0,182.7,True,False,False,False,False,False,False,True,False,False,True,False,False,False,True,False
7.0,1,15.0,2.0,4,4,2,0,14.0,4.0,7.0,7.0,186.21,True,False,False,False,True,False,False,False,False,False,False,False,False,False,False,True
1.0,1,10.0,3.0,4,1,3,0,22.0,2.0,2.0,1.0,145.61,False,True,False,False,False,True,False,False,False,False,False,False,True,False,True,False
12.0,3,9.0,4.0,6,1,4,1,21.0,1.0,2.0,4.0,179.05,True,False,False,False,False,False,True,False,False,False,True,False,False,False,True,False
1.0,1,18.0,4.0,5,5,3,1,16.0,1.0,2.0,1.0,151.0,True,False,False,False,True,False,False,False,False,False,False,False,True,False,False,True
0.0,1,14.0,2.0,4,3,2,1,14.0,0.0,1.0,7.0,123.66,False,False,False,False,False,False,False,False,False,False,False,True,False,False,False,False
0.0,1,6.0,3.0,4,3,2,1,13.0,0.0,1.0,0.0,129.33,False,True,False,False,False,True,False,False,False,False,False,True,False,False,True,False
8.0,1,16.0,3.0,4,1,2,0,12.0,1.0,2.0,3.0,210.0,True,False,False,False,False,True,False,False,True,False,False,False,False,False,True,False
24.0,1,8.0,2.0,5,4,6,0,18.0,0.0,1.0,2.0,154.82,True,False,False,False,True,False,False,False,True,False,True,False,False,False,True,False
14.0,1,7.0,4.0,5,4,3,0,23.0,6.0,2.0,12.0,260.03,False,False,False,False,False,True,False,False,True,True,False,False,False,False,True,False
12.0,1,6.0,2.0,3,3,2,1,14.0,0.0,1.0,6.0,291.97,False,False,False,False,False,True,False,False,True,False,False,False,False,True,True,False
18.0,1,27.0,3.0,4,4,3,0,14.0,2.0,2.0,4.0,159.2,True,False,False,False,False,True,False,False,True,False,False,False,True,False,False,True
10.0,2,15.0,4.0,5,5,2,0,22.0,1.0,2.0,4.0,148.42,False,True,False,False,False,True,False,False,True,False,False,False,True,False,True,False
9.0,1,14.0,4.0,5,1,3,0,19.0,2.0,2.0,2.0,151.9,True,False,False,False,False,True,False,False,True,False,False,False,True,False,True,False
17.0,1,14.0,3.0,3,5,2,1,13.0,5.0,7.0,1.0,125.59,False,True,False,False,False,True,False,False,True,False,False,True,False,False,True,False
17.0,1,11.0,2.0,4,3,4,0,14.0,0.0,1.0,3.0,131.62,False,False,False,False,False,True,False,False,True,False,False,True,False,False,False,True
14.0,1,22.0,4.0,5,3,3,0,14.0,7.0,15.0,3.0,229.35,True,False,False,False,False,True,False,False,False,False,False,False,False,False,True,False
31.0,1,7.0,3.0,6,3,4,1,14.0,2.0,2.0,3.0,181.6,False,False,False,False,False,True,False,False,True,False,True,False,False,False,True,False
1.0,1,29.0,3.0,4,3,6,1,12.0,1.0,2.0,2.0,146.32,False,True,False,False,False,True,False,False,False,False,False,False,True,False,False,False
30.0,3,35.0,2.0,4,1,4,0,12.0,1.0,2.0,0.0,241.18,True,False,False,False,False,False,True,False,True,True,False,False,False,False,True,False
16.0,1,6.0,2.0,3,2,5,0,13.0,1.0,2.0,2.0,155.62,False,False,False,False,False,True,False,False,False,False,True,False,False,False,False,False
10.0,1,27.0,3.0,1,5,2,1,12.0,1.0,1.0,7.0,135.64,False,True,False,False,False,True,False,False,True,False,False,False,True,False,True,False
23.0,2,9.0,2.0,3,4,2,0,11.0,1.0,10.0,7.0,282.0,False,False,False,False,True,False,False,False,True,False,False,False,False,True,False,False
14.0,1,23.0,3.0,5,3,8,0,15.0,2.0,2.0,1.0,175.94,False,False,False,False,True,False,False,False,True,False,True,False,False,False,False,True
7.0,1,15.0,2.0,3,2,1,0,11.0,1.0,1.0,6.0,185.0,True,False,False,False,False,True,False,False,True,False,False,False,False,False,True,False
6.0,1,9.0,3.0,4,3,6,1,15.0,2.0,2.0,8.0,174.98,False,False,False,False,False,True,False,False,False,False,True,False,False,False,False,True
9.0,1,18.0,3.0,3,3,10,1,12.0,0.0,1.0,1.0,146.63,False,True,False,False,False,True,False,False,False,False,True,False,False,False,True,False
3.0,1,15.0,3.0,6,5,5,0,14.0,2.0,2.0,3.0,222.15,True,False,False,False,False,False,False,True,False,False,True,False,False,False,True,False
4.0,1,13.0,2.0,3,5,2,0,12.0,3.0,3.0,12.0,143.06,False,True,False,False,True,False,False,False,False,False,True,False,False,False,True,False
1.0,3,12.0,3.0,4,3,3,1,14.0,1.0,2.0,1.0,153.51,True,False,False,False,False,False,True,False,False,False,False,False,True,False,False,True
15.0,3,9.0,3.0,4,4,3,0,20.0,1.0,2.0,5.0,285.15,True,False,False,False,False,True,False,False,True,True,False,False,False,False,False,True
0.0,1,6.0,3.0,3,5,2,0,11.0,1.0,1.0,7.0,174.12,True,False,False,False,False,True,False,False,False,False,False,False,False,False,False,False
1.0,1,7.0,4.0,4,2,3,0,16.0,2.0,2.0,1.0,141.11,False,False,False,False,False,True,False,False,False,False,False,False,True,False,False,True
0.0,1,6.0,3.0,3,3,1,0,12.0,1.0,1.0,2.0,148.98,False,True,False,False,False,True,False,False,False,False,True,False,False,False,False,False
5.0,1,25.0,3.0,2,3,7,1,12.0,2.0,2.0,2.0,127.59,False,False,False,False,False,False,False,False,True,False,False,True,False,False,True,False
9.0,3,6.0,2.0,3,4,2,1,11.0,1.0,2.0,2.0,123.02000000000001,False,False,False,False,False,True,False,False,False,False,False,True,False,False,False,True
13.0,1,17.0,3.0,3,3,2,0,11.0,2.0,9.0,4.0,163.23,False,False,True,False,False,False,False,False,False,False,True,False,False,False,True,False
3.0,1,7.0,3.0,3,4,2,0,13.0,1.0,1.0,7.0,137.48,False,True,False,False,True,False,False,False,True,False,False,False,True,False,True,False
16.0,1,12.0,2.0,4,1,5,1,14.0,1.0,1.0,0.0,266.27,True,False,False,False,False,False,False,True,True,True,False,False,False,False,True,False
0.0,3,11.0,2.0,4,3,2,1,11.0,0.0,1.0,3.0,157.44,True,False,False,False,False,False,True,False,True,False,True,False,False,False,False,True
14.0,3,11.0,4.0,5,2,9,0,12.0,3.0,2.0,12.0,233.55,True,False,False,False,False,False,True,False,True,False,False,False,False,False,False,False
4.0,3,22.0,4.0,5,5,4,0,12.0,1.0,2.0,8.0,196.4,True,False,False,False,False,False,True,False,True,False,False,False,False,False,True,False
26.0,3,8.0,2.0,3,3,7,0,13.0,2.0,2.0,2.0,248.51999999999998,True,False,False,False,True,False,False,False,True,True,False,False,False,False,True,False
0.0,3,9.0,3.0,2,2,2,1,20.0,1.0,1.0,4.0,146.47,False,False,False,False,True,False,False,False,False,False,True,False,False,False,True,False
9.0,3,14.0,3.0,4,5,2,0,15.0,0.0,1.0,9.0,175.87,False,False,False,False,False,True,False,False,True,False,False,False,False,False,False,True
10.0,3,22.0,3.0,4,3,5,0,19.0,1.0,1.0,0.0,163.34,True,False,False,False,False,False,True,False,True,False,True,False,False,False,True,False
3.0,3,10.0,4.0,4,3,3,0,15.0,1.0,2.0,3.0,180.61,True,False,False,False,True,False,False,False,False,False,True,False,False,False,False,False
9.0,1,25.0,4.0,4,3,3,1,15.0,1.0,2.0,3.0,181.89,False,False,False,False,False,True,False,False,True,False,True,False,False,False,True,False
1.0,3,7.0,3.0,5,3,8,1,20.0,1.0,2.0,3.0,153.0,True,False,False,False,True,False,False,False,False,False,False,False,True,False,True,False
12.0,1,9.0,3.0,5,4,3,0,23.0,2.0,4.0,4.0,149.4,False,False,False,False,True,False,False,False,False,False,False,False,True,False,False,True
0.0,2,23.0,3.0,3,3,1,1,11.0,0.0,1.0,0.0,127.41,False,False,False,False,False,True,False,False,False,False,False,True,False,False,True,False
17.0,1,14.0,2.0,3,1,7,1,12.0,0.0,1.0,2.0,124.36000000000001,False,True,False,False,False,False,False,False,True,False,False,True,False,False,False,True
10.0,1,31.0,3.0,4,4,9,0,16.0,1.0,2.0,9.0,181.74,False,False,False,False,False,True,False,False,False,False,True,False,False,False,False,False
5.0,1,9.0,4.0,4,3,3,0,15.0,2.0,2.0,4.0,159.77,True,False,False,False,False,True,False,False,True,False,False,False,True,False,True,False
1.0,1,14.0,3.0,3,2,2,0,21.0,0.0,1.0,2.0,133.1,False,True,False,False,False,True,False,False,False,False,False,True,False,False,False,True
8.0,3,14.0,3.0,3,2,2,0,16.0,0.0,1.0,2.0,125.72,False,True,False,False,False,True,False,False,False,False,False,True,False,False,False,False
4.0,3,35.0,3.0,4,1,2,0,14.0,2.0,5.0,7.0,154.68,True,False,False,False,False,False,True,False,False,False,True,False,False,False,True,False
28.0,1,29.0,4.0,4,3,5,0,15.0,3.0,5.0,8.0,299.26,True,False,False,False,True,False,False,False,False,True,False,False,False,False,True,False
9.0,1,20.0,2.0,3,3,2,0,16.0,1.0,1.0,0.0,115.13999999999999,False,False,False,False,True,False,False,False,False,False,False,False,True,False,False,True
1.0,1,9.0,3.0,4,5,9,0,21.0,2.0,2.0,8.0,152.07,True,False,False,False,False,True,False,False,False,False,False,False,True,False,False,False
9.0,3,6.0,2.0,4,4,2,1,11.0,1.0,1.0,2.0,121.74000000000001,False,False,False,True,False,False,False,False,False,False,False,True,False,False,False,True
13.0,1,6.0,3.0,3,5,3,0,11.0,1.0,11.0,16.0,268.23,True,False,False,False,False,True,False,False,True,True,False,False,False,False,True,False
5.0,3,15.0,2.0,5,1,1,0,17.0,0.0,1.0,7.0,146.68,False,False,False,False,True,False,False,False,True,False,True,False,False,False,True,False
3.0,3,27.0,3.0,4,2,4,0,15.0,2.0,2.0,3.0,194.31,True,False,False,False,False,False,True,False,True,False,True,False,False,False,True,False
0.0,1,8.0,2.0,1,2,2,0,12.0,1.0,1.0,3.0,154.72,True,False,False,False,True,False,False,False,True,False,True,False,False,False,False,False
0.0,3,16.0,3.0,4,1,2,1,11.0,1.0,4.0,4.0,157.69,True,False,False,False,False,False,True,False,False,False,True,False,False,False,True,False
0.0,3,35.0,3.0,5,5,9,0,18.0,0.0,2.0,2.0,149.69,False,False,False,False,True,False,False,False,True,False,True,False,False,False,False,True
9.0,1,13.0,2.0,2,2,5,0,14.0,0.0,2.0,2.0,120.88999999999999,False,False,False,False,False,False,False,False,True,False,False,True,False,False,True,False
1.0,1,8.0,3.0,4,1,6,0,12.0,1.0,2.0,3.0,157.29,True,False,True,False,False,False,False,False,True,False,False,False,True,False,True,False
9.0,3,6.0,2.0,3,1,5,0,15.0,1.0,1.0,0.0,166.53,False,False,False,False,True,False,False,False,False,False,True,False,False,False,False,True
24.0,2,11.0,2.0,3,4,2,1,11.0,1.0,2.0,10.0,240.26,True,False,False,False,False,True,False,False,True,True,False,False,False,False,True,False
1.0,1,33.0,3.0,4,1,3,0,13.0,1.0,2.0,3.0,154.04,True,False,False,False,False,True,False,False,True,False,False,False,True,False,True,False
9.0,1,35.0,3.0,2,3,3,0,18.0,7.0,7.0,9.0,159.07,True,False,False,False,False,True,False,False,True,False,True,False,False,False,True,False
6.0,1,31.0,2.0,4,4,2,0,13.0,0.0,1.0,2.0,143.2,False,True,False,False,False,True,False,False,True,False,True,False,False,False,False,True
8.0,1,29.0,3.0,5,3,1,0,16.0,1.0,1.0,3.0,127.05000000000001,False,True,False,False,False,False,False,False,True,False,False,True,False,False,True,False
1.0,3,10.0,4.0,4,3,11,0,15.0,2.0,3.0,1.0,170.77,True,False,False,False,False,True,False,False,False,False,True,False,False,False,False,True
1.0,1,17.0,4.0,4,3,8,0,12.0,1.0,2.0,3.0,225.48,False,False,False,False,True,False,False,False,True,False,False,False,False,False,True,False
2.0,1,8.0,3.0,3,4,1,0,23.0,1.0,1.0,4.0,127.03,False,True,False,False,False,True,False,False,True,False,False,True,False,False,True,False
20.0,3,11.0,3.0,5,4,4,0,15.0,2.0,2.0,9.0,312.89,True,False,False,False,False,False,True,False,False,False,False,False,False,True,True,False
4.0,1,13.0,2.0,4,3,2,0,24.0,7.0,8.0,9.0,189.43,False,False,False,False,False,True,False,False,False,False,False,False,False,False,True,False
9.0,2,15.0,4.0,4,3,3,0,18.0,1.0,2.0,5.0,168.23,True,False,True,False,False,False,False,False,True,False,False,False,True,False,False,True
9.0,1,8.0,2.0,3,4,10,1,11.0,4.0,5.0,12.0,154.1,True,False,False,False,False,True,False,False,False,False,True,False,False,False,False,True
1.0,1,9.0,4.0,4,4,3,0,13.0,1.0,2.0,1.0,138.93,False,True,False,False,False,True,False,False,True,False,False,False,True,False,False,True
0.0,1,9.0,3.0,3,5,2,1,11.0,9.0,9.0,7.0,133.48,False,False,False,False,False,True,False,False,True,False,False,True,False,False,False,True
16.0,1,9.0,3.0,4,1,7,1,15.0,2.0,3.0,3.0,150.15,False,False,False,False,True,False,False,False,True,False,False,False,True,False,False,True
19.0,3,13.0,3.0,5,2,8,0,13.0,13.0,13.0,3.0,213.65,False,False,False,False,True,False,False,False,False,False,False,False,False,False,False,True
1.0,1,28.0,3.0,5,5,2,0,15.0,1.0,2.0,1.0,147.96,False,True,True,False,False,False,False,False,True,False,False,False,True,False,True,False
19.0,3,7.0,2.0,1,5,2,0,15.0,1.0,1.0,12.0,275.67,True,False,False,False,False,True,False,False,True,True,False,False,False,False,False,True
5.0,3,14.0,4.0,3,2,6,0,12.0,4.0,8.0,8.0,194.29,True,False,False,True,False,False,False,False,True,False,True,False,False,False,False,False
11.0,1,29.0,2.0,4,3,1,0,21.0,1.0,1.0,8.0,195.26,False,False,False,False,False,True,False,False,True,False,False,False,False,False,False,True
15.0,2,11.0,3.0,6,4,8,0,20.0,1.0,2.0,3.0,189.3,False,False,False,False,False,False,False,True,True,False,True,False,False,False,True,False
14.0,1,19.0,3.0,4,5,4,0,13.0,2.0,8.0,8.0,169.48,True,False,False,False,False,True,False,False,False,False,True,False,False,False,True,False
8.0,1,24.0,2.0,1,5,2,0,11.0,0.0,1.0,10.0,152.08,True,False,False,False,False,True,False,False,True,False,True,False,False,False,True,False
8.0,1,14.0,3.0,4,1,3,0,14.0,1.0,2.0,1.0,154.72,True,False,False,False,True,False,False,False,True,False,False,False,True,False,False,True
31.0,2,13.0,3.0,4,3,10,0,18.0,3.0,3.0,3.0,147.67,False,True,False,False,True,False,False,False,True,False,False,False,True,False,False,False
6.0,3,11.0,3.0,4,4,4,0,12.0,2.0,2.0,3.0,164.31,True,False,False,False,False,True,False,False,False,False,False,False,True,False,False,False
8.0,1,13.0,3.0,4,3,3,0,15.0,1.0,3.0,11.0,173.09,True,False,False,False,False,False,False,True,False,False,True,False,False,False,False,True
1.0,3,9.0,3.0,4,5,2,0,12.0,1.0,2.0,3.0,155.41,True,False,False,False,False,False,True,False,True,False,False,False,True,False,True,False
7.0,1,14.0,2.0,3,5,5,0,12.0,1.0,1.0,2.0,123.62,False,True,False,False,False,True,False,False,True,False,False,True,False,False,False,False
2.0,3,8.0,2.0,3,1,2,0,18.0,0.0,1.0,9.0,145.54,False,False,False,False,False,True,False,False,True,False,True,False,False,False,False,True
12.0,1,7.0,3.0,4,5,5,0,18.0,1.0,2.0,1.0,151.19,True,False,False,False,False,True,False,False,False,False,False,False,True,False,False,True
19.0,1,35.0,4.0,4,1,6,0,21.0,2.0,2.0,4.0,146.32,False,True,True,False,False,False,False,False,True,False,False,False,True,False,True,False
9.0,1,15.0,3.0,1,4,2,0,22.0,1.0,1.0,2.0,128.1,False,False,False,False,False,True,False,False,True,False,False,True,False,False,True,False
11.0,1,14.0,2.0,4,3,6,0,14.0,1.0,2.0,3.0,261.64,True,False,False,False,True,False,False,False,True,False,False,False,False,False,False,True
30.0,3,8.0,2.0,3,4,5,0,22.0,10.0,14.0,14.0,0.0,False,False,False,False,True,False,False,False,True,True,False,False,False,False,True,False
20.0,3,10.0,3.0,2,5,4,0,13.0,3.0,2.0,9.0,257.25,True,False,False,True,False,False,False,False,False,True,False,False,False,False,True,False
7.0,1,21.0,4.0,4,4,3,0,14.0,1.0,2.0,7.0,152.56,True,False,False,False,True,False,False,False,False,False,False,False,True,False,False,False
29.0,1,29.0,4.0,5,4,7,0,13.0,2.0,2.0,3.0,160.37,True,False,True,False,False,False,False,False,True,False,False,False,True,False,True,False
3.0,3,14.0,3.0,3,3,6,0,11.0,2.0,7.0,7.0,172.64,True,False,False,False,False,False,False,True,True,False,False,False,False,False,True,False
16.0,1,28.0,3.0,4,3,4,0,17.0,1.0,2.0,3.0,177.65,False,False,False,False,True,False,False,False,False,False,True,False,False,False,True,False
19.0,1,14.0,4.0,4,5,3,0,19.0,3.0,10.0,12.0,177.1,False,False,False,False,False,True,False,False,True,False,False,False,False,False,True,False
4.0,3,10.0,2.0,3,4,2,0,18.0,7.0,7.0,7.0,193.55,False,False,False,False,False,False,True,False,True,False,True,False,False,False,False,True
23.0,1,9.0,3.0,4,1,5,0,15.0,5.0,5.0,4.0,316.61,False,False,False,False,False,True,False,False,True,False,False,False,False,True,True,False
16.0,1,19.0,3.0,4,4,10,0,23.0,2.0,2.0,5.0,152.66,True,False,False,False,True,False,False,False,True,False,False,False,True,False,True,False
3.0,3,16.0,3.0,4,3,2,0,18.0,1.0,1.0,4.0,165.78,True,False,False,False,False,False,True,False,True,False,True,False,False,False,False,False
1.0,1,16.0,3.0,4,5,3,0,26.0,1.0,2.0,1.0,150.52,True,False,False,False,False,True,False,False,True,False,False,False,True,False,False,True
7.0,3,9.0,2.0,5,1,6,0,12.0,1.0,2.0,2.0,160.29,True,False,False,False,False,True,False,False,False,False,True,False,False,False,False,True
9.0,1,6.0,3.0,3,2,2,0,15.0,1.0,1.0,0.0,116.11000000000001,False,False,False,False,False,True,False,False,False,False,False,False,True,False,False,True
2.0,3,8.0,3.0,4,4,3,0,19.0,1.0,1.0,0.0,166.44,True,False,False,False,True,False,False,False,True,False,True,False,False,False,True,False
28.0,1,8.0,2.0,4,5,9,0,12.0,1.0,1.0,0.0,290.38,True,False,False,False,True,False,False,False,True,False,False,False,False,True,True,False
7.0,1,7.0,2.0,3,1,10,0,17.0,0.0,2.0,1.0,154.84,True,False,False,False,False,True,False,False,True,False,True,False,False,False,True,False
1.0,3,36.0,3.0,4,3,7,0,13.0,1.0,2.0,1.0,168.06,True,False,False,False,True,False,False,False,True,False,True,False,False,False,True,False
9.0,1,32.0,3.0,4,3,3,1,12.0,3.0,11.0,3.0,228.88,True,False,False,False,True,False,False,False,False,False,False,False,False,False,True,False
16.0,1,24.0,3.0,3,5,5,1,14.0,1.0,2.0,3.0,190.45,True,False,False,False,False,True,False,False,False,False,True,False,False,False,False,True
9.0,1,17.0,2.0,3,4,2,0,13.0,1.0,1.0,2.0,122.44,False,True,False,False,False,False,False,False,False,False,False,True,False,False,False,False
6.0,1,20.0,4.0,5,4,3,0,21.0,3.0,3.0,3.0,159.0,False,False,False,False,False,False,False,True,False,False,False,False,True,False,True,False
3.0,3,12.0,3.0,4,2,5,0,15.0,1.0,2.0,1.0,145.86,False,True,True,False,False,False,False,False,True,False,True,False,False,False,False,False
10.0,1,9.0,3.0,4,4,11,1,12.0,5.0,6.0,13.0,179.1,True,False,False,False,False,True,False,False,False,False,True,False,False,False,False,True
4.0,3,12.0,3.0,1,1,5,0,22.0,5.0,5.0,7.0,154.6,True,False,False,False,True,False,False,False,True,False,True,False,False,False,True,False
19.0,1,6.0,3.0,3,5,8,0,16.0,0.0,1.0,3.0,193.96,True,False,False,False,True,False,False,False,True,False,False,False,False,False,True,False
17.0,1,10.0,3.0,1,5,2,0,14.0,2.0,14.0,13.0,291.9,True,False,False,False,False,True,False,False,True,False,False,False,False,True,True,False
9.0,1,13.0,2.0,1,1,5,0,14.0,1.0,2.0,2.0,120.88999999999999,False,False,False,False,False,False,False,False,True,False,False,True,False,False,True,False
14.0,1,14.0,2.0,3,3,10,1,12.0,0.0,2.0,7.0,124.61000000000001,False,True,False,False,False,True,False,False,True,False,False,True,False,False,True,False
7.0,1,14.0,2.0,3,4,2,1,12.0,1.0,2.0,3.0,123.41999999999999,False,False,False,False,False,False,False,False,True,False,False,True,False,False,True,False
11.0,3,9.0,4.0,4,3,6,1,12.0,1.0,2.0,3.0,221.02,True,False,False,False,False,False,True,False,True,False,True,False,False,False,True,False
8.0,2,18.0,3.0,5,4,6,0,12.0,1.0,2.0,9.0,169.9,False,False,False,False,False,True,False,False,True,False,True,False,False,False,False,False
3.0,1,15.0,4.0,5,2,3,1,14.0,1.0,2.0,3.0,175.56,True,False,False,False,True,False,False,False,True,False,True,False,False,False,False,False
17.0,1,15.0,4.0,4,3,6,1,15.0,2.0,2.0,3.0,170.22,True,False,False,False,False,False,False,True,False,False,True,False,False,False,True,False
5.0,1,6.0,3.0,3,5,2,0,13.0,0.0,1.0,0.0,129.56,False,True,False,False,False,True,False,False,True,False,False,True,False,False,False,True
26.0,3,14.0,3.0,3,1,6,0,14.0,2.0,2.0,3.0,218.36,True,False,False,False,False,False,True,False,True,True,False,False,False,False,True,False
9.0,2,14.0,3.0,4,5,1,0,21.0,0.0,1.0,3.0,123.41999999999999,False,True,False,False,False,True,False,False,True,False,False,True,False,False,True,False
10.0,3,24.0,3.0,5,4,4,0,17.0,2.0,2.0,4.0,180.07,True,False,False,False,False,False,True,False,True,False,True,False,False,False,True,False
2.0,3,8.0,3.0,4,4,3,0,19.0,0.0,1.0,0.0,166.44,True,False,False,False,True,False,False,False,True,False,True,False,False,False,False,False
4.0,1,9.0,5.0,5,1,3,0,20.0,4.0,11.0,9.0,166.52,True,False,False,False,False,True,False,False,True,False,True,False,False,False,True,False
0.0,1,8.0,2.0,3,4,10,0,12.0,1.0,2.0,2.0,134.68,False,True,False,False,False,False,False,False,True,False,False,True,False,False,True,False
15.0,1,24.0,2.0,3,5,7,1,17.0,1.0,1.0,2.0,154.1,True,False,False,False,False,True,False,False,True,False,True,False,False,False,True,False
1.0,1,29.0,3.0,4,3,6,1,12.0,1.0,2.0,2.0,146.32,False,True,False,False,False,True,False,False,False,False,False,False,True,False,True,False
18.0,1,14.0,3.0,4,1,2,1,15.0,2.0,2.0,11.0,315.49,True,False,False,False,True,False,False,False,False,False,False,False,False,True,True,False
7.0,1,28.0,4.0,2,4,3,0,19.0,3.0,3.0,14.0,145.28,False,True,False,False,True,False,False,False,True,False,False,False,True,False,True,False
10.0,3,7.0,3.0,4,2,6,0,16.0,2.0,2.0,1.0,191.53,False,False,False,False,True,False,False,False,False,False,True,False,False,False,False,True
7.0,3,15.0,3.0,4,3,2,0,13.0,2.0,2.0,3.0,196.04,True,False,False,False,False,False,True,False,True,False,True,False,False,False,True,False
1.0,1,12.0,3.0,4,3,2,1,14.0,1.0,1.0,2.0,127.03,False,False,False,False,False,True,False,False,True,False,False,True,False,False,True,False
7.0,1,24.0,3.0,5,3,11,1,17.0,2.0,2.0,1.0,149.37,False,False,True,False,False,False,False,False,True,False,False,False,True,False,True,False
8.0,1,22.0,4.0,4,5,9,0,15.0,3.0,7.0,10.0,295.07,False,False,False,False,True,False,False,False,True,True,False,False,False,False,True,False
9.0,2,8.0,2.0,3,4,5,0,14.0,0.0,1.0,2.0,121.87,False,True,False,False,False,False,False,True,False,False,False,True,False,False,True,False
30.0,1,6.0,3.0,5,1,4,0,20.0,0.0,1.0,0.0,208.82999999999998,True,False,False,False,True,False,False,False,True,False,False,False,False,False,True,False
15.0,3,9.0,3.0,4,4,3,0,20.0,1.0,2.0,5.0,285.15,True,False,False,False,False,True,False,False,True,True,False,False,False,False,False,True
10.0,1,9.0,2.0,3,3,2,0,15.0,7.0,7.0,8.0,194.34,True,False,False,False,False,False,False,True,True,False,False,False,False,False,True,False
12.0,3,14.0,3.0,5,1,2,0,21.0,2.0,2.0,6.0,165.28,True,False,False,False,False,False,True,False,False,False,True,False,False,False,False,True
1.0,1,26.0,4.0,4,2,5,0,12.0,2.0,2.0,3.0,161.69,True,False,False,False,True,False,False,False,True,False,False,False,True,False,False,False
20.0,3,8.0,2.0,1,4,7,0,14.0,1.0,2.0,2.0,259.72,True,False,False,False,False,True,False,False,False,True,False,False,False,False,True,False
9.0,1,15.0,2.0,3,5,4,0,14.0,1.0,1.0,0.0,120.18,True,False,False,False,False,True,False,False,True,False,False,True,False,False,False,True
0.0,3,8.0,3.0,3,3,2,0,19.0,0.0,2.0,2.0,127.83000000000001,False,True,False,False,False,False,False,False,False,False,False,True,False,False,False,True
25.0,2,12.0,3.0,4,4,3,1,12.0,1.0,2.0,11.0,265.26,True,False,False,False,False,True,False,False,True,True,False,False,False,False,True,False
9.0,3,7.0,4.0,4,4,3,0,14.0,2.0,2.0,7.0,197.95,True,False,False,False,False,False,True,False,True,False,False,False,False,False,False,False
12.0,1,7.0,3.0,4,1,9,0,16.0,3.0,3.0,10.0,172.35,False,False,False,False,False,True,False,False,True,False,True,False,False,False,True,False
22.0,1,13.0,2.0,3,4,4,0,14.0,0.0,1.0,7.0,204.66,True,False,False,False,False,True,False,False,True,False,False,False,False,False,True,False
14.0,3,29.0,3.0,3,3,4,1,16.0,0.0,1.0,2.0,170.82,True,False,False,False,False,True,False,False,True,False,False,False,False,False,False,True
7.0,1,12.0,4.0,4,4,8,0,12.0,8.0,2.0,9.0,243.77999999999997,False,False,False,False,False,True,False,False,False,False,False,False,False,False,True,False
11.0,1,9.0,4.0,5,1,7,0,15.0,2.0,2.0,1.0,176.63,False,False,False,False,False,True,False,False,True,False,True,False,False,False,True,False
1.0,1,22.0,4.0,5,5,2,0,20.0,1.0,8.0,4.0,172.74,False,False,False,False,False,True,False,False,False,False,False,False,True,False,True,False
19.0,3,9.0,2.0,3,4,9,0,12.0,1.0,5.0,1.0,266.06,True,False,False,False,False,True,False,False,False,True,False,False,False,False,True,False
9.0,3,14.0,4.0,4,3,3,0,14.0,1.0,2.0,1.0,149.04,False,True,False,False,False,True,False,False,True,False,False,False,True,False,True,False
23.0,1,10.0,3.0,3,4,4,0,14.0,1.0,1.0,6.0,291.44,True,False,False,False,False,True,False,False,True,False,False,False,False,True,True,False
1.0,1,10.0,3.0,4,3,3,0,14.0,2.0,2.0,1.0,139.2,False,True,False,False,False,True,False,False,True,False,False,False,True,False,False,True
8.0,3,14.0,3.0,4,3,1,0,23.0,2.0,4.0,2.0,124.30000000000001,False,True,False,False,False,True,False,False,False,False,False,True,False,False,True,False
8.0,3,9.0,4.0,4,3,8,0,19.0,2.0,2.0,3.0,147.31,False,False,False,False,False,False,True,False,False,False,False,False,True,False,False,False
9.0,2,14.0,3.0,4,5,1,0,21.0,1.0,1.0,3.0,123.41999999999999,False,True,False,False,False,True,False,False,True,False,False,True,False,False,False,False
21.0,3,21.0,4.0,4,3,5,1,18.0,2.0,2.0,3.0,170.91,True,False,False,False,True,False,False,False,False,False,True,False,False,False,True,False
15.0,1,29.0,2.0,4,3,2,0,12.0,2.0,3.0,7.0,143.32,False,False,False,False,False,True,False,False,True,False,True,False,False,False,False,True
7.0,1,7.0,3.0,3,5,6,0,14.0,1.0,1.0,3.0,129.96,False,False,False,False,False,False,False,True,True,False,False,True,False,False,True,False
1.0,3,7.0,4.0,4,4,2,1,14.0,1.0,2.0,5.0,188.49,False,False,False,False,False,False,True,False,True,False,True,False,False,False,False,False
1.0,1,10.0,3.0,5,1,2,0,14.0,2.0,2.0,2.0,145.45,False,True,False,False,True,False,False,False,True,False,False,False,True,False,False,True
2.0,3,10.0,4.0,4,4,3,0,20.0,2.0,2.0,1.0,153.56,True,False,False,False,True,False,False,False,False,False,False,False,True,False,True,False
13.0,1,8.0,4.0,4,1,3,1,16.0,1.0,6.0,9.0,189.72,False,False,False,False,False,True,False,False,True,False,True,False,False,False,True,False
5.0,1,19.0,4.0,4,1,10,1,24.0,2.0,2.0,3.0,164.29,True,False,False,False,True,False,False,False,False,False,False,False,True,False,True,False
17.0,1,35.0,2.0,3,1,2,0,25.0,6.0,13.0,17.0,145.41,False,True,False,False,False,False,False,True,True,False,True,False,False,False,False,True
1.0,1,8.0,4.0,4,1,3,0,16.0,2.0,2.0,1.0,141.11,False,False,False,False,False,True,False,False,False,False,False,False,True,False,False,True
0.0,3,8.0,2.0,4,4,8,1,12.0,2.0,2.0,2.0,199.07,True,False,False,False,False,False,True,False,True,False,True,False,False,False,False,True
0.0,1,30.0,3.0,4,5,2,0,12.0,0.0,1.0,9.0,187.22,False,False,True,False,False,False,False,False,True,False,False,False,False,False,False,True
2.0,1,14.0,3.0,3,2,5,0,22.0,0.0,1.0,7.0,125.13999999999999,False,True,False,False,False,True,False,False,False,False,False,True,False,False,True,False
0.0,1,32.0,3.0,3,2,2,0,12.0,1.0,1.0,2.0,129.04,False,True,False,False,False,True,False,False,True,False,False,True,False,False,True,False
23.0,1,6.0,2.0,4,3,3,0,15.0,0.0,1.0,2.0,136.9,False,True,False,False,True,False,False,False,True,False,False,False,True,False,False,False
18.0,2,10.0,2.0,5,3,5,0,21.0,1.0,1.0,3.0,197.56,True,False,False,False,False,True,False,False,False,False,False,False,False,False,True,False
30.0,1,14.0,2.0,3,3,2,0,12.0,1.0,2.0,2.0,123.72,False,True,False,False,False,True,False,False,True,False,False,True,False,False,True,False
6.0,1,9.0,4.0,4,1,2,0,14.0,2.0,4.0,7.0,155.68,False,False,False,False,False,True,False,False,True,False,False,False,True,False,False,True
5.0,1,8.0,3.0,6,5,3,0,22.0,7.0,9.0,8.0,175.03,False,False,False,False,False,True,False,False,True,False,True,False,False,False,True,False
9.0,1,22.0,2.0,3,3,2,0,14.0,0.0,1.0,4.0,121.44,False,False,False,False,False,False,False,False,True,False,False,True,False,False,False,True
15.0,3,15.0,3.0,4,4,7,0,22.0,1.0,2.0,5.0,168.93,True,False,False,False,False,False,True,False,False,False,True,False,False,False,True,False
15.0,1,35.0,3.0,5,4,2,0,24.0,2.0,2.0,11.0,260.7,True,False,False,False,False,True,False,False,False,True,False,False,False,False,True,False
17.0,1,14.0,3.0,3,2,6,0,15.0,1.0,3.0,3.0,145.89,False,False,False,False,True,False,False,False,True,False,False,False,True,False,True,False
11.0,3,16.0,3.0,6,3,9,0,12.0,7.0,2.0,11.0,254.36,False,False,False,False,False,True,False,False,True,True,False,False,False,False,True,False
0.0,1,14.0,2.0,3,1,1,1,14.0,1.0,1.0,2.0,123.78999999999999,False,False,False,False,False,True,False,False,False,False,False,True,False,False,False,True
22.0,1,31.0,2.0,3,5,2,0,14.0,0.0,1.0,4.0,132.11,False,True,False,False,False,True,False,False,False,False,False,True,False,False,True,False
13.0,1,15.0,3.0,4,2,10,0,14.0,1.0,1.0,2.0,148.76,False,False,False,False,False,True,False,False,True,False,True,False,False,False,False,False
3.0,1,6.0,2.0,5,3,4,0,21.0,1.0,1.0,2.0,138.33,False,True,False,False,False,True,False,False,True,False,False,False,True,False,True,False
1.0,1,7.0,3.0,4,4,3,0,21.0,1.0,2.0,5.0,188.97,False,False,False,False,False,True,False,False,False,False,True,False,False,False,True,False
15.0,1,32.0,2.0,3,5,4,1,17.0,0.0,2.0,0.0,231.91000000000003,False,False,False,False,True,False,False,False,False,False,False,False,False,False,False,False
20.0,3,9.0,4.0,4,5,10,0,15.0,13.0,16.0,10.0,295.48,True,False,False,False,False,False,True,False,False,True,False,False,False,False,False,False
18.0,1,13.0,2.0,3,3,5,1,19.0,1.0,1.0,2.0,144.77,False,True,False,False,True,False,False,False,False,False,False,False,True,False,False,False
0.0,1,14.0,2.0,4,5,8,0,11.0,1.0,1.0,0.0,125.61000000000001,False,False,False,False,False,False,False,False,True,False,False,True,False,False,False,True
7.0,1,11.0,3.0,5,4,10,0,12.0,2.0,2.0,3.0,163.38,True,False,False,False,True,False,False,False,False,False,False,False,True,False,True,False
4.0,1,12.0,4.0,5,1,11,0,13.0,1.0,2.0,4.0,162.61,False,False,False,False,False,True,False,False,True,False,False,False,True,False,True,False
1.0,1,27.0,3.0,3,2,2,0,11.0,0.0,1.0,2.0,127.13,False,True,False,False,False,False,False,False,True,False,False,True,False,False,False,False
1.0,1,8.0,3.0,4,3,3,0,23.0,2.0,2.0,2.0,137.23,False,True,False,False,False,True,False,False,True,False,False,False,True,False,True,False
1.0,1,21.0,3.0,4,1,2,1,13.0,5.0,8.0,8.0,200.53,False,False,False,False,False,False,False,True,False,False,False,False,False,False,False,True
20.0,1,22.0,3.0,4,4,7,0,15.0,2.0,2.0,4.0,315.81,True,False,False,False,False,True,False,False,True,False,False,False,False,True,False,False
3.0,1,8.0,4.0,4,1,3,0,16.0,2.0,2.0,3.0,162.6,True,False,False,False,False,True,False,False,False,False,False,False,True,False,True,False
0.0,1,14.0,2.0,3,5,2,0,13.0,1.0,1.0,0.0,123.41,False,True,False,False,False,True,False,False,False,False,False,True,False,False,True,False
13.0,1,25.0,3.0,4,3,2,0,12.0,1.0,2.0,8.0,170.34,True,False,False,False,False,True,False,False,True,False,True,False,False,False,False,True
5.0,3,14.0,3.0,4,4,2,1,11.0,6.0,11.0,9.0,152.28,True,False,True,False,False,False,False,False,False,False,True,False,False,False,False,False
2.0,1,8.0,3.0,4,1,3,0,12.0,1.0,2.0,4.0,145.44,False,True,False,False,False,True,False,False,True,False,False,False,True,False,True,False
29.0,3,25.0,3.0,4,4,5,0,15.0,2.0,8.0,9.0,293.35,True,False,False,False,False,True,False,False,False,True,False,False,False,False,False,True
18.0,2,10.0,2.0,5,3,5,0,21.0,1.0,1.0,3.0,197.56,True,False,False,False,False,True,False,False,False,False,False,False,False,False,True,False
5.0,3,12.0,3.0,4,3,3,0,20.0,1.0,2.0,3.0,208.46,True,False,False,True,False,False,False,False,True,False,True,False,False,False,True,False
0.0,1,31.0,3.0,3,1,2,1,24.0,0.0,1.0,1.0,127.94999999999999,False,True,False,False,False,True,False,False,True,False,False,True,False,False,False,True
2.0,3,12.0,4.0,4,2,3,0,15.0,2.0,2.0,3.0,174.08,True,False,False,False,True,False,False,False,True,False,True,False,False,False,False,True
11.0,1,32.0,3.0,5,2,9,0,14.0,1.0,2.0,4.0,182.31,True,False,False,False,True,False,False,False,False,False,True,False,False,False,True,False
3.0,3,35.0,3.0,3,5,9,0,19.0,1.0,1.0,3.0,141.15,False,True,False,False,False,True,False,False,True,False,True,False,False,False,True,False
18.0,1,9.0,3.0,4,3,7,1,19.0,3.0,3.0,3.0,227.09,False,False,False,False,True,False,False,False,True,False,False,False,False,False,False,True
2.0,1,23.0,3.0,4,3,3,0,15.0,1.0,2.0,5.0,146.44,False,False,False,False,True,False,False,False,True,False,False,False,True,False,False,True
0.0,1,8.0,2.0,3,1,2,1,13.0,1.0,1.0,3.0,137.6,False,False,True,False,False,False,False,False,False,False,False,False,True,False,False,True
18.0,1,13.0,3.0,1,3,5,0,17.0,1.0,1.0,2.0,164.34,False,False,False,False,False,True,False,False,True,False,True,False,False,False,True,False
28.0,2,26.0,3.0,4,4,4,0,16.0,4.0,2.0,2.0,232.25,True,False,False,False,True,False,False,False,True,False,False,False,False,False,False,False
4.0,1,14.0,2.0,4,4,1,1,16.0,2.0,2.0,2.0,126.57,False,True,False,False,False,True,False,False,True,False,False,True,False,False,False,True
9.0,3,14.0,3.0,3,1,4,1,21.0,0.0,1.0,2.0,126.44,False,True,False,False,False,True,False,False,True,False,False,True,False,False,False,True
0.0,3,18.0,3.0,1,4,2,0,15.0,0.0,1.0,0.0,127.16,False,True,False,False,False,True,False,False,False,False,False,True,False,False,False,True
0.0,1,15.0,2.0,3,5,8,0,22.0,1.0,1.0,4.0,142.0,False,True,False,False,True,False,False,False,False,False,False,False,True,False,False,True
18.0,1,8.0,4.0,2,5,4,0,16.0,2.0,3.0,3.0,175.33,True,False,False,False,False,True,False,False,True,False,True,False,False,False,True,False
13.0,1,11.0,3.0,4,3,2,0,14.0,4.0,4.0,9.0,175.42,False,False,False,False,True,False,False,False,False,False,True,False,False,False,False,True
1.0,3,29.0,3.0,4,3,3,0,12.0,2.0,2.0,3.0,159.47,True,False,True,False,False,False,False,False,True,False,False,False,True,False,False,True
30.0,1,11.0,2.0,4,4,3,1,13.0,1.0,1.0,4.0,205.52,True,False,False,True,False,False,False,False,False,False,False,False,False,False,True,False
8.0,1,34.0,2.0,1,3,2,0,17.0,5.0,6.0,8.0,134.07,False,True,False,False,False,True,False,False,True,False,True,False,False,False,True,False
13.0,1,22.0,2.0,4,3,7,0,14.0,0.0,1.0,0.0,150.94,False,False,False,False,True,False,False,False,True,False,True,False,False,False,False,True
2.0,2,12.0,3.0,4,4,2,0,11.0,1.0,1.0,0.0,128.04,False,True,False,False,False,False,False,False,True,False,False,True,False,False,True,False
9.0,1,14.0,2.0,1,1,5,0,17.0,0.0,1.0,3.0,125.71000000000001,False,False,False,False,False,False,False,False,True,False,True,False,False,False,True,False
0.0,3,6.0,3.0,3,4,2,1,16.0,1.0,1.0,4.0,132.02,False,True,True,False,False,False,False,False,False,False,False,True,False,False,False,True
1.0,1,7.0,3.0,4,2,6,0,12.0,2.0,2.0,3.0,157.29,True,False,True,False,False,False,False,False,True,False,False,False,True,False,False,False
9.0,1,28.0,3.0,4,1,3,1,26.0,1.0,2.0,8.0,165.14,True,False,False,False,False,True,False,False,False,False,True,False,False,False,True,False
12.0,1,17.0,4.0,4,3,2,0,18.0,1.0,2.0,3.0,151.84,False,False,False,False,True,False,False,False,True,False,False,False,True,False,True,False
22.0,3,14.0,4.0,4,5,6,0,12.0,1.0,3.0,3.0,179.86,True,False,False,False,False,False,True,False,True,False,True,False,False,False,True,False
10.0,1,21.0,4.0,4,1,2,1,18.0,3.0,5.0,12.0,190.86,True,False,False,False,False,True,False,False,True,False,True,False,False,False,True,False
0.0,1,14.0,2.0,3,3,2,0,20.0,1.0,1.0,0.0,123.77000000000001,False,True,False,False,False,False,False,False,True,False,False,True,False,False,True,False
0.0,1,6.0,2.0,4,1,7,0,22.0,2.0,2.0,2.0,147.75,False,True,False,False,False,True,False,False,True,False,True,False,False,False,True,False
19.0,1,21.0,2.0,3,4,6,0,11.0,1.0,1.0,3.0,290.81,True,False,False,False,False,True,False,False,True,False,False,False,False,True,False,False
1.0,3,13.0,4.0,6,3,6,1,19.0,1.0,8.0,8.0,186.72,True,False,False,False,False,True,False,False,True,False,True,False,False,False,True,False
24.0,1,24.0,3.0,5,5,7,0,16.0,2.0,2.0,12.0,257.69,True,False,False,False,False,True,False,False,False,False,False,False,False,False,True,False
22.0,3,36.0,4.0,4,3,5,0,22.0,1.0,2.0,1.0,250.04000000000002,True,False,False,False,True,False,False,False,False,False,False,False,False,False,True,False
11.0,1,18.0,2.0,4,5,3,0,15.0,1.0,1.0,2.0,162.88,False,False,False,False,False,True,False,False,True,False,True,False,False,False,True,False
8.0,1,15.0,3.0,4,5,5,0,15.0,2.0,2.0,1.0,176.21,True,False,False,False,False,True,False,False,False,False,True,False,False,False,True,False
5.0,1,6.0,3.0,3,5,5,0,14.0,1.0,1.0,2.0,140.87,False,False,True,False,False,False,False,False,True,False,True,False,False,False,True,False
6.0,1,22.0,3.0,4,1,7,0,19.0,1.0,2.0,3.0,191.67,False,False,False,False,True,False,False,False,False,False,True,False,False,False,True,False
2.0,1,14.0,2.0,3,2,2,0,19.0,0.0,1.0,5.0,123.4,False,True,False,False,False,True,False,False,True,False,False,True,False,False,False,True
17.0,1,26.0,2.0,3,4,2,0,13.0,1.0,1.0,3.0,134.2,False,True,False,False,False,True,False,False,True,False,False,True,False,False,False,True
1.0,1,17.0,3.0,2,3,4,0,17.0,3.0,3.0,3.0,145.73,False,True,True,False,False,False,False,False,True,False,False,False,True,False,True,False
6.0,1,13.0,2.0,3,3,2,0,20.0,0.0,2.0,8.0,159.68,False,False,False,False,False,True,False,False,True,False,True,False,False,False,True,False
1.0,1,8.0,4.0,4,3,2,0,13.0,2.0,2.0,3.0,158.75,True,False,False,False,False,True,False,False,True,False,False,False,True,False,False,True
3.0,1,29.0,4.0,3,4,9,0,19.0,6.0,2.0,3.0,244.95999999999998,True,False,False,False,False,True,False,False,False,False,False,False,False,False,True,False
17.0,1,16.0,3.0,4,3,6,0,14.0,2.0,2.0,3.0,149.38,False,False,False,False,False,True,False,False,True,False,False,False,True,False,False,True
24.0,3,7.0,4.0,4,3,2,0,13.0,1.0,2.0,14.0,188.47,False,False,False,False,False,True,False,False,False,False,True,False,False,False,True,False
1.0,1,21.0,3.0,4,3,3,0,17.0,2.0,2.0,1.0,140.14,False,False,False,False,True,False,False,False,False,False,False,False,True,False,False,True
0.0,1,8.0,2.0,3,2,1,0,18.0,0.0,2.0,2.0,142.27,False,True,False,False,False,True,False,False,False,False,True,False,False,False,False,False
8.0,1,28.0,3.0,1,4,8,0,18.0,5.0,6.0,3.0,219.95999999999998,True,False,False,False,False,True,False,False,False,False,False,False,False,False,True,False
11.0,1,6.0,2.0,1,1,1,0,13.0,0.0,1.0,8.0,176.25,True,False,False,False,False,True,False,False,False,False,True,False,False,False,False,True
25.0,3,9.0,2.0,4,5,2,0,11.0,1.0,1.0,16.0,268.56,True,False,False,False,False,False,True,False,True,True,False,False,False,False,True,False
5.0,1,27.0,3.0,4,3,3,0,12.0,1.0,2.0,3.0,166.97,True,False,False,False,False,True,False,False,True,False,True,False,False,False,True,False
1.0,1,7.0,3.0,5,5,7,0,20.0,3.0,3.0,1.0,167.98,False,False,True,False,False,False,False,False,True,False,True,False,False,False,True,False
1.0,1,7.0,4.0,4,5,3,0,12.0,2.0,2.0,8.0,199.12,True,False,False,False,False,True,False,False,False,False,False,False,False,False,False,False
2.0,3,9.0,3.0,4,4,3,1,21.0,8.0,8.0,6.0,172.79,True,False,False,False,False,False,True,False,False,False,True,False,False,False,False,False
9.0,1,6.0,3.0,3,3,8,0,14.0,1.0,1.0,2.0,122.32,False,True,False,False,False,False,False,False,False,False,False,True,False,False,True,False
10.0,1,17.0,2.0,3,1,2,1,14.0,1.0,1.0,3.0,221.85000000000002,False,False,False,False,False,False,False,True,True,False,False,False,False,False,True,False
4.0,3,36.0,3.0,4,4,5,0,13.0,1.0,2.0,3.0,217.5,True,False,False,True,False,False,False,False,True,False,False,False,False,False,True,False
13.0,1,32.0,3.0,4,2,4,1,13.0,1.0,1.0,0.0,144.22,False,False,False,False,True,False,False,False,False,False,True,False,False,False,False,False
11.0,1,14.0,2.0,4,4,2,0,22.0,0.0,3.0,3.0,124.4,False,False,False,False,False,False,False,False,False,False,False,True,False,False,False,True
18.0,1,13.0,2.0,3,3,5,1,19.0,0.0,1.0,2.0,144.77,False,True,False,False,True,False,False,False,False,False,False,False,True,False,True,False
9.0,1,8.0,2.0,4,5,5,0,13.0,0.0,1.0,4.0,121.75999999999999,False,True,False,True,False,False,False,False,True,False,True,False,False,False,False,True
9.0,2,7.0,2.0,3,3,1,0,21.0,0.0,1.0,3.0,120.63999999999999,False,True,False,False,False,True,False,False,True,False,False,True,False,False,True,False
7.0,1,16.0,3.0,3,3,2,1,11.0,1.0,1.0,2.0,129.36,False,True,False,False,False,True,False,False,True,False,False,True,False,False,False,True
8.0,3,21.0,3.0,4,3,3,1,19.0,2.0,2.0,7.0,150.79,True,False,True,False,False,False,False,False,False,False,False,False,True,False,True,False
31.0,3,17.0,3.0,4,3,2,0,14.0,1.0,2.0,9.0,263.72,True,False,False,False,True,False,False,False,True,True,False,False,False,False,False,True
0.0,3,14.0,2.0,3,4,2,0,18.0,0.0,1.0,7.0,162.14,True,False,False,False,False,False,True,False,False,False,True,False,False,False,False,False
14.0,3,8.0,3.0,3,5,8,0,16.0,1.0,11.0,8.0,265.95,True,False,False,False,False,True,False,False,False,True,False,False,False,False,True,False
5.0,1,11.0,4.0,2,3,10,0,13.0,2.0,3.0,3.0,164.78,True,False,False,False,True,False,False,False,False,False,False,False,True,False,True,False
8.0,1,36.0,3.0,4,3,6,0,14.0,6.0,8.0,8.0,179.29,True,False,False,False,True,False,False,False,True,False,True,False,False,False,True,False
11.0,1,8.0,3.0,3,3,7,1,13.0,0.0,1.0,1.0,130.57,False,True,False,False,False,False,False,False,True,False,False,True,False,False,True,False
29.0,1,9.0,3.0,5,5,9,0,15.0,4.0,7.0,3.0,292.56,False,False,False,False,True,False,False,False,True,True,False,False,False,False,False,True
23.0,1,15.0,3.0,4,4,6,0,12.0,1.0,2.0,8.0,199.03,True,False,False,False,False,False,False,True,False,False,False,False,False,False,True,False
12.0,1,24.0,2.0,3,3,1,0,11.0,0.0,1.0,7.0,145.34,False,True,False,False,False,True,False,False,True,False,True,False,False,False,False,True
4.0,1,10.0,3.0,4,1,6,0,16.0,2.0,2.0,5.0,145.97,False,False,False,False,False,True,False,False,True,False,False,False,True,False,True,False
4.0,1,13.0,2.0,3,5,2,0,12.0,3.0,3.0,12.0,143.06,False,True,False,False,True,False,False,False,False,False,True,False,False,False,False,False
1.0,1,6.0,3.0,5,3,3,0,13.0,1.0,2.0,3.0,155.33,True,False,False,False,False,True,False,False,True,False,False,False,True,False,False,True
0.0,1,17.0,2.0,3,5,2,1,13.0,2.0,3.0,3.0,147.41,False,False,False,False,True,False,False,False,True,False,True,False,False,False,False,False
0.0,1,16.0,2.0,3,5,2,0,15.0,0.0,1.0,8.0,142.13,False,True,False,False,True,False,False,False,True,False,True,False,False,False,False,True
13.0,3,13.0,3.0,2,3,4,0,12.0,4.0,8.0,7.0,207.37,True,False,False,False,True,False,False,False,True,False,False,False,False,False,True,False
22.0,1,13.0,2.0,4,3,9,0,24.0,1.0,1.0,3.0,209.64999999999998,True,False,False,False,False,False,False,True,True,False,False,False,False,False,False,True
4.0,1,10.0,4.0,4,3,3,0,21.0,2.0,2.0,1.0,145.83,False,False,False,False,True,False,False,False,False,False,False,False,True,False,True,False
4.0,3,10.0,2.0,3,4,2,0,18.0,4.0,7.0,7.0,193.55,False,False,False,False,False,False,True,False,True,False,True,False,False,False,False,True
3.0,1,10.0,3.0,4,5,3,1,19.0,1.0,2.0,6.0,172.23,True,False,False,False,True,False,False,False,True,False,False,False,True,False,False,True
4.0,1,9.0,4.0,5,5,2,0,17.0,1.0,2.0,8.0,174.68,False,False,True,False,False,False,False,False,False,False,False,False,True,False,False,True
16.0,1,12.0,2.0,4,2,5,1,14.0,1.0,1.0,0.0,266.27,True,False,False,False,False,False,False,True,True,True,False,False,False,False,True,False
22.0,1,13.0,2.0,3,4,4,0,14.0,0.0,1.0,7.0,204.66,True,False,False,False,False,True,False,False,True,False,False,False,False,False,True,False
16.0,1,15.0,3.0,3,3,4,1,13.0,1.0,4.0,7.0,156.79,False,False,False,False,True,False,False,False,True,False,True,False,False,False,True,False
23.0,1,23.0,4.0,4,5,6,1,17.0,2.0,3.0,3.0,150.87,True,False,False,False,True,False,False,False,False,False,False,False,True,False,True,False
13.0,3,14.0,2.0,3,3,4,1,14.0,1.0,1.0,3.0,167.96,False,False,True,False,False,False,False,False,True,False,True,False,False,False,False,False
13.0,3,34.0,2.0,4,5,5,1,13.0,0.0,2.0,0.0,208.54000000000002,True,False,False,False,False,False,True,False,True,False,False,False,False,False,True,False
9.0,1,34.0,3.0,4,3,4,0,17.0,1.0,2.0,8.0,193.83,True,False,False,False,False,True,False,False,True,False,True,False,False,False,True,False
9.0,1,18.0,4.0,5,5,4,1,14.0,2.0,3.0,3.0,223.84,False,False,False,False,True,False,False,False,True,False,False,False,False,False,True,False
18.0,2,7.0,3.0,5,3,6,0,12.0,2.0,2.0,3.0,184.85,True,False,False,False,False,True,False,False,False,False,True,False,False,False,False,True
1.0,1,7.0,3.0,5,4,3,0,14.0,2.0,2.0,1.0,153.36,True,False,False,False,False,True,False,False,False,False,False,False,True,False,False,True
6.0,3,14.0,2.0,4,2,1,0,19.0,2.0,2.0,2.0,123.41999999999999,False,False,False,False,False,True,False,False,False,False,False,True,False,False,False,True
1.0,1,18.0,4.0,5,5,3,1,16.0,2.0,2.0,1.0,151.0,True,False,False,False,True,False,False,False,False,False,False,False,True,False,False,True
22.0,1,24.0,2.0,4,3,2,1,15.0,0.0,1.0,9.0,295.02,True,False,False,False,False,True,False,False,True,False,False,False,False,True,True,False
4.0,1,16.0,2.0,3,3,5,0,20.0,3.0,4.0,3.0,210.31,False,False,False,False,True,False,False,False,False,False,False,False,False,False,True,False
18.0,1,13.0,2.0,3,5,3,0,17.0,0.0,1.0,0.0,197.24,True,False,False,False,False,True,False,False,True,False,False,False,False,False,True,False
2.0,1,8.0,2.0,3,1,2,0,19.0,0.0,1.0,3.0,188.53,False,False,False,False,False,True,False,False,True,False,True,False,False,False,True,False
10.0,1,7.0,4.0,6,5,4,1,22.0,6.0,8.0,3.0,227.52,True,False,False,True,False,False,False,False,False,False,False,False,False,False,True,False
2.0,1,8.0,3.0,3,4,1,0,13.0,0.0,1.0,2.0,131.8,False,False,False,False,False,True,False,False,False,False,False,True,False,False,False,False
5.0,2,9.0,4.0,5,5,5,0,13.0,1.0,2.0,1.0,189.1,True,False,False,False,False,False,False,True,True,False,True,False,False,False,False,False
13.0,1,7.0,4.0,5,2,3,0,17.0,1.0,2.0,9.0,252.42000000000002,True,False,False,False,False,True,False,False,False,True,False,False,False,False,False,False
19.0,1,9.0,4.0,5,1,11,0,15.0,2.0,12.0,9.0,292.92,False,False,False,False,True,False,False,False,True,True,False,False,False,False,True,False
0.0,1,21.0,2.0,3,3,8,0,14.0,0.0,1.0,0.0,148.34,False,True,False,False,False,False,False,True,True,False,True,False,False,False,True,False
3.0,1,36.0,4.0,6,3,10,0,18.0,2.0,2.0,7.0,188.84,True,False,False,False,False,True,False,False,True,False,True,False,False,False,True,False
1.0,1,12.0,4.0,4,1,3,0,16.0,1.0,2.0,1.0,135.51,False,False,False,False,False,True,False,False,True,False,False,False,True,False,False,True
7.0,1,14.0,2.0,1,3,3,0,12.0,0.0,1.0,2.0,144.04,False,True,False,False,True,False,False,False,True,False,True,False,False,False,True,False
6.0,1,12.0,4.0,5,4,5,0,13.0,2.0,3.0,6.0,183.78,True,False,False,False,False,True,False,False,False,False,True,False,False,False,True,False
4.0,1,10.0,3.0,4,2,6,0,16.0,1.0,2.0,5.0,145.97,False,False,False,False,False,True,False,False,True,False,False,False,True,False,False,False
13.0,1,15.0,2.0,3,3,4,0,11.0,0.0,1.0,7.0,139.75,False,False,False,False,False,False,False,True,True,False,True,False,False,False,True,False
8.0,3,17.0,3.0,4,3,3,1,15.0,2.0,2.0,8.0,165.01,False,False,False,False,False,True,False,False,True,False,True,False,False,False,True,False
1.0,1,24.0,3.0,4,4,2,1,17.0,1.0,2.0,2.0,155.58,True,False,True,False,False,False,False,False,True,False,False,False,True,False,True,False
8.0,1,7.0,3.0,4,1,3,0,13.0,2.0,9.0,9.0,151.91,True,False,False,False,False,True,False,False,True,False,False,False,True,False,True,False
1.0,1,9.0,3.0,5,5,9,0,12.0,1.0,2.0,1.0,150.61,False,False,False,False,True,False,False,False,True,False,False,False,True,False,False,True
13.0,1,12.0,3.0,3,3,8,0,15.0,4.0,2.0,13.0,232.37,True,False,False,False,False,True,False,False,False,True,False,False,False,False,False,True
14.0,1,7.0,3.0,4,1,10,0,20.0,1.0,2.0,1.0,149.06,False,True,False,False,False,True,False,False,True,False,False,False,True,False,True,False
0.0,1,14.0,2.0,4,3,2,0,13.0,2.0,2.0,2.0,125.38999999999999,False,True,False,False,False,True,False,False,True,False,False,True,False,False,False,False
7.0,3,17.0,3.0,4,3,3,0,15.0,1.0,2.0,10.0,179.87,True,False,False,False,False,False,True,False,True,False,True,False,False,False,False,True
7.0,1,25.0,3.0,3,1,1,0,11.0,0.0,1.0,2.0,126.61000000000001,False,True,False,False,False,False,False,False,True,False,False,True,False,False,True,False
27.0,3,9.0,3.0,4,3,8,0,14.0,1.0,16.0,3.0,273.52,True,False,False,False,True,False,False,False,True,True,False,False,False,False,True,False
20.0,1,8.0,3.0,3,2,6,0,13.0,0.0,1.0,4.0,150.7,True,False,False,False,True,False,False,False,False,False,True,False,False,False,True,False
11.0,3,15.0,3.0,4,4,1,0,19.0,0.0,1.0,2.0,128.99,False,True,False,False,False,False,True,False,True,False,False,True,False,False,False,False
3.0,3,31.0,2.0,4,4,3,1,12.0,1.0,1.0,0.0,190.94,True,False,False,False,False,False,True,False,True,False,False,False,False,False,False,True
7.0,3,14.0,2.0,4,4,2,0,18.0,1.0,2.0,3.0,168.02,False,False,False,False,False,True,False,False,False,False,True,False,False,False,True,False
18.0,1,12.0,3.0,5,3,5,0,15.0,1.0,2.0,4.0,156.62,False,False,False,False,False,True,False,False,True,False,False,False,True,False,False,True
10.0,1,15.0,4.0,3,5,11,0,15.0,1.0,2.0,6.0,242.13,False,False,False,False,False,True,False,False,False,False,False,False,False,False,False,False
24.0,1,9.0,4.0,4,3,4,1,15.0,8.0,8.0,8.0,317.37,True,False,False,False,True,False,False,False,True,False,False,False,False,True,False,False
5.0,3,11.0,2.0,3,4,2,0,14.0,2.0,5.0,3.0,165.24,False,False,False,False,False,True,False,False,True,False,True,False,False,False,True,False
20.0,1,14.0,2.0,3,3,5,0,24.0,0.0,1.0,0.0,124.78999999999999,False,True,True,False,False,False,False,False,True,False,False,True,False,False,False,True
3.0,3,14.0,3.0,3,4,2,0,18.0,1.0,1.0,0.0,124.75999999999999,False,True,True,False,False,False,False,False,True,False,False,True,False,False,True,False
28.0,2,32.0,3.0,1,4,5,1,15.0,1.0,1.0,4.0,296.36,True,False,False,False,False,False,False,True,True,False,False,False,False,True,True,False
9.0,1,8.0,2.0,3,4,10,1,11.0,4.0,5.0,12.0,154.1,True,False,False,False,False,True,False,False,False,False,True,False,False,False,False,True
0.0,3,10.0,2.0,5,2,2,0,11.0,7.0,9.0,8.0,204.0,True,False,False,False,True,False,False,False,True,False,False,False,False,False,False,False
9.0,3,19.0,3.0,3,4,2,0,13.0,0.0,1.0,0.0,120.33000000000001,False,False,False,False,False,True,False,False,False,False,False,True,False,False,False,False
8.0,1,12.0,3.0,5,1,3,0,15.0,5.0,5.0,14.0,164.86,True,False,False,False,True,False,False,False,True,False,True,False,False,False,True,False
5.0,3,16.0,2.0,3,1,2,0,12.0,1.0,1.0,8.0,153.96,True,False,False,False,False,False,True,False,True,False,True,False,False,False,False,True
0.0,3,16.0,3.0,4,3,2,0,12.0,1.0,1.0,0.0,112.0,True,False,False,False,True,False,False,False,False,False,False,False,True,False,False,True
0.0,3,8.0,2.0,5,1,4,0,20.0,0.0,1.0,0.0,150.71,False,False,False,False,False,True,False,False,True,False,True,False,False,False,False,True
11.0,3,26.0,3.0,4,4,3,1,14.0,1.0,2.0,10.0,201.42,False,False,False,False,True,False,False,False,True,False,False,False,False,False,False,True
11.0,3,9.0,2.0,3,1,9,1,12.0,1.0,1.0,0.0,168.61,True,False,False,False,False,True,False,False,True,False,True,False,False,False,False,True
12.0,1,30.0,3.0,4,1,11,0,15.0,1.0,2.0,3.0,182.45,True,False,False,False,False,True,False,False,True,False,True,False,False,False,True,False
14.0,1,12.0,2.0,3,5,3,1,13.0,1.0,2.0,17.0,147.21,False,True,False,False,True,False,False,False,True,False,False,False,True,False,False,True
7.0,1,14.0,2.0,1,3,1,0,17.0,1.0,1.0,0.0,125.85,False,True,True,False,False,False,False,False,False,False,False,True,False,False,False,False
10.0,1,16.0,3.0,2,2,4,0,17.0,1.0,1.0,0.0,146.8,False,True,False,False,False,True,False,False,True,False,False,False,True,False,False,True
16.0,1,15.0,3.0,3,3,4,1,13.0,2.0,4.0,7.0,156.79,False,False,False,False,True,False,False,False,True,False,True,False,False,False,True,False
24.0,1,31.0,4.0,4,3,5,1,19.0,1.0,2.0,6.0,264.73,True,False,False,False,False,True,False,False,True,True,False,False,False,False,True,False
4.0,3,12.0,3.0,4,2,4,0,13.0,3.0,8.0,3.0,219.19,True,False,False,False,False,True,False,False,False,False,False,False,False,False,False,False
1.0,2,30.0,3.0,4,5,11,1,16.0,2.0,2.0,3.0,224.5,False,False,False,False,False,False,False,True,False,False,False,False,False,False,True,False
21.0,1,10.0,2.0,3,2,2,0,11.0,1.0,1.0,8.0,178.98,True,False,False,False,False,True,False,False,True,False,False,False,False,False,False,True
14.0,1,13.0,2.0,5,3,2,0,15.0,1.0,5.0,10.0,299.73,False,False,False,False,False,True,False,False,False,False,False,False,False,True,True,False
1.0,1,23.0,3.0,2,5,3,0,17.0,16.0,16.0,15.0,152.43,True,False,False,False,False,True,False,False,False,False,False,False,True,False,False,True
0.0,3,11.0,3.0,4,3,1,0,18.0,1.0,1.0,0.0,129.66,False,True,False,False,False,False,False,True,False,False,False,True,False,False,False,True
24.0,3,32.0,3.0,3,3,3,0,14.0,1.0,4.0,17.0,263.07,True,False,False,False,False,False,True,False,False,True,False,False,False,False,True,False
13.0,1,17.0,3.0,3,3,2,0,11.0,7.0,9.0,4.0,163.23,False,False,True,False,False,False,False,False,False,False,True,False,False,False,True,False
8.0,3,6.0,2.0,3,3,10,0,11.0,0.0,6.0,9.0,147.17,False,True,False,False,False,False,True,False,True,False,True,False,False,False,True,False
16.0,1,8.0,3.0,4,1,1,0,16.0,1.0,1.0,9.0,201.69,True,False,False,True,False,False,False,False,False,False,False,False,False,False,True,False
9.0,1,8.0,3.0,3,4,2,0,12.0,1.0,1.0,0.0,113.93,True,False,False,False,False,True,False,False,True,False,False,False,True,False,False,True
11.0,1,17.0,4.0,4,5,8,0,21.0,2.0,2.0,4.0,159.52,True,False,False,False,True,False,False,False,False,False,False,False,True,False,True,False
9.0,1,23.0,3.0,4,4,2,0,21.0,1.0,1.0,0.0,121.27000000000001,False,True,False,False,False,False,False,True,True,False,False,True,False,False,False,False
1.0,1,9.0,3.0,4,3,8,1,20.0,1.0,2.0,3.0,164.77,True,False,False,False,False,False,False,True,True,False,False,False,True,False,True,False
16.0,3,8.0,3.0,3,1,2,0,20.0,7.0,7.0,7.0,156.75,False,False,False,False,False,True,False,False,True,False,True,False,False,False,True,False
18.0,1,10.0,2.0,3,4,2,0,12.0,1.0,1.0,8.0,144.47,False,False,False,False,False,True,False,False,True,False,True,False,False,False,False,False
0.0,1,14.0,3.0,4,3,2,1,15.0,0.0,1.0,1.0,125.66,False,False,False,False,False,False,False,False,True,False,False,True,False,False,True,False
21.0,1,21.0,4.0,4,4,10,0,19.0,1.0,2.0,8.0,179.67,False,False,True,False,False,False,False,False,True,False,True,False,False,False,True,False
9.0,1,11.0,3.0,3,3,5,0,17.0,0.0,2.0,0.0,120.93,False,False,False,False,False,False,False,True,True,False,False,True,False,False,True,False
9.0,1,16.0,2.0,2,3,4,1,13.0,0.0,1.0,7.0,122.13,False,True,False,False,False,True,False,False,False,False,False,True,False,False,False,False
15.0,3,20.0,3.0,4,3,8,0,17.0,0.0,1.0,3.0,162.44,True,False,False,False,True,False,False,False,False,False,True,False,False,False,False,True
7.0,1,24.0,3.0,5,3,11,1,17.0,2.0,2.0,1.0,149.37,False,False,True,False,False,False,False,False,True,False,False,False,True,False,True,False
0.0,1,22.0,3.0,1,5,2,0,16.0,15.0,15.0,14.0,127.43,False,True,False,False,False,True,False,False,False,False,False,True,False,False,False,True
10.0,3,9.0,4.0,4,1,5,1,22.0,2.0,2.0,3.0,151.44,True,False,False,False,False,True,False,False,True,False,False,False,True,False,False,True
28.0,1,15.0,3.0,4,3,9,0,12.0,2.0,2.0,1.0,162.8,True,False,False,False,False,True,False,False,False,False,True,False,False,False,False,True
1.0,3,17.0,3.0,4,1,3,0,14.0,1.0,2.0,3.0,171.84,True,False,False,False,True,False,False,False,True,False,True,False,False,False,False,True
4.0,2,16.0,3.0,4,1,2,1,20.0,5.0,5.0,8.0,188.47,True,False,False,False,False,False,False,True,True,False,True,False,False,False,True,False
9.0,3,23.0,4.0,4,4,2,0,16.0,4.0,7.0,10.0,205.2,True,False,False,False,False,False,True,False,True,False,False,False,False,False,True,False
5.0,3,14.0,4.0,4,5,4,0,15.0,3.0,3.0,3.0,221.37,False,False,False,False,False,False,True,False,False,False,False,False,False,False,True,False
7.0,1,25.0,2.0,3,4,5,0,13.0,3.0,5.0,10.0,144.44,False,False,False,False,True,False,False,False,False,False,True,False,False,False,True,False
1.0,3,7.0,2.0,4,1,2,1,12.0,1.0,1.0,7.0,168.34,False,False,False,False,False,True,False,False,True,False,True,False,False,False,True,False
19.0,1,14.0,3.0,3,1,2,0,16.0,0.0,1.0,0.0,125.87,False,True,False,False,False,True,False,False,True,False,False,True,False,False,False,True
4.0,3,17.0,4.0,5,3,3,0,19.0,2.0,2.0,5.0,190.78,True,False,False,False,False,False,True,False,True,False,True,False,False,False,False,False
1.0,1,9.0,3.0,4,1,4,0,14.0,1.0,2.0,3.0,150.8,False,False,False,False,True,False,False,False,True,False,False,False,True,False,False,True
8.0,1,14.0,2.0,3,3,2,0,12.0,2.0,2.0,9.0,141.48,False,False,False,False,False,True,False,False,False,False,True,False,False,False,True,False
16.0,2,9.0,3.0,4,3,2,1,12.0,2.0,2.0,1.0,151.96,True,False,True,False,False,False,False,False,True,False,False,False,True,False,True,False
14.0,1,33.0,3.0,4,4,3,0,12.0,1.0,3.0,14.0,181.05,False,False,False,False,True,False,False,False,False,False,True,False,False,False,True,False
9.0,1,14.0,2.0,4,4,2,0,12.0,0.0,1.0,0.0,112.61000000000001,True,False,False,False,False,True,False,False,False,False,False,False,True,False,False,True
8.0,1,14.0,3.0,4,1,3,0,14.0,1.0,2.0,1.0,154.72,True,False,False,False,True,False,False,False,True,False,False,False,True,False,False,True
9.0,3,7.0,3.0,4,3,11,0,12.0,1.0,7.0,10.0,172.17,True,False,False,False,False,False,True,False,True,False,True,False,False,False,True,False
16.0,2,9.0,3.0,4,3,2,1,12.0,2.0,2.0,1.0,151.96,True,False,True,False,False,False,False,False,True,False,False,False,True,False,True,False
5.0,3,17.0,3.0,4,1,4,1,12.0,1.0,2.0,5.0,190.83,True,False,False,False,True,False,False,False,False,False,True,False,False,False,True,False
4.0,3,35.0,3.0,4,1,2,0,14.0,0.0,5.0,7.0,154.68,True,False,False,False,False,False,True,False,False,False,True,False,False,False,True,False
1.0,1,7.0,3.0,5,2,8,0,23.0,3.0,3.0,3.0,172.75,True,False,False,False,False,True,False,False,True,False,True,False,False,False,False,False
9.0,1,27.0,3.0,3,1,8,0,20.0,1.0,1.0,2.0,122.58000000000001,False,False,False,False,False,False,False,False,True,False,False,True,False,False,True,False
13.0,1,7.0,3.0,2,1,2,0,18.0,2.0,4.0,3.0,221.13,True,False,False,False,True,False,False,False,True,False,False,False,False,False,True,False
1.0,1,12.0,3.0,4,4,2,0,18.0,1.0,2.0,3.0,149.22,False,False,False,False,True,False,False,False,False,False,False,False,True,False,False,True
17.0,2,9.0,4.0,4,1,2,0,14.0,1.0,2.0,9.0,160.39,True,False,False,False,False,True,False,False,True,False,False,False,True,False,False,True
0.0,1,8.0,2.0,3,3,7,1,19.0,0.0,1.0,2.0,139.77,False,True,False,False,False,False,False,True,True,False,False,False,True,False,True,False
3.0,3,27.0,3.0,4,1,4,0,15.0,2.0,2.0,3.0,194.31,True,False,False,False,False,False,True,False,True,False,True,False,False,False,True,False
0.0,1,16.0,2.0,3,3,2,1,11.0,0.0,1.0,1.0,110.09,True,False,False,False,True,False,False,False,True,False,False,False,True,False,False,True
6.0,1,7.0,4.0,5,4,8,0,21.0,2.0,2.0,3.0,148.32,False,False,False,False,False,True,False,False,False,False,False,False,True,False,False,False
24.0,3,6.0,3.0,4,3,6,1,15.0,1.0,2.0,1.0,318.31,True,False,False,False,False,False,True,False,True,False,False,False,False,True,True,False
7.0,2,10.0,3.0,4,4,5,1,12.0,1.0,2.0,4.0,147.77,False,True,False,False,False,False,False,True,True,False,False,False,True,False,True,False
0.0,1,11.0,3.0,3,1,2,0,15.0,0.0,1.0,0.0,110.50999999999999,False,False,False,False,False,True,False,False,True,False,False,False,True,False,False,True
9.0,1,9.0,1.0,3,4,5,0,12.0,6.0,7.0,7.0,144.85,False,True,True,False,False,False,False,False,True,False,True,False,False,False,False,True
0.0,1,14.0,2.0,4,4,2,0,15.0,1.0,1.0,0.0,125.96000000000001,False,False,False,False,False,False,False,False,True,False,False,True,False,False,True,False
8.0,1,33.0,2.0,3,3,3,0,16.0,0.0,1.0,7.0,168.83,True,False,False,False,False,True,False,False,True,False,True,False,False,False,True,False
15.0,1,16.0,3.0,3,3,4,0,22.0,3.0,3.0,3.0,129.36,False,False,True,False,False,False,False,False,True,False,False,True,False,False,True,False
29.0,2,33.0,4.0,2,4,6,1,15.0,2.0,2.0,5.0,321.36,True,False,False,False,False,False,False,True,True,False,False,False,False,True,True,False
7.0,1,30.0,3.0,3,3,4,1,22.0,0.0,1.0,0.0,131.61,False,False,False,False,False,True,False,False,True,False,False,True,False,False,True,False
10.0,2,15.0,4.0,5,5,2,0,22.0,2.0,2.0,4.0,148.42,False,True,False,False,False,True,False,False,True,False,False,False,True,False,False,False
0.0,3,15.0,3.0,4,5,4,0,12.0,2.0,2.0,2.0,144.0,False,True,False,False,False,True,False,False,True,False,False,False,True,False,True,False
25.0,1,5.0,2.0,3,4,8,0,19.0,2.0,4.0,0.0,204.45,True,False,False,False,False,True,False,False,True,False,False,False,False,False,False,True
9.0,2,14.0,3.0,4,1,7,0,11.0,1.0,1.0,2.0,121.80000000000001,False,False,False,False,False,False,False,True,False,False,False,True,False,False,True,False
1.0,1,7.0,3.0,4,4,3,0,12.0,1.0,2.0,5.0,163.16,True,False,False,False,True,False,False,False,True,False,False,False,True,False,True,False
12.0,1,6.0,2.0,3,3,2,1,14.0,0.0,1.0,6.0,291.97,False,False,False,False,False,True,False,False,True,False,False,False,False,True,True,False
10.0,1,7.0,2.0,4,1,2,0,13.0,0.0,3.0,11.0,164.74,True,False,False,False,False,True,False,False,False,False,True,False,False,False,True,False
1.0,1,10.0,4.0,5,3,3,0,18.0,2.0,2.0,1.0,157.3,True,False,False,False,True,False,False,False,True,False,False,False,True,False,False,True
0.0,1,14.0,2.0,4,3,2,0,13.0,1.0,2.0,2.0,125.38999999999999,False,True,False,False,False,True,False,False,True,False,False,True,False,False,True,False
21.0,1,23.0,4.0,2,3,3,1,20.0,2.0,3.0,8.0,175.67,False,False,False,False,True,False,False,False,True,False,True,False,False,False,True,False
0.0,1,29.0,2.0,4,3,4,1,13.0,1.0,1.0,1.0,159.16,True,False,False,False,False,True,False,False,True,False,True,False,False,False,False,False
22.0,1,9.0,2.0,4,5,5,0,25.0,0.0,1.0,2.0,147.89,False,True,False,False,True,False,False,False,False,False,True,False,False,False,True,False
8.0,1,7.0,3.0,4,4,3,1,13.0,2.0,3.0,4.0,148.42,False,False,False,False,True,False,False,False,True,False,False,False,True,False,True,False
4.0,3,14.0,4.0,4,5,9,0,15.0,2.0,2.0,3.0,172.79,True,False,False,False,False,False,True,False,False,False,True,False,False,False,True,False
7.0,1,14.0,2.0,3,5,4,0,14.0,1.0,1.0,0.0,151.21,True,False,False,False,False,True,False,False,False,False,True,False,False,False,True,False
1.0,3,9.0,3.0,5,4,9,1,13.0,2.0,3.0,3.0,224.07,True,False,False,False,False,False,True,False,True,False,True,False,False,False,False,True
9.0,3,15.0,4.0,5,1,6,1,12.0,4.0,5.0,3.0,228.77,False,False,False,False,False,False,True,False,False,False,False,False,False,False,True,False
10.0,3,15.0,2.0,4,4,2,0,14.0,0.0,1.0,3.0,141.89,False,True,False,False,False,False,True,False,True,False,True,False,False,False,True,False
13.0,1,32.0,4.0,4,3,5,0,22.0,1.0,2.0,6.0,234.2,False,False,False,False,False,True,False,False,True,False,False,False,False,False,True,False
11.0,3,11.0,3.0,4,1,6,0,18.0,4.0,6.0,9.0,152.93,False,False,False,False,False,False,True,False,True,False,False,False,True,False,True,False
14.0,1,27.0,4.0,4,2,6,0,21.0,5.0,12.0,3.0,228.22,True,False,False,True,False,False,False,False,True,False,False,False,False,False,False,False
9.0,3,9.0,3.0,3,4,4,1,16.0,0.0,1.0,1.0,192.78,True,False,False,False,False,False,True,False,False,False,True,False,False,False,False,True
27.0,3,15.0,4.0,4,1,7,0,15.0,3.0,2.0,3.0,243.36,True,False,False,False,False,False,True,False,True,True,False,False,False,False,True,False
4.0,1,16.0,4.0,4,3,9,1,19.0,1.0,2.0,8.0,171.95,False,False,False,False,True,False,False,False,False,False,True,False,False,False,False,True
28.0,1,26.0,4.0,4,5,11,1,12.0,1.0,2.0,5.0,179.85,True,False,False,False,True,False,False,False,False,False,True,False,False,False,True,False
8.0,3,6.0,3.0,3,4,2,0,13.0,1.0,1.0,6.0,172.95,True,False,False,False,False,False,True,False,True,False,False,False,False,False,False,False
19.0,1,8.0,2.0,3,3,7,0,13.0,1.0,1.0,1.0,278.61,True,False,False,False,False,True,False,False,True,True,False,False,False,False,False,False
30.0,1,14.0,2.0,3,3,2,0,12.0,2.0,2.0,2.0,123.72,False,True,False,False,False,True,False,False,True,False,False,True,False,False,True,False
12.0,1,7.0,4.0,4,5,3,0,14.0,4.0,6.0,12.0,260.82,True,False,False,True,False,False,False,False,False,False,False,False,False,False,False,False
13.0,1,8.0,2.0,3,5,5,0,17.0,1.0,1.0,2.0,133.77,False,True,False,False,False,True,False,False,False,False,False,True,False,False,True,False
3.0,1,9.0,4.0,4,4,2,0,14.0,2.0,2.0,3.0,156.8,False,False,False,False,False,True,False,False,False,False,False,False,True,False,True,False
13.0,1,26.0,3.0,4,1,10,0,15.0,1.0,3.0,3.0,164.02,True,False,False,False,False,False,False,True,True,False,True,False,False,False,True,False
4.0,1,9.0,3.0,5,1,2,0,14.0,1.0,2.0,3.0,152.2,True,False,False,False,True,False,False,False,True,False,False,False,True,False,False,True
2.0,1,34.0,3.0,6,5,2,0,22.0,2.0,2.0,1.0,173.77,True,False,False,False,True,False,False,False,False,False,True,False,False,False,True,False
9.0,1,8.0,3.0,4,3,2,0,14.0,1.0,1.0,0.0,122.74000000000001,False,True,False,False,False,True,False,False,False,False,False,True,False,False,False,True
17.0,1,7.0,3.0,4,2,6,0,14.0,2.0,3.0,3.0,180.62,False,False,False,False,False,True,False,False,False,False,True,False,False,False,False,False
9.0,1,9.0,3.0,4,1,4,0,17.0,0.0,1.0,0.0,121.77000000000001,False,True,False,False,False,True,False,False,True,False,False,True,False,False,True,False
5.0,3,7.0,4.0,4,2,10,1,12.0,2.0,2.0,6.0,184.93,True,False,False,False,False,True,False,False,False,False,True,False,False,False,False,True
1.0,3,7.0,4.0,4,4,3,1,17.0,1.0,2.0,5.0,157.02,True,False,True,False,False,False,False,False,False,False,False,False,True,False,False,True
1.0,1,17.0,3.0,4,3,3,1,12.0,1.0,2.0,2.0,135.09,False,True,False,False,True,False,False,False,True,False,False,True,False,False,False,True
11.0,3,8.0,2.0,3,4,8,0,16.0,1.0,1.0,0.0,173.51,True,False,False,False,False,False,True,False,True,False,False,False,False,False,False,True
0.0,1,13.0,2.0,3,3,4,1,13.0,4.0,7.0,7.0,133.39,False,True,True,False,False,False,False,False,False,False,False,True,False,False,True,False
24.0,1,6.0,1.0,4,5,4,0,20.0,4.0,12.0,8.0,174.84,False,False,False,False,True,False,False,False,False,False,False,False,False,False,False,True
2.0,1,28.0,3.0,4,2,3,0,12.0,1.0,2.0,3.0,152.13,True,False,False,False,True,False,False,False,True,False,False,False,True,False,False,False
20.0,1,25.0,3.0,4,3,4,0,15.0,1.0,2.0,9.0,173.1,True,False,False,False,True,False,False,False,False,False,True,False,False,False,True,False
28.0,1,14.0,2.0,4,4,2,1,15.0,3.0,2.0,0.0,235.76999999999998,False,False,False,False,True,False,False,False,True,True,False,False,False,False,True,False
14.0,3,7.0,3.0,4,3,5,1,15.0,1.0,2.0,1.0,172.28,False,False,False,False,False,False,False,True,True,False,True,False,False,False,False,True
14.0,3,9.0,3.0,4,4,9,0,13.0,1.0,2.0,4.0,182.15,True,False,False,False,False,False,True,False,False,False,True,False,False,False,True,False
0.0,3,10.0,2.0,3,3,2,1,12.0,1.0,1.0,3.0,141.62,False,True,False,False,True,False,False,False,False,False,True,False,False,False,True,False
3.0,3,18.0,2.0,3,3,1,0,11.0,3.0,4.0,4.0,165.77,True,False,True,False,False,False,False,False,False,False,True,False,False,False,False,True
8.0,1,26.0,4.0,4,1,2,0,12.0,1.0,2.0,3.0,151.61,True,False,False,False,True,False,False,False,True,False,False,False,True,False,True,False
12.0,3,10.0,3.0,4,2,10,1,13.0,2.0,2.0,1.0,193.61,True,False,False,False,False,True,False,False,True,False,True,False,False,False,False,True
0.0,1,14.0,2.0,3,1,6,1,13.0,1.0,1.0,4.0,124.36000000000001,False,True,False,False,False,False,False,False,True,False,False,True,False,False,True,False
9.0,3,8.0,3.0,3,1,2,0,13.0,2.0,2.0,2.0,120.13999999999999,True,False,False,False,False,False,True,False,False,False,False,True,False,False,True,False
10.0,1,28.0,4.0,4,4,6,0,23.0,2.0,4.0,3.0,214.26,True,False,False,False,True,False,False,False,False,False,True,False,False,False,True,False
8.0,1,24.0,2.0,1,5,2,0,11.0,1.0,1.0,10.0,152.08,True,False,False,False,False,True,False,False,True,False,True,False,False,False,True,False
2.0,3,25.0,3.0,4,3,2,0,14.0,1.0,1.0,4.0,186.2,True,False,False,False,False,True,False,False,True,False,True,False,False,False,True,False
2.0,1,8.0,2.0,4,5,3,1,23.0,0.0,1.0,0.0,136.46,False,False,False,False,False,True,False,False,False,False,False,False,True,False,False,True
5.0,3,14.0,4.0,2,1,6,0,12.0,4.0,8.0,8.0,194.29,True,False,False,True,False,False,False,False,True,False,True,False,False,False,True,False
8.0,3,11.0,4.0,4,3,11,0,16.0,1.0,2.0,3.0,190.38,False,False,False,False,False,False,True,False,False,False,True,False,False,False,True,False
9.0,1,13.0,3.0,3,5,4,1,14.0,0.0,1.0,3.0,121.66,False,True,False,False,False,True,False,False,True,False,False,True,False,False,False,True
11.0,3,17.0,3.0,5,2,4,1,15.0,1.0,2.0,1.0,191.94,True,False,False,False,False,True,False,False,False,False,True,False,False,False,True,False
1.0,1,18.0,4.0,4,5,2,0,15.0,2.0,2.0,5.0,145.99,False,True,False,False,False,True,False,False,True,False,False,False,True,False,False,False
9.0,1,17.0,3.0,4,2,3,0,21.0,2.0,2.0,3.0,164.17,True,False,False,False,False,False,False,True,True,False,False,False,True,False,True,False
10.0,1,20.0,3.0,3,5,2,0,12.0,10.0,12.0,17.0,130.34,False,True,False,False,False,True,False,False,False,False,False,True,False,False,True,False
4.0,3,32.0,3.0,4,3,9,1,13.0,2.0,3.0,3.0,172.36,False,False,True,False,False,False,False,False,False,False,True,False,False,False,False,False
0.0,1,14.0,3.0,1,1,1,0,18.0,2.0,7.0,7.0,125.44,False,False,False,False,False,False,False,True,True,False,False,True,False,False,True,False
13.0,1,14.0,2.0,4,4,3,0,11.0,1.0,2.0,8.0,237.57,False,False,False,False,True,False,False,False,True,False,False,False,False,False,True,False
25.0,1,9.0,3.0,6,4,7,0,19.0,1.0,2.0,3.0,179.82,True,False,False,False,True,False,False,False,True,False,True,False,False,False,True,False
8.0,3,14.0,3.0,4,3,2,1,26.0,4.0,6.0,8.0,148.08,False,True,True,False,False,False,False,False,True,False,False,False,True,False,True,False
16.0,3,30.0,3.0,3,5,7,1,13.0,0.0,2.0,2.0,204.48,True,False,False,False,False,True,False,False,True,False,False,False,False,False,False,True
3.0,1,16.0,4.0,2,3,8,0,19.0,2.0,2.0,1.0,149.51,True,False,False,False,False,True,False,False,True,False,False,False,True,False,True,False
4.0,1,16.0,4.0,4,5,3,0,12.0,6.0,7.0,11.0,155.72,False,False,False,False,True,False,False,False,True,False,True,False,False,False,True,False
8.0,1,16.0,3.0,4,2,2,0,12.0,2.0,2.0,3.0,210.0,True,False,False,False,False,True,False,False,True,False,False,False,False,False,True,False
14.0,3,7.0,4.0,4,3,9,0,13.0,2.0,2.0,2.0,192.28,False,False,False,False,False,True,False,False,True,False,True,False,False,False,True,False
13.0,1,29.0,3.0,4,5,3,1,14.0,2.0,2.0,9.0,233.8,False,False,False,False,True,False,False,False,False,False,False,False,False,False,False,True
14.0,3,9.0,4.0,4,4,7,0,13.0,2.0,2.0,1.0,168.27,False,False,False,False,True,False,False,False,True,False,True,False,False,False,False,False
3.0,1,6.0,2.0,4,3,2,0,22.0,4.0,5.0,8.0,184.74,False,False,False,False,False,True,False,False,True,False,False,False,False,False,False,True
1.0,1,11.0,3.0,4,1,11,1,24.0,2.0,2.0,1.0,147.85,False,False,True,False,False,False,False,False,True,False,False,False,True,False,False,True
4.0,1,30.0,3.0,4,5,2,0,19.0,0.0,1.0,8.0,168.12,True,False,False,False,True,False,False,False,False,False,True,False,False,False,False,True
1.0,3,7.0,3.0,5,4,3,1,12.0,2.0,2.0,3.0,146.74,False,False,True,False,False,False,False,False,False,False,False,False,True,False,False,True
0.0,1,14.0,3.0,5,5,2,0,15.0,1.0,1.0,1.0,124.50999999999999,False,True,False,False,False,True,False,False,True,False,False,True,False,False,False,False
19.0,3,9.0,2.0,3,4,9,0,12.0,1.0,5.0,1.0,266.06,True,False,False,False,False,True,False,False,False,True,False,False,False,False,False,False
21.0,1,7.0,4.0,4,4,2,0,19.0,1.0,2.0,13.0,244.57,False,False,False,False,True,False,False,False,False,False,False,False,False,False,True,False
0.0,3,35.0,2.0,3,3,6,0,12.0,1.0,1.0,0.0,143.06,False,True,False,False,True,False,False,False,True,False,True,False,False,False,True,False
10.0,3,6.0,2.0,5,1,2,0,14.0,0.0,1.0,3.0,195.25,False,False,False,False,True,False,False,False,True,False,True,False,False,False,True,False
1.0,3,7.0,4.0,6,5,2,0,22.0,2.0,2.0,1.0,148.25,False,False,True,False,False,False,False,False,False,False,False,False,True,False,False,True
8.0,2,7.0,4.0,5,5,11,0,15.0,3.0,4.0,3.0,229.82,True,False,False,False,True,False,False,False,True,False,False,False,False,False,True,False
13.0,3,20.0,2.0,3,5,2,0,15.0,0.0,1.0,2.0,146.39,False,True,False,False,False,True,False,False,False,False,True,False,False,False,True,False
1.0,3,26.0,3.0,5,4,3,1,19.0,1.0,2.0,1.0,149.13,False,True,False,False,False,False,True,False,True,False,False,False,True,False,True,False
21.0,1,14.0,3.0,5,5,9,1,15.0,2.0,6.0,3.0,225.08,True,False,False,False,True,False,False,False,False,False,False,False,False,False,True,False
29.0,1,21.0,4.0,2,4,10,0,15.0,3.0,3.0,16.0,312.22,True,False,False,False,True,False,False,False,True,False,False,False,False,True,False,True
1.0,3,8.0,3.0,4,4,3,1,12.0,3.0,3.0,3.0,148.02,False,False,False,False,False,True,False,False,False,False,False,False,True,False,False,True
9.0,1,10.0,3.0,4,5,2,0,13.0,0.0,1.0,0.0,121.09,False,True,False,True,False,False,False,False,False,False,False,True,False,False,True,False
13.0,3,6.0,2.0,3,3,4,1,14.0,1.0,1.0,0.0,147.28,False,False,False,False,False,False,False,True,True,False,True,False,False,False,False,True
8.0,1,26.0,3.0,5,1,3,0,13.0,2.0,9.0,8.0,154.29,True,False,False,False,False,True,False,False,False,False,False,False,True,False,True,False
7.0,3,27.0,3.0,2,2,2,0,12.0,5.0,5.0,7.0,153.37,True,False,False,False,False,True,False,False,True,False,True,False,False,False,False,True
1.0,1,9.0,3.0,3,4,1,0,17.0,0.0,1.0,7.0,176.55,True,False,False,False,True,False,False,False,False,False,False,False,False,False,True,False
1.0,3,34.0,3.0,4,2,3,0,23.0,2.0,2.0,10.0,201.39,True,False,False,False,False,False,True,False,False,False,False,False,False,False,False,False
16.0,3,7.0,2.0,4,3,3,0,26.0,7.0,12.0,7.0,174.07,True,False,False,False,False,True,False,False,True,False,True,False,False,False,True,False
22.0,3,9.0,3.0,3,4,5,0,13.0,3.0,3.0,3.0,206.2,True,False,False,False,False,False,True,False,True,False,True,False,False,False,False,False
7.0,3,21.0,3.0,3,5,2,0,12.0,1.0,9.0,6.0,161.25,True,False,False,False,True,False,False,False,False,False,True,False,False,False,False,True
6.0,1,14.0,2.0,3,1,1,0,14.0,1.0,1.0,2.0,125.0,False,True,False,False,False,True,False,False,True,False,False,True,False,False,False,True
18.0,1,8.0,2.0,4,1,2,0,19.0,2.0,3.0,9.0,157.7,True,False,False,False,False,False,False,True,False,False,True,False,False,False,True,False
0.0,3,16.0,2.0,3,2,1,0,14.0,0.0,1.0,1.0,149.5,False,True,False,False,False,True,False,False,True,False,True,False,False,False,False,True
17.0,1,34.0,3.0,2,4,7,0,13.0,2.0,2.0,3.0,173.76,True,False,True,False,False,False,False,False,True,False,False,False,True,False,True,False
24.0,1,29.0,3.0,6,1,3,1,14.0,1.0,14.0,10.0,269.11,False,False,False,False,True,False,False,False,True,True,False,False,False,False,False,True
6.0,3,11.0,3.0,3,1,7,0,13.0,1.0,1.0,2.0,199.98,False,False,False,False,False,True,False,False,True,False,True,False,False,False,True,False
0.0,1,15.0,3.0,3,5,5,0,17.0,0.0,1.0,7.0,153.46,False,False,False,False,False,True,False,False,True,False,True,False,False,False,True,False
12.0,1,12.0,2.0,3,4,5,0,18.0,2.0,2.0,2.0,183.76,True,False,False,False,False,True,False,False,False,False,False,False,False,False,False,True
18.0,1,26.0,3.0,5,5,3,1,18.0,0.0,1.0,7.0,208.51,True,False,False,False,True,False,False,False,True,False,False,False,False,False,True,False
10.0,1,15.0,4.0,2,5,11,0,15.0,1.0,2.0,6.0,242.13,False,False,False,False,False,True,False,False,False,False,False,False,False,False,True,False
0.0,1,8.0,2.0,4,1,1,0,12.0,1.0,1.0,1.0,139.04,False,True,False,False,True,False,False,False,True,False,False,False,True,False,False,True
7.0,1,11.0,3.0,4,4,7,0,16.0,1.0,2.0,8.0,155.55,False,False,True,False,False,False,False,False,True,False,True,False,False,False,True,False
0.0,1,10.0,3.0,3,2,2,1,20.0,0.0,2.0,2.0,128.75,False,True,False,False,False,True,False,False,True,False,False,True,False,False,False,True
17.0,1,34.0,3.0,4,5,10,0,12.0,1.0,2.0,2.0,233.2,False,False,False,False,False,True,False,False,False,False,False,False,False,False,False,False
17.0,3,23.0,4.0,4,1,7,1,23.0,1.0,2.0,10.0,285.64,True,False,False,False,False,False,True,False,False,True,False,False,False,False,True,False
22.0,3,23.0,4.0,4,3,10,0,15.0,2.0,8.0,8.0,189.39,True,False,False,False,False,True,False,False,False,False,True,False,False,False,True,False
10.0,2,20.0,3.0,4,4,5,0,14.0,2.0,2.0,5.0,146.43,False,True,False,False,False,False,False,True,True,False,False,False,True,False,False,False
9.0,3,14.0,3.0,3,1,4,1,21.0,1.0,1.0,2.0,126.44,False,True,False,False,False,True,False,False,True,False,False,True,False,False,False,True
5.0,3,19.0,3.0,3,2,3,0,11.0,0.0,1.0,3.0,144.03,False,True,False,False,False,True,False,False,True,False,True,False,False,False,True,False
15.0,1,12.0,2.0,3,5,10,0,13.0,5.0,2.0,7.0,233.48000000000002,True,False,False,False,True,False,False,False,True,False,False,False,False,False,True,False
8.0,1,6.0,3.0,4,3,2,0,18.0,1.0,1.0,4.0,128.59,False,True,False,False,False,False,False,False,True,False,False,True,False,False,False,True
1.0,1,16.0,3.0,4,5,9,0,23.0,2.0,2.0,5.0,167.0,True,False,False,False,True,False,False,False,False,False,False,False,True,False,False,True
9.0,1,11.0,2.0,4,5,10,1,14.0,1.0,1.0,0.0,134.19,False,True,False,False,False,True,False,False,False,False,False,True,False,False,True,False
1.0,1,11.0,4.0,4,3,3,0,12.0,2.0,2.0,4.0,150.17,True,False,False,False,False,True,False,False,True,False,False,False,True,False,True,False
14.0,1,9.0,4.0,4,3,4,0,15.0,2.0,2.0,3.0,148.45,False,True,False,False,True,False,False,False,True,False,False,False,True,False,True,False
13.0,3,8.0,3.0,3,4,4,0,14.0,1.0,5.0,10.0,156.77,True,False,False,False,False,False,True,False,False,False,True,False,False,False,True,False
8.0,1,9.0,3.0,5,3,3,0,18.0,1.0,2.0,3.0,220.47,False,False,False,False,False,True,False,False,True,False,True,False,False,False,True,False
5.0,1,7.0,4.0,5,5,3,0,13.0,4.0,4.0,3.0,147.18,False,True,False,False,False,True,False,False,True,False,False,False,True,False,True,False
4.0,3,26.0,3.0,1,1,1,0,12.0,2.0,2.0,2.0,127.91,False,False,False,False,False,True,False,False,True,False,False,True,False,False,True,False
30.0,1,7.0,3.0,4,3,3,0,22.0,1.0,2.0,10.0,188.06,False,False,False,False,False,True,False,False,True,False,True,False,False,False,True,False
19.0,3,18.0,3.0,4,2,5,0,15.0,2.0,2.0,2.0,301.5,True,False,False,False,False,True,False,False,False,True,False,False,False,False,False,False
9.0,3,7.0,4.0,4,3,3,0,17.0,2.0,2.0,4.0,173.59,True,False,False,False,True,False,False,False,False,False,True,False,False,False,False,True
13.0,1,7.0,3.0,3,5,3,0,11.0,1.0,11.0,16.0,268.23,True,False,False,False,False,True,False,False,True,True,False,False,False,False,True,False
31.0,3,32.0,5.0,4,5,9,0,12.0,7.0,8.0,10.0,201.37,True,False,False,False,False,True,False,False,False,False,False,False,False,False,False,True
12.0,1,15.0,3.0,5,4,3,1,17.0,2.0,2.0,8.0,146.33,False,False,False,False,True,False,False,False,False,False,True,False,False,False,True,False
1.0,3,11.0,3.0,4,5,2,1,23.0,4.0,5.0,3.0,220.82,True,False,False,True,False,False,False,False,True,False,False,False,False,False,False,True
2.0,1,13.0,2.0,3,2,2,1,11.0,0.0,1.0,0.0,166.23,True,False,False,False,False,True,False,False,True,False,True,False,False,False,True,False
1.0,1,9.0,3.0,6,1,7,1,14.0,2.0,3.0,3.0,159.64,True,False,False,False,True,False,False,False,True,False,False,False,True,False,True,False
19.0,1,36.0,3.0,4,1,6,1,19.0,2.0,2.0,3.0,218.8,True,False,False,True,False,False,False,False,True,False,False,False,False,False,True,False
0.0,3,6.0,3.0,4,5,2,0,11.0,3.0,6.0,7.0,197.14,True,False,False,False,False,True,False,False,True,False,True,False,False,False,True,False
3.0,3,9.0,4.0,5,4,4,0,20.0,2.0,2.0,1.0,191.44,True,False,False,False,True,False,False,False,True,False,True,False,False,False,True,False
6.0,3,16.0,2.0,4,1,4,0,14.0,1.0,1.0,1.0,146.82,False,False,False,False,False,False,True,False,True,False,True,False,False,False,False,True
8.0,1,23.0,4.0,5,1,3,0,17.0,2.0,2.0,4.0,150.53,False,False,False,False,False,True,False,False,False,False,False,False,True,False,False,True
5.0,1,14.0,3.0,3,5,2,0,14.0,0.0,1.0,2.0,124.38999999999999,False,True,True,False,False,False,False,False,True,False,False,True,False,False,False,True
11.0,1,7.0,4.0,4,4,8,0,13.0,4.0,5.0,4.0,189.47,True,False,False,False,False,True,False,False,False,False,True,False,False,False,False,False
1.0,1,8.0,2.0,4,1,2,1,12.0,0.0,2.0,2.0,138.67,False,False,False,False,False,True,False,False,True,False,False,False,True,False,True,False
27.0,1,28.0,3.0,3,3,4,0,25.0,1.0,4.0,7.0,274.26,True,False,False,False,True,False,False,False,False,True,False,False,False,False,True,False
10.0,1,12.0,2.0,2,5,5,1,13.0,2.0,6.0,7.0,159.74,True,False,False,False,True,False,False,False,True,False,True,False,False,False,True,False
28.0,1,28.0,3.0,4,4,6,0,12.0,1.0,1.0,2.0,135.37,False,True,True,False,False,False,False,False,True,False,False,True,False,False,True,False
24.0,1,7.0,3.0,5,3,4,0,16.0,1.0,2.0,3.0,161.9,True,False,False,False,True,False,False,False,True,False,False,False,True,False,False,False
14.0,1,18.0,2.0,3,1,4,1,11.0,1.0,1.0,0.0,147.66,False,True,False,False,False,True,False,False,True,False,False,False,True,False,True,False
19.0,1,32.0,3.0,4,4,5,0,15.0,1.0,2.0,1.0,305.61,False,False,False,False,True,False,False,False,False,False,False,False,False,True,False,True
11.0,1,26.0,4.0,4,4,6,0,22.0,1.0,2.0,1.0,155.22,True,False,False,False,False,True,False,False,True,False,False,False,True,False,True,False
0.0,3,16.0,2.0,3,1,1,0,14.0,1.0,1.0,1.0,149.5,False,True,False,False,False,True,False,False,True,False,True,False,False,False,False,True
15.0,3,9.0,4.0,4,5,9,0,17.0,1.0,12.0,9.0,290.95,True,False,False,False,False,True,False,False,False,True,False,False,False,False,True,False
17.0,1,10.0,2.0,3,4,10,0,12.0,1.0,2.0,3.0,159.33,True,False,False,False,True,False,False,False,True,False,True,False,False,False,False,True
1.0,3,29.0,3.0,4,3,3,0,12.0,1.0,2.0,3.0,159.47,True,False,True,False,False,False,False,False,True,False,False,False,True,False,False,True
9.0,1,9.0,3.0,4,4,7,0,12.0,2.0,2.0,3.0,169.25,False,False,False,False,True,False,False,False,False,False,True,False,False,False,False,True
24.0,3,15.0,2.0,3,4,5,1,15.0,6.0,11.0,10.0,298.47,False,False,False,False,False,True,False,False,True,False,False,False,False,True,True,False
20.0,1,9.0,3.0,4,1,5,0,15.0,2.0,5.0,3.0,210.78,True,False,False,False,False,True,False,False,True,False,False,False,False,False,True,False
5.0,3,16.0,3.0,3,1,9,0,13.0,0.0,1.0,0.0,146.48,False,False,False,False,False,False,True,False,True,False,True,False,False,False,False,True
13.0,3,6.0,2.0,3,3,4,1,14.0,0.0,1.0,0.0,147.28,False,False,False,False,False,False,False,True,True,False,True,False,False,False,False,True
9.0,1,18.0,2.0,4,1,1,0,11.0,5.0,7.0,8.0,188.58,True,False,False,False,True,False,False,False,False,False,False,False,False,False,False,True
25.0,3,28.0,4.0,4,1,2,1,23.0,1.0,2.0,1.0,179.41,True,False,False,False,False,False,True,False,True,False,True,False,False,False,False,True
0.0,1,11.0,2.0,4,1,2,1,16.0,1.0,1.0,3.0,228.07999999999998,True,False,False,True,False,False,False,False,True,False,False,False,False,False,True,False
26.0,3,9.0,4.0,5,3,3,1,15.0,2.0,16.0,13.0,315.68,False,False,False,False,False,True,False,False,True,False,False,False,False,True,False,True
22.0,1,11.0,4.0,5,3,9,0,15.0,2.0,2.0,9.0,234.99,True,False,False,False,False,True,False,False,True,False,False,False,False,False,False,True
11.0,2,15.0,3.0,4,4,4,0,14.0,4.0,5.0,8.0,165.71,True,False,False,False,False,False,False,True,True,False,True,False,False,False,True,False
1.0,3,15.0,3.0,3,2,2,0,16.0,1.0,1.0,7.0,152.53,True,False,False,False,False,True,False,False,True,False,True,False,False,False,False,True
10.0,3,9.0,2.0,3,1,3,0,12.0,0.0,1.0,3.0,174.28,True,False,False,False,False,True,False,False,True,False,False,False,False,False,False,True
20.0,3,10.0,3.0,3,3,4,0,19.0,0.0,1.0,0.0,129.76,False,False,False,False,False,False,False,False,True,False,True,False,False,False,False,True
12.0,1,15.0,2.0,3,1,3,0,15.0,1.0,1.0,3.0,294.31,False,False,False,False,False,True,False,False,True,False,False,False,False,True,False,True
25.0,1,7.0,4.0,4,1,3,0,12.0,2.0,2.0,1.0,152.23,True,False,False,False,False,True,False,False,True,False,False,False,True,False,True,False
11.0,2,16.0,3.0,3,3,4,0,11.0,0.0,1.0,2.0,160.77,False,False,False,False,False,False,False,True,True,False,True,False,False,False,True,False
27.0,1,11.0,2.0,3,5,5,0,15.0,1.0,1.0,2.0,294.06,True,False,False,False,True,False,False,False,True,False,False,False,False,True,True,False
1.0,1,16.0,3.0,4,4,8,0,19.0,1.0,3.0,3.0,145.24,False,False,False,False,True,False,False,False,True,False,False,False,True,False,True,False
9.0,1,12.0,4.0,4,4,2,0,14.0,2.0,2.0,14.0,205.95,True,False,False,True,False,False,False,False,True,False,False,False,False,False,False,True
1.0,1,19.0,4.0,4,1,3,0,14.0,2.0,2.0,5.0,151.47,True,False,False,False,False,False,False,True,True,False,False,False,True,False,False,True
14.0,1,33.0,4.0,5,2,5,1,14.0,2.0,2.0,1.0,169.22,False,False,False,False,True,False,False,False,False,False,True,False,False,False,False,False
22.0,1,11.0,4.0,5,3,9,0,15.0,2.0,2.0,9.0,234.99,True,False,False,False,False,True,False,False,True,False,False,False,False,False,False,True
31.0,1,7.0,4.0,4,5,5,1,15.0,2.0,2.0,6.0,322.01,True,False,False,False,True,False,False,False,False,False,False,False,False,True,False,False
16.0,1,33.0,2.0,3,5,9,0,11.0,0.0,1.0,1.0,208.2,False,False,False,False,False,True,False,False,False,False,False,False,False,False,False,False
10.0,1,9.0,4.0,4,4,6,1,23.0,2.0,2.0,1.0,194.62,True,False,False,False,False,False,False,True,False,False,True,False,False,False,True,False
30.0,1,8.0,3.0,4,3,3,0,22.0,1.0,2.0,10.0,188.06,False,False,False,False,False,True,False,False,True,False,True,False,False,False,True,False
2.0,1,7.0,4.0,5,3,3,0,15.0,1.0,2.0,1.0,140.63,False,True,False,False,False,True,False,False,True,False,False,False,True,False,True,False
25.0,1,10.0,1.0,3,2,3,0,13.0,1.0,1.0,4.0,265.55,True,False,False,False,False,True,False,False,False,True,False,False,False,False,False,False
18.0,3,15.0,3.0,4,3,2,0,13.0,0.0,4.0,12.0,155.93,False,False,False,False,False,True,False,False,False,False,True,False,False,False,False,False
16.0,2,8.0,3.0,3,1,1,0,13.0,1.0,1.0,8.0,135.39,False,True,False,False,False,True,False,False,True,False,False,True,False,False,False,True
19.0,3,9.0,3.0,6,3,2,0,14.0,1.0,4.0,2.0,191.32,True,False,True,False,False,False,False,False,True,False,True,False,False,False,False,True
7.0,1,14.0,3.0,3,4,2,1,12.0,2.0,2.0,3.0,123.41999999999999,False,False,False,False,False,False,False,False,True,False,False,True,False,False,True,False
4.0,3,8.0,3.0,3,1,5,1,13.0,1.0,1.0,5.0,165.82,True,False,False,False,False,True,False,False,True,False,True,False,False,False,False,True
7.0,1,7.0,4.0,5,5,5,1,12.0,2.0,2.0,3.0,152.99,True,False,False,False,False,False,False,True,True,False,False,False,True,False,False,True
18.0,3,10.0,1.0,3,5,5,1,11.0,0.0,1.0,3.0,150.06,True,False,False,False,False,True,False,False,False,False,True,False,False,False,True,False
0.0,3,14.0,2.0,3,3,1,1,22.0,0.0,1.0,4.0,149.07,False,True,False,False,False,False,False,True,False,False,True,False,False,False,True,False
15.0,1,14.0,3.0,1,4,7,1,16.0,0.0,1.0,0.0,123.72,False,True,False,False,False,False,False,False,False,False,True,False,False,False,False,False
5.0,3,27.0,4.0,4,4,3,1,23.0,1.0,2.0,3.0,156.4,True,False,False,False,False,False,True,False,False,False,False,False,True,False,False,True
17.0,1,17.0,3.0,5,3,3,0,12.0,1.0,2.0,1.0,177.57,False,False,False,False,False,True,False,False,False,False,True,False,False,False,True,False
0.0,1,14.0,3.0,1,1,1,0,18.0,2.0,7.0,7.0,125.44,False,False,False,False,False,False,False,True,True,False,False,True,False,False,True,False
16.0,3,11.0,3.0,4,5,9,0,14.0,2.0,2.0,6.0,176.55,True,False,False,False,False,False,True,False,True,False,True,False,False,False,False,True
11.0,1,35.0,2.0,3,2,4,0,18.0,0.0,1.0,7.0,162.61,True,False,True,False,False,False,False,False,True,False,True,False,False,False,False,False
3.0,3,26.0,4.0,5,3,3,0,15.0,2.0,2.0,3.0,211.2,True,False,False,False,False,True,False,False,True,False,True,False,False,False,True,False
11.0,3,8.0,3.0,5,1,3,1,20.0,0.0,1.0,3.0,154.05,True,False,False,False,False,False,True,False,False,False,True,False,False,False,True,False
13.0,1,22.0,2.0,3,1,7,1,15.0,1.0,3.0,3.0,179.45,True,False,False,False,False,True,False,False,False,False,False,False,False,False,False,True
16.0,1,31.0,3.0,4,5,3,1,22.0,5.0,6.0,9.0,199.06,True,False,False,False,True,False,False,False,True,False,False,False,False,False,False,False
14.0,2,10.0,2.0,5,4,7,0,19.0,0.0,1.0,2.0,164.3,False,False,False,False,False,False,False,True,True,False,True,False,False,False,True,False
15.0,1,14.0,2.0,4,5,1,1,11.0,7.0,7.0,8.0,125.93,False,True,False,False,False,False,False,False,False,False,False,True,False,False,True,False
18.0,3,17.0,2.0,3,1,4,0,13.0,1.0,1.0,1.0,276.5,True,False,False,False,False,True,False,False,False,True,False,False,False,False,True,False
12.0,1,12.0,2.0,4,5,5,0,15.0,0.0,1.0,7.0,199.91,True,False,False,False,True,False,False,False,True,False,False,False,False,False,True,False
1.0,1,13.0,4.0,5,2,3,1,19.0,2.0,2.0,1.0,154.26,False,False,False,False,False,True,False,False,False,False,False,False,True,False,False,True
7.0,1,15.0,3.0,2,5,8,0,20.0,7.0,8.0,7.0,156.43,True,False,False,False,False,True,False,False,True,False,False,False,True,False,True,False
0.0,1,8.0,3.0,3,3,3,0,11.0,0.0,1.0,0.0,134.85,False,True,False,False,False,True,False,False,True,False,False,True,False,False,False,True
8.0,1,8.0,2.0,4,4,3,0,18.0,6.0,6.0,4.0,202.74,True,False,False,False,False,True,False,False,True,False,False,False,False,False,True,False
31.0,3,35.0,4.0,5,5,6,0,20.0,4.0,14.0,3.0,227.66,False,False,False,False,False,False,True,False,False,False,False,False,False,False,True,False
30.0,1,6.0,2.0,5,3,3,1,13.0,1.0,1.0,2.0,156.6,False,False,False,False,False,True,False,False,True,False,True,False,False,False,True,False
9.0,1,34.0,3.0,3,1,5,0,20.0,1.0,1.0,3.0,121.32,False,True,False,True,False,False,False,False,True,False,False,True,False,False,True,False
7.0,1,14.0,3.0,4,3,3,0,21.0,3.0,3.0,9.0,184.68,False,False,False,False,False,True,False,False,True,False,True,False,False,False,True,False
21.0,3,22.0,3.0,3,3,9,0,14.0,1.0,7.0,7.0,164.39,True,False,False,False,False,True,False,False,False,False,True,False,False,False,True,False
10.0,1,16.0,3.0,3,5,1,1,13.0,4.0,4.0,3.0,127.82,False,True,False,False,False,True,False,False,False,False,False,True,False,False,True,False
8.0,3,24.0,2.0,3,3,2,0,16.0,1.0,1.0,0.0,146.01,False,True,False,False,True,False,False,False,False,False,True,False,False,False,False,False
6.0,1,13.0,2.0,3,3,1,0,11.0,0.0,3.0,3.0,216.91000000000003,True,False,False,False,True,False,False,False,True,False,False,False,False,False,False,False
10.0,2,14.0,2.0,3,4,3,0,13.0,3.0,4.0,7.0,140.71,False,True,False,False,False,False,False,True,True,False,True,False,False,False,True,False
9.0,2,26.0,3.0,3,4,1,1,11.0,0.0,1.0,4.0,121.47999999999999,False,True,False,False,False,False,False,False,False,False,False,True,False,False,True,False
26.0,1,7.0,4.0,4,2,4,0,15.0,8.0,8.0,9.0,295.99,True,False,False,False,False,True,False,False,True,True,False,False,False,False,False,False
23.0,1,17.0,3.0,4,5,11,1,15.0,1.0,2.0,3.0,311.65,False,False,False,False,False,True,False,False,False,False,False,False,False,True,False,True
3.0,2,24.0,3.0,5,5,3,0,14.0,1.0,2.0,10.0,204.88,True,False,False,False,False,False,False,True,True,False,False,False,False,False,False,True
5.0,1,6.0,3.0,3,2,1,0,12.0,0.0,1.0,2.0,123.13999999999999,False,False,False,False,False,True,False,False,True,False,False,True,False,False,True,False
0.0,3,9.0,3.0,3,3,10,0,14.0,1.0,2.0,0.0,145.77,False,True,False,False,False,True,False,False,False,False,True,False,False,False,False,True
4.0,1,18.0,2.0,3,2,1,1,11.0,0.0,8.0,5.0,158.55,True,False,False,False,True,False,False,False,False,False,True,False,False,False,False,False
1.0,1,16.0,3.0,5,4,3,0,12.0,1.0,2.0,1.0,151.94,False,False,False,False,False,True,False,False,True,False,False,False,True,False,True,False
2.0,1,7.0,3.0,4,5,4,0,12.0,1.0,2.0,3.0,145.8,False,True,True,False,False,False,False,False,True,False,False,False,True,False,False,True
9.0,1,32.0,3.0,5,1,6,0,15.0,2.0,2.0,3.0,161.81,True,False,False,False,False,False,False,True,True,False,True,False,False,False,False,True
7.0,3,16.0,2.0,3,3,2,1,14.0,1.0,1.0,7.0,140.01,False,False,False,False,False,True,False,False,True,False,True,False,False,False,True,False
24.0,1,8.0,2.0,5,4,6,0,18.0,0.0,1.0,2.0,154.82,True,False,False,False,True,False,False,False,True,False,True,False,False,False,True,False
7.0,3,15.0,3.0,4,5,4,0,14.0,3.0,3.0,3.0,188.92,True,False,False,False,False,True,False,False,True,False,True,False,False,False,True,False
20.0,1,7.0,3.0,4,2,11,0,15.0,2.0,3.0,3.0,321.27,True,False,False,False,True,False,False,False,True,False,False,False,False,True,True,False
0.0,1,31.0,3.0,1,2,2,1,12.0,1.0,1.0,1.0,129.94,False,True,False,False,False,True,False,False,False,False,False,True,False,False,False,True
9.0,1,9.0,4.0,5,1,2,1,15.0,2.0,2.0,5.0,174.3,False,False,False,False,True,False,False,False,True,False,False,False,True,False,False,True
11.0,1,18.0,4.0,4,3,6,0,19.0,1.0,2.0,3.0,161.29,True,False,False,False,True,False,False,False,False,False,False,False,True,False,False,True
22.0,1,10.0,2.0,4,3,3,0,13.0,1.0,1.0,0.0,287.11,True,False,False,False,True,False,False,False,True,False,False,False,False,True,True,False
12.0,1,17.0,3.0,6,3,5,0,13.0,2.0,2.0,12.0,257.06,True,False,False,False,True,False,False,False,False,False,False,False,False,False,True,False
10.0,3,8.0,3.0,3,3,5,1,11.0,0.0,1.0,0.0,196.02,True,False,False,False,False,False,True,False,True,False,True,False,False,False,True,False
2.0,1,6.0,3.0,5,2,2,0,18.0,2.0,2.0,8.0,127.19999999999999,False,False,False,False,False,True,False,False,True,False,False,True,False,False,True,False
11.0,3,8.0,2.0,4,2,4,0,18.0,6.0,7.0,5.0,152.49,False,False,False,False,False,True,False,False,True,False,True,False,False,False,False,False
26.0,1,13.0,4.0,4,5,5,1,13.0,3.0,7.0,10.0,180.77,True,False,True,False,False,False,False,False,True,False,True,False,False,False,True,False
0.0,1,14.0,2.0,4,3,2,0,20.0,2.0,2.0,2.0,126.25,False,False,False,False,False,True,False,False,False,False,False,True,False,False,False,True
4.0,1,7.0,3.0,5,1,3,1,13.0,2.0,4.0,1.0,176.26,True,False,False,False,False,True,False,False,True,False,True,False,False,False,True,False
31.0,1,14.0,3.0,4,5,7,0,15.0,2.0,12.0,11.0,320.66,True,False,False,False,False,True,False,False,False,False,False,False,False,True,True,False
16.0,1,14.0,4.0,2,4,8,1,17.0,1.0,2.0,1.0,148.72,False,True,False,False,True,False,False,False,False,False,True,False,False,False,False,False
30.0,3,22.0,2.0,3,5,9,0,14.0,1.0,2.0,2.0,154.05,True,False,False,False,False,False,True,False,True,False,True,False,False,False,False,True
9.0,3,7.0,2.0,3,4,2,1,11.0,2.0,2.0,2.0,123.02000000000001,False,False,False,False,False,True,False,False,False,False,False,True,False,False,False,True
5.0,1,7.0,3.0,4,4,3,0,18.0,2.0,2.0,1.0,150.01,True,False,False,False,True,False,False,False,True,False,False,False,True,False,False,True
0.0,1,9.0,2.0,1,1,2,0,22.0,1.0,1.0,7.0,144.2,False,True,False,False,True,False,False,False,True,False,False,False,True,False,True,False
3.0,1,26.0,3.0,4,2,6,0,13.0,1.0,2.0,3.0,167.62,True,False,True,False,False,False,False,False,True,False,True,False,False,False,True,False
5.0,1,12.0,4.0,4,5,2,0,20.0,1.0,2.0,3.0,224.36,False,False,False,False,True,False,False,False,True,False,True,False,False,False,False,True
23.0,1,12.0,4.0,4,3,4,0,15.0,1.0,2.0,3.0,191.51,True,False,True,False,False,False,False,False,True,False,True,False,False,False,True,False
1.0,1,28.0,3.0,5,5,2,0,15.0,1.0,2.0,1.0,147.96,False,True,True,False,False,False,False,False,True,False,False,False,True,False,True,False
0.0,3,17.0,2.0,1,3,9,0,12.0,1.0,1.0,2.0,147.07,False,False,False,False,False,False,False,True,True,False,True,False,False,False,True,False
2.0,3,11.0,3.0,4,3,3,0,16.0,1.0,2.0,5.0,167.21,False,False,False,False,True,False,False,False,True,False,True,False,False,False,True,False
14.0,3,35.0,3.0,6,5,5,0,16.0,1.0,2.0,2.0,234.32,False,False,False,False,False,False,False,True,True,False,False,False,False,False,True,False
8.0,1,22.0,3.0,3,3,5,1,12.0,0.0,1.0,0.0,176.32,True,False,False,False,False,True,False,False,True,False,False,False,False,False,True,False
6.0,1,9.0,3.0,3,3,2,1,11.0,2.0,3.0,0.0,129.09,False,False,False,False,False,True,False,False,False,False,False,True,False,False,True,False
12.0,1,13.0,3.0,5,3,3,0,12.0,1.0,2.0,5.0,162.02,True,False,False,False,False,False,False,True,False,False,False,False,True,False,True,False
13.0,1,6.0,3.0,4,4,2,0,22.0,5.0,2.0,11.0,235.02999999999997,False,False,False,False,False,True,False,False,True,True,False,False,False,False,True,False
5.0,1,11.0,3.0,4,4,4,0,12.0,1.0,2.0,5.0,158.78,True,False,False,False,False,True,False,False,False,False,True,False,False,False,True,False
0.0,3,19.0,2.0,3,4,6,0,11.0,1.0,1.0,0.0,157.65,False,False,True,False,False,False,False,False,False,False,True,False,False,False,False,True
15.0,3,18.0,3.0,3,1,4,1,12.0,1.0,1.0,0.0,150.87,True,False,False,False,False,False,True,False,True,False,True,False,False,False,True,False
5.0,3,16.0,3.0,3,1,9,0,13.0,1.0,1.0,0.0,146.48,False,False,False,False,False,False,True,False,True,False,True,False,False,False,False,True
0.0,3,8.0,3.0,4,1,8,0,14.0,0.0,1.0,0.0,127.85,False,False,False,False,False,True,False,False,False,False,False,True,False,False,False,True
19.0,1,8.0,2.0,3,3,7,0,13.0,1.0,1.0,1.0,278.61,True,False,False,False,False,True,False,False,True,True,False,False,False,False,True,False
14.0,1,7.0,3.0,4,1,6,0,18.0,1.0,2.0,4.0,190.13,True,False,False,False,False,True,False,False,False,False,True,False,False,False,True,False
16.0,3,10.0,2.0,4,2,4,0,14.0,10.0,15.0,17.0,202.31,True,False,False,False,False,False,True,False,False,False,False,False,False,False,False,True
17.0,1,19.0,3.0,5,4,3,0,12.0,1.0,4.0,10.0,268.36,True,False,False,False,False,True,False,False,True,True,False,False,False,False,True,False
0.0,3,14.0,2.0,3,1,2,0,24.0,2.0,2.0,2.0,126.1,False,False,False,False,False,False,False,False,True,False,False,True,False,False,False,True
10.0,3,7.0,3.0,4,1,6,0,16.0,2.0,2.0,1.0,191.53,False,False,False,False,True,False,False,False,False,False,True,False,False,False,False,True
26.0,3,13.0,3.0,4,2,8,1,18.0,0.0,1.0,3.0,209.33999999999997,True,False,False,False,False,False,True,False,False,False,False,False,False,False,False,False
0.0,1,15.0,3.0,1,3,2,0,16.0,0.0,1.0,4.0,144.01,False,True,False,False,True,False,False,False,True,False,False,False,True,False,True,False
2.0,1,36.0,4.0,6,4,3,0,15.0,1.0,2.0,8.0,190.49,True,False,False,False,False,True,False,False,True,False,True,False,False,False,True,False
10.0,1,11.0,3.0,3,2,8,0,16.0,0.0,1.0,4.0,163.47,True,False,False,False,True,False,False,False,True,False,True,False,False,False,True,False
1.0,3,9.0,3.0,3,4,2,0,19.0,1.0,1.0,0.0,128.56,False,True,False,False,False,False,False,False,False,False,False,True,False,False,True,False
9.0,1,15.0,3.0,3,1,2,0,12.0,1.0,2.0,1.0,122.88,False,True,False,False,False,True,False,False,False,False,False,True,False,False,False,True
3.0,3,12.0,3.0,4,1,5,0,15.0,1.0,2.0,1.0,145.86,False,True,True,False,False,False,False,False,True,False,True,False,False,False,True,False
0.0,1,14.0,2.0,1,3,8,0,17.0,0.0,1.0,2.0,135.17,False,True,False,False,True,False,False,False,False,False,False,True,False,False,True,False
16.0,1,17.0,3.0,4,3,5,0,23.0,2.0,4.0,4.0,154.36,False,False,True,False,False,False,False,False,True,False,False,False,True,False,True,False
1.0,1,15.0,4.0,4,3,3,0,13.0,2.0,2.0,1.0,144.04,False,False,False,False,True,False,False,False,True,False,False,False,True,False,False,True
7.0,3,17.0,3.0,2,3,2,1,15.0,2.0,2.0,9.0,208.8,True,False,False,False,False,False,True,False,True,False,False,False,False,False,True,False
19.0,1,27.0,4.0,4,1,2,1,15.0,3.0,2.0,11.0,259.96,True,False,False,False,True,False,False,False,True,True,False,False,False,False,True,False
11.0,3,28.0,3.0,4,1,7,0,16.0,2.0,2.0,1.0,154.73,False,False,False,False,True,False,False,False,False,False,False,False,True,False,True,False
11.0,3,13.0,2.0,4,1,1,0,20.0,1.0,1.0,5.0,140.28,False,True,False,False,False,False,True,False,False,False,True,False,False,False,False,True
9.0,3,16.0,3.0,3,4,6,0,21.0,0.0,1.0,7.0,173.14,True,False,False,False,False,True,False,False,False,False,False,False,False,False,True,False
1.0,1,18.0,3.0,4,4,3,0,14.0,2.0,2.0,3.0,147.44,False,True,False,False,True,False,False,False,False,False,False,False,True,False,True,False
0.0,1,14.0,2.0,3,4,1,0,17.0,0.0,1.0,2.0,124.22,False,False,False,False,False,False,False,False,False,False,False,True,False,False,False,True
17.0,3,9.0,4.0,4,1,3,1,18.0,4.0,9.0,9.0,203.47,True,False,False,False,True,False,False,False,True,False,True,False,False,False,True,False
15.0,3,10.0,2.0,3,5,8,0,13.0,1.0,1.0,5.0,151.55,True,False,False,False,False,False,True,False,True,False,True,False,False,False,False,True
9.0,1,26.0,2.0,3,3,5,0,17.0,0.0,1.0,0.0,122.59,False,True,False,False,False,False,False,False,True,False,False,True,False,False,False,False
5.0,1,8.0,3.0,1,1,8,0,16.0,0.0,1.0,7.0,150.55,True,False,False,False,True,False,False,False,False,False,True,False,False,False,False,True
12.0,2,8.0,2.0,4,2,9,0,11.0,0.0,1.0,4.0,152.04,True,False,False,False,False,True,False,False,False,False,True,False,False,False,False,False
20.0,1,14.0,4.0,4,3,10,0,12.0,7.0,10.0,9.0,148.39,False,True,True,False,False,False,False,False,True,False,False,False,True,False,True,False
4.0,3,34.0,3.0,4,2,9,0,24.0,5.0,8.0,8.0,178.04,True,False,False,False,False,False,True,False,True,False,True,False,False,False,True,False
18.0,2,8.0,3.0,4,1,6,1,19.0,3.0,3.0,3.0,156.95,True,False,False,False,False,True,False,False,False,False,False,False,True,False,True,False
23.0,1,14.0,3.0,5,3,10,0,25.0,2.0,2.0,1.0,170.0,True,False,False,False,False,False,False,True,True,False,False,False,False,False,False,True
3.0,1,22.0,3.0,5,3,2,1,13.0,2.0,2.0,9.0,166.93,True,False,False,False,False,True,False,False,False,False,True,False,False,False,False,True
14.0,3,16.0,2.0,3,2,8,0,14.0,0.0,1.0,10.0,162.3,False,False,False,False,False,True,False,False,True,False,True,False,False,False,False,True
7.0,1,9.0,3.0,4,1,2,0,15.0,2.0,2.0,3.0,150.0,True,False,False,False,False,True,False,False,True,False,False,False,True,False,False,True
5.0,3,12.0,3.0,4,3,3,0,20.0,2.0,2.0,3.0,208.46,True,False,False,True,False,False,False,False,True,False,True,False,False,False,True,False
1.0,3,15.0,3.0,3,1,2,0,16.0,1.0,1.0,7.0,152.53,True,False,False,False,False,True,False,False,True,False,True,False,False,False,False,True
1.0,1,7.0,4.0,4,2,4,1,17.0,3.0,3.0,1.0,147.93,False,True,False,False,True,False,False,False,True,False,False,False,True,False,False,False
7.0,3,14.0,2.0,4,4,2,0,18.0,2.0,2.0,3.0,168.02,False,False,False,False,False,True,False,False,False,False,True,False,False,False,False,False
10.0,3,10.0,2.0,3,2,5,0,17.0,1.0,5.0,8.0,0.0,False,False,False,False,False,False,True,False,True,False,False,False,True,False,True,False
21.0,1,14.0,3.0,3,5,9,0,12.0,7.0,7.0,6.0,123.66999999999999,False,True,False,False,False,False,False,True,False,False,False,True,False,False,True,False
3.0,3,13.0,3.0,3,4,1,0,14.0,1.0,1.0,2.0,129.83,False,True,False,False,False,False,True,False,True,False,False,True,False,False,False,True
1.0,3,16.0,3.0,4,1,3,0,15.0,1.0,2.0,8.0,166.05,True,False,False,False,False,False,True,False,True,False,True,False,False,False,False,True
18.0,1,16.0,4.0,4,5,3,1,14.0,6.0,8.0,2.0,150.59,True,False,False,False,False,True,False,False,True,False,False,False,True,False,True,False
13.0,1,22.0,2.0,3,1,7,1,15.0,3.0,3.0,3.0,179.45,True,False,False,False,False,True,False,False,False,False,False,False,False,False,False,True
1.0,3,20.0,3.0,4,4,7,0,12.0,1.0,2.0,1.0,182.65,False,False,True,False,False,False,False,False,False,False,True,False,False,False,False,True
11.0,1,8.0,2.0,4,3,4,1,19.0,0.0,1.0,2.0,177.56,True,False,False,False,True,False,False,False,False,False,False,False,False,False,True,False
24.0,1,9.0,3.0,3,4,4,0,18.0,1.0,2.0,0.0,237.33999999999997,True,False,False,False,True,False,False,False,False,True,False,False,False,False,False,True
0.0,1,6.0,3.0,4,3,1,1,14.0,1.0,1.0,2.0,137.3,False,True,False,False,False,True,False,False,True,False,False,False,True,False,False,True
17.0,1,13.0,4.0,5,3,3,1,15.0,1.0,2.0,9.0,165.81,True,False,False,False,True,False,False,False,False,False,True,False,False,False,False,True
3.0,3,26.0,4.0,5,3,3,0,15.0,2.0,2.0,3.0,211.2,True,False,False,False,False,True,False,False,True,False,True,False,False,False,True,False
15.0,1,14.0,2.0,3,2,6,1,14.0,0.0,2.0,2.0,125.15,False,False,False,False,False,False,False,False,True,False,False,True,False,False,False,True
1.0,3,20.0,3.0,4,3,5,1,12.0,3.0,3.0,3.0,223.54,True,False,False,False,False,False,True,False,False,False,True,False,False,False,False,True
29.0,3,25.0,3.0,4,4,5,0,15.0,1.0,8.0,8.0,293.35,True,False,False,False,False,True,False,False,False,True,False,False,False,False,False,True
27.0,1,13.0,3.0,3,1,5,0,15.0,1.0,1.0,7.0,168.54,True,False,False,False,True,False,False,False,False,False,True,False,False,False,True,False
14.0,3,15.0,3.0,4,3,5,1,15.0,2.0,2.0,4.0,192.96,False,False,True,False,False,False,False,False,True,False,True,False,False,False,False,False
12.0,1,13.0,3.0,5,3,3,0,12.0,2.0,2.0,5.0,162.02,True,False,False,False,False,False,False,True,False,False,False,False,True,False,True,False
1.0,3,16.0,3.0,4,1,3,0,15.0,2.0,2.0,8.0,166.05,True,False,False,False,False,False,True,False,True,False,True,False,False,False,False,True
3.0,1,14.0,3.0,3,3,2,0,14.0,1.0,1.0,4.0,126.32,False,True,False,False,False,True,False,False,False,False,False,True,False,False,False,True
19.0,3,8.0,2.0,3,5,4,0,12.0,1.0,2.0,1.0,289.47,True,False,False,False,False,False,True,False,False,False,False,False,False,True,False,True
15.0,1,35.0,3.0,3,3,3,0,11.0,1.0,1.0,2.0,145.56,False,False,False,False,False,True,False,False,False,False,True,False,False,False,True,False
8.0,3,28.0,4.0,2,1,3,0,13.0,1.0,6.0,8.0,178.37,True,False,False,False,False,True,False,False,True,False,True,False,False,False,False,True
9.0,3,33.0,4.0,4,5,4,0,15.0,1.0,2.0,1.0,167.86,False,False,False,False,False,True,False,False,False,False,True,False,False,False,True,False
1.0,1,15.0,4.0,5,3,3,1,12.0,2.0,2.0,3.0,164.89,True,False,False,False,True,False,False,False,True,False,False,False,True,False,False,True
12.0,3,17.0,4.0,5,3,2,1,15.0,3.0,3.0,3.0,212.4,True,False,False,False,False,False,True,False,True,False,False,False,False,False,True,False
31.0,3,36.0,3.0,5,1,5,0,13.0,1.0,2.0,1.0,266.18,True,False,False,False,False,False,True,False,True,True,False,False,False,False,True,False
11.0,1,11.0,3.0,4,3,9,1,16.0,2.0,2.0,4.0,154.96,True,False,False,False,False,True,False,False,True,False,False,False,True,False,True,False
9.0,3,14.0,3.0,4,5,2,0,15.0,0.0,1.0,9.0,175.87,False,False,False,False,False,True,False,False,True,False,False,False,False,False,False,True
2.0,3,16.0,2.0,4,4,2,1,14.0,0.0,1.0,7.0,182.68,True,False,False,False,False,False,True,False,False,False,True,False,False,False,True,False
0.0,3,6.0,3.0,4,3,7,1,19.0,1.0,1.0,2.0,128.0,False,True,False,False,False,False,False,False,False,False,False,True,False,False,True,False
30.0,1,6.0,2.0,3,3,3,0,11.0,1.0,1.0,2.0,167.55,True,False,False,False,True,False,False,False,True,False,True,False,False,False,False,False
7.0,1,14.0,2.0,1,3,3,0,12.0,1.0,1.0,2.0,144.04,False,True,False,False,True,False,False,False,True,False,True,False,False,False,True,False
9.0,1,27.0,3.0,3,4,5,0,22.0,1.0,3.0,7.0,189.26,True,False,False,False,True,False,False,False,False,False,True,False,False,False,True,False
1.0,3,11.0,3.0,5,2,3,1,12.0,1.0,2.0,4.0,169.87,True,False,False,False,False,True,False,False,False,False,True,False,False,False,False,True
1.0,1,22.0,3.0,4,3,9,0,15.0,1.0,2.0,1.0,173.34,True,False,False,False,False,False,False,True,True,False,True,False,False,False,True,False
22.0,1,27.0,3.0,4,3,6,0,18.0,1.0,2.0,1.0,147.59,False,True,False,False,True,False,False,False,True,False,False,False,True,False,False,False
3.0,3,13.0,3.0,3,5,8,0,14.0,1.0,1.0,2.0,147.79,False,True,False,False,False,False,True,False,False,False,True,False,False,False,True,False
1.0,2,25.0,3.0,2,5,2,0,18.0,2.0,2.0,1.0,154.56,True,False,False,False,False,False,False,True,True,False,False,False,True,False,True,False
9.0,1,14.0,3.0,4,3,5,0,22.0,1.0,2.0,3.0,227.21,True,False,False,False,False,False,False,True,True,False,False,False,False,False,False,True
19.0,2,11.0,3.0,6,3,6,0,22.0,2.0,2.0,3.0,222.56,True,False,False,False,False,True,False,False,False,False,False,False,False,False,True,False
6.0,3,19.0,3.0,4,5,2,1,13.0,1.0,14.0,15.0,262.58,False,False,False,False,False,True,False,False,True,True,False,False,False,False,False,True
6.0,3,8.0,3.0,4,1,3,0,20.0,1.0,6.0,3.0,229.22,True,False,False,False,False,False,True,False,False,False,False,False,False,False,True,False
0.0,1,35.0,3.0,3,5,2,0,13.0,1.0,1.0,2.0,139.07,False,True,False,False,True,False,False,False,True,False,False,False,True,False,True,False
1.0,1,17.0,3.0,4,5,3,0,16.0,1.0,2.0,9.0,167.13,True,False,False,False,True,False,False,False,True,False,True,False,False,False,False,True
6.0,1,6.0,2.0,4,2,1,0,14.0,0.0,1.0,4.0,169.49,True,False,False,False,False,True,False,False,False,False,True,False,False,False,False,True
9.0,1,27.0,3.0,1,4,2,0,18.0,2.0,2.0,13.0,120.28,False,True,False,False,False,False,False,False,True,False,False,True,False,False,True,False
11.0,1,7.0,3.0,5,2,3,0,14.0,4.0,4.0,12.0,189.74,True,False,False,False,False,True,False,False,False,False,True,False,False,False,False,False
11.0,1,10.0,2.0,3,3,8,0,19.0,0.0,1.0,0.0,133.06,False,True,False,False,False,False,False,False,False,False,False,True,False,False,True,False
8.0,3,17.0,2.0,3,1,2,0,11.0,1.0,1.0,2.0,149.68,False,False,False,False,False,False,True,False,True,False,True,False,False,False,True,False
1.0,2,13.0,4.0,4,5,6,1,23.0,1.0,2.0,3.0,145.73,False,True,False,False,False,False,False,True,True,False,False,False,True,False,True,False
23.0,1,9.0,3.0,4,1,5,0,15.0,3.0,5.0,4.0,316.61,False,False,False,False,False,True,False,False,True,False,False,False,False,True,True,False
28.0,3,9.0,3.0,5,3,8,0,12.0,7.0,2.0,1.0,231.86,True,False,False,False,False,True,False,False,False,False,False,False,False,False,False,False
13.0,1,9.0,4.0,4,3,2,0,26.0,7.0,2.0,9.0,234.38,False,False,False,True,False,False,False,False,False,False,False,False,False,False,False,True
0.0,3,24.0,3.0,3,3,1,1,18.0,0.0,3.0,2.0,146.14,False,False,False,False,False,False,True,False,False,False,True,False,False,False,True,False
1.0,1,6.0,3.0,3,5,2,0,25.0,1.0,1.0,2.0,135.91,False,True,False,False,True,False,False,False,False,False,False,False,True,False,True,False
14.0,1,16.0,3.0,4,3,11,0,18.0,2.0,2.0,14.0,259.99,False,False,False,False,True,False,False,False,False,False,False,False,False,False,False,True
11.0,1,14.0,4.0,4,5,7,1,23.0,1.0,2.0,5.0,167.84,True,False,False,False,True,False,False,False,True,False,True,False,False,False,True,False
6.0,1,12.0,4.0,4,4,4,0,15.0,2.0,2.0,8.0,152.18,False,False,True,False,False,False,False,False,True,False,False,False,True,False,False,True
11.0,1,28.0,4.0,2,5,3,1,13.0,2.0,2.0,8.0,160.64,True,False,False,False,False,True,False,False,True,False,False,False,True,False,True,False
9.0,1,30.0,2.0,4,5,5,1,16.0,1.0,3.0,3.0,165.14,True,False,False,False,True,False,False,False,False,False,False,False,True,False,True,False
12.0,3,14.0,4.0,4,3,4,1,12.0,5.0,8.0,8.0,151.55,False,False,False,False,True,False,False,False,False,False,False,False,True,False,True,False
14.0,1,9.0,4.0,4,3,4,0,15.0,1.0,2.0,3.0,148.45,False,True,False,False,True,False,False,False,True,False,False,False,True,False,True,False
24.0,2,11.0,2.0,3,4,2,1,11.0,0.0,2.0,10.0,240.26,True,False,False,False,False,True,False,False,True,True,False,False,False,False,True,False
22.0,1,7.0,3.0,5,5,9,0,12.0,1.0,2.0,3.0,279.02,True,False,False,False,False,True,False,False,False,True,False,False,False,False,False,False
5.0,1,7.0,3.0,3,5,5,0,14.0,0.0,1.0,2.0,140.87,False,False,True,False,False,False,False,False,True,False,True,False,False,False,True,False
1.0,2,17.0,3.0,4,1,2,0,15.0,2.0,3.0,2.0,146.45,False,False,False,False,True,False,False,False,True,False,False,False,True,False,True,False
9.0,1,11.0,3.0,3,3,5,0,17.0,2.0,2.0,0.0,120.93,False,False,False,False,False,False,False,True,True,False,False,True,False,False,False,False
18.0,3,15.0,3.0,3,5,5,1,12.0,1.0,1.0,2.0,207.61,True,False,False,False,False,False,True,False,True,False,False,False,False,False,True,False
2.0,1,21.0,2.0,4,3,1,1,12.0,1.0,1.0,8.0,141.93,False,True,False,False,False,True,False,False,False,False,True,False,False,False,False,True
19.0,1,14.0,3.0,4,5,9,1,23.0,1.0,1.0,7.0,146.15,False,True,False,False,False,True,False,False,False,False,True,False,False,False,True,False
8.0,1,31.0,2.0,3,3,2,1,11.0,2.0,10.0,1.0,203.88,True,False,False,False,True,False,False,False,False,False,False,False,False,False,True,False
1.0,3,16.0,3.0,6,4,3,0,14.0,3.0,3.0,3.0,152.6,True,False,False,False,False,False,True,False,False,False,False,False,True,False,False,True
13.0,1,7.0,4.0,4,3,9,0,15.0,2.0,2.0,3.0,147.32,False,True,False,False,True,False,False,False,False,False,False,False,True,False,True,False
1.0,1,14.0,3.0,5,5,10,0,20.0,2.0,2.0,8.0,193.11,True,False,False,False,True,False,False,False,False,False,True,False,False,False,False,True
0.0,3,30.0,2.0,1,5,2,0,17.0,0.0,1.0,0.0,110.91,False,False,False,True,False,False,False,False,True,False,False,False,True,False,False,True
9.0,3,25.0,3.0,4,3,3,0,17.0,2.0,2.0,1.0,171.01,True,False,False,False,True,False,False,False,False,False,True,False,False,False,False,False
7.0,1,8.0,3.0,1,1,1,1,14.0,1.0,1.0,2.0,129.32,False,True,False,False,False,False,False,False,True,False,False,True,False,False,True,False
27.0,3,13.0,3.0,4,3,4,1,21.0,1.0,5.0,6.0,148.06,False,True,False,False,False,False,True,False,True,False,True,False,False,False,False,False
9.0,1,16.0,4.0,5,4,11,0,20.0,1.0,2.0,1.0,190.4,True,False,False,False,False,True,False,False,True,False,True,False,False,False,False,True
8.0,3,9.0,3.0,4,1,3,0,23.0,1.0,2.0,5.0,187.74,True,False,False,False,False,False,False,True,True,False,True,False,False,False,False,True
16.0,1,17.0,1.0,3,3,2,0,17.0,1.0,1.0,9.0,175.1,True,False,False,False,False,True,False,False,True,False,False,False,False,False,True,False
14.0,1,9.0,3.0,4,3,2,0,15.0,1.0,4.0,10.0,319.36,True,False,False,False,True,False,False,False,True,False,False,False,False,True,True,False
15.0,1,8.0,2.0,3,3,1,1,13.0,1.0,2.0,10.0,278.61,False,False,False,False,False,True,False,False,True,True,False,False,False,False,False,False
1.0,1,8.0,3.0,4,1,11,1,15.0,3.0,3.0,3.0,172.87,True,False,False,False,True,False,False,False,True,False,False,False,True,False,True,False
10.0,1,16.0,3.0,3,5,1,1,13.0,3.0,4.0,3.0,127.82,False,True,False,False,False,True,False,False,False,False,False,True,False,False,True,False
14.0,1,31.0,4.0,4,1,3,0,18.0,3.0,5.0,8.0,158.19,True,False,True,False,False,False,False,False,True,False,True,False,False,False,True,False
20.0,3,8.0,3.0,4,1,2,1,18.0,0.0,1.0,2.0,132.94,False,True,False,False,False,True,False,False,False,False,False,True,False,False,False,True
4.0,1,18.0,2.0,3,3,2,0,15.0,1.0,15.0,8.0,295.45,True,False,False,True,False,False,False,False,False,False,False,False,False,True,True,False
8.0,1,7.0,3.0,5,1,2,0,12.0,1.0,1.0,1.0,129.77,False,True,False,False,False,True,False,False,False,False,False,True,False,False,True,False
1.0,3,33.0,4.0,4,1,3,1,12.0,1.0,2.0,9.0,181.17,False,False,False,False,False,False,True,False,True,False,True,False,False,False,True,False
6.0,3,16.0,2.0,3,3,2,0,14.0,0.0,1.0,9.0,154.87,True,False,False,False,False,False,True,False,True,False,True,False,False,False,False,True
6.0,3,13.0,2.0,3,5,1,0,14.0,0.0,1.0,3.0,143.73,False,False,False,False,True,False,False,False,True,False,True,False,False,False,False,False
24.0,3,8.0,2.0,3,4,3,0,11.0,3.0,3.0,2.0,205.96,False,False,False,False,False,False,True,False,True,False,False,False,False,False,True,False
1.0,3,11.0,3.0,3,2,2,0,14.0,1.0,1.0,2.0,149.08,False,True,False,False,True,False,False,False,True,False,True,False,False,False,False,True
0.0,3,30.0,3.0,5,1,2,1,14.0,1.0,1.0,0.0,111.18,False,False,False,False,False,True,False,False,True,False,False,False,True,False,False,True
20.0,1,6.0,3.0,3,4,1,0,18.0,0.0,5.0,3.0,219.57,False,False,False,False,True,False,False,False,False,False,False,False,False,False,True,False
26.0,3,6.0,2.0,3,5,8,0,20.0,6.0,8.0,10.0,183.81,True,False,False,False,True,False,False,False,False,False,True,False,False,False,False,True
0.0,1,12.0,3.0,3,3,1,0,20.0,2.0,2.0,2.0,127.72999999999999,False,True,False,False,False,False,False,False,True,False,False,True,False,False,False,False
21.0,3,8.0,2.0,2,4,4,0,12.0,2.0,2.0,2.0,181.2,True,False,False,False,False,False,True,False,True,False,True,False,False,False,False,False
9.0,1,7.0,2.0,5,3,3,0,19.0,2.0,2.0,5.0,153.59,True,False,False,False,True,False,False,False,True,False,False,False,True,False,False,True
26.0,1,9.0,2.0,3,3,4,1,16.0,1.0,1.0,3.0,275.84,True,False,False,False,True,False,False,False,True,True,False,False,False,False,False,False
0.0,3,34.0,3.0,3,4,2,0,20.0,0.0,1.0,4.0,162.72,True,False,False,False,False,False,True,False,True,False,True,False,False,False,True,False
12.0,1,9.0,3.0,5,4,3,0,23.0,1.0,4.0,4.0,149.4,False,False,False,False,True,False,False,False,False,False,False,False,True,False,False,True
22.0,1,11.0,3.0,5,1,4,0,26.0,1.0,3.0,3.0,277.02,False,False,False,False,True,False,False,False,True,True,False,False,False,False,True,False
23.0,1,14.0,3.0,4,4,5,0,15.0,1.0,2.0,3.0,229.66,True,False,False,False,False,True,False,False,True,False,False,False,False,False,True,False
4.0,1,14.0,2.0,3,2,4,1,19.0,1.0,1.0,2.0,123.56,False,True,False,False,False,True,False,False,True,False,False,True,False,False,False,False
28.0,1,8.0,2.0,5,3,5,0,14.0,1.0,9.0,11.0,291.87,True,False,False,False,True,False,False,False,False,False,False,False,False,True,False,False
17.0,1,9.0,2.0,3,2,5,1,15.0,1.0,1.0,1.0,295.13,True,False,False,False,False,False,False,True,True,False,False,False,False,True,False,False
0.0,1,14.0,3.0,3,3,2,0,11.0,1.0,1.0,3.0,125.16999999999999,False,True,False,False,False,True,False,False,True,False,False,True,False,False,True,False
28.0,3,10.0,3.0,4,5,4,0,15.0,2.0,2.0,6.0,184.4,True,False,False,False,False,False,True,False,False,False,True,False,False,False,True,False
21.0,3,10.0,3.0,4,3,11,1,13.0,1.0,12.0,14.0,262.7,False,False,False,False,True,False,False,False,False,True,False,False,False,False,True,False
28.0,3,10.0,3.0,4,5,4,0,15.0,2.0,2.0,6.0,184.4,True,False,False,False,False,False,True,False,False,False,True,False,False,False,False,False
28.0,1,26.0,4.0,4,5,11,1,12.0,1.0,2.0,5.0,179.85,True,False,False,False,True,False,False,False,False,False,True,False,False,False,True,False
29.0,3,12.0,2.0,2,5,10,0,11.0,2.0,2.0,7.0,232.12,False,False,False,False,False,True,False,False,False,True,False,False,False,False,False,False
3.0,3,35.0,2.0,3,4,4,0,12.0,0.0,1.0,3.0,192.5,True,False,True,False,False,False,False,False,True,False,False,False,False,False,True,False
0.0,1,16.0,2.0,3,3,2,1,11.0,1.0,1.0,1.0,110.09,True,False,False,False,True,False,False,False,True,False,False,False,True,False,False,True
16.0,1,9.0,3.0,4,3,7,0,15.0,1.0,5.0,15.0,313.8,True,False,False,False,False,True,False,False,True,False,False,False,False,True,True,False
28.0,1,24.0,3.0,3,4,4,1,14.0,6.0,6.0,7.0,163.85,False,False,False,False,True,False,False,False,True,False,True,False,False,False,False,False
16.0,3,19.0,4.0,4,1,5,1,13.0,1.0,2.0,1.0,175.87,True,False,False,False,False,False,True,False,True,False,True,False,False,False,True,False
0.0,3,15.0,2.0,3,1,2,0,14.0,1.0,1.0,7.0,141.05,False,True,False,False,False,False,True,False,True,False,True,False,False,False,False,True
14.0,3,12.0,2.0,3,3,2,0,12.0,3.0,8.0,7.0,192.41,True,False,False,False,False,False,True,False,True,False,False,False,False,False,False,True
9.0,3,9.0,4.0,6,4,4,1,15.0,1.0,2.0,12.0,313.24,True,False,False,False,False,False,True,False,False,False,False,False,False,True,False,True
0.0,1,23.0,3.0,3,4,1,1,16.0,1.0,1.0,1.0,130.58,False,True,True,False,False,False,False,False,True,False,False,True,False,False,False,False
8.0,1,13.0,3.0,5,4,8,0,16.0,2.0,2.0,1.0,170.05,True,False,False,False,False,True,False,False,False,False,True,False,False,False,True,False
9.0,1,23.0,4.0,4,3,6,1,13.0,1.0,2.0,1.0,201.32,True,False,False,False,False,True,False,False,True,False,False,False,False,False,False,False
12.0,3,12.0,2.0,1,3,3,0,11.0,3.0,7.0,6.0,182.37,True,False,False,False,True,False,False,False,True,False,False,False,False,False,True,False
29.0,1,7.0,3.0,2,2,4,0,14.0,1.0,2.0,1.0,272.32,True,False,False,False,True,False,False,False,True,True,False,False,False,False,True,False
1.0,1,21.0,3.0,5,4,3,1,25.0,2.0,2.0,3.0,162.43,True,False,False,False,False,False,False,True,True,False,False,False,True,False,True,False
6.0,3,31.0,2.0,3,3,2,0,12.0,0.0,1.0,1.0,145.39,False,False,False,False,True,False,False,False,False,False,True,False,False,False,True,False
1.0,3,36.0,3.0,4,3,7,0,13.0,2.0,2.0,1.0,168.06,True,False,False,False,True,False,False,False,True,False,True,False,False,False,True,False
9.0,1,16.0,3.0,3,3,4,0,12.0,1.0,1.0,7.0,170.94,True,False,True,False,False,False,False,False,False,False,False,False,False,False,True,False
8.0,1,8.0,2.0,3,4,6,0,11.0,0.0,1.0,2.0,144.25,False,False,False,False,True,False,False,False,False,False,True,False,False,False,False,True
9.0,1,16.0,3.0,4,4,2,1,25.0,0.0,1.0,0.0,118.59,False,False,False,False,False,False,False,False,False,False,False,False,True,False,False,True
4.0,1,26.0,2.0,3,3,2,0,11.0,0.0,1.0,2.0,141.97,False,True,False,False,False,True,False,False,True,False,True,False,False,False,True,False
5.0,3,15.0,3.0,4,1,3,0,19.0,3.0,2.0,10.0,232.93,True,False,False,False,False,True,False,False,True,False,False,False,False,False,True,False
9.0,1,32.0,4.0,5,4,5,0,17.0,4.0,2.0,9.0,234.02999999999997,True,False,False,True,False,False,False,False,True,False,False,False,False,False,False,False
1.0,3,31.0,3.0,5,4,2,1,24.0,5.0,11.0,11.0,170.99,True,False,False,False,True,False,False,False,False,False,True,False,False,False,False,True
9.0,3,13.0,2.0,3,1,2,1,21.0,1.0,1.0,2.0,122.75,False,True,False,False,False,True,False,False,True,False,False,True,False,False,True,False
4.0,1,12.0,4.0,5,2,11,0,13.0,1.0,2.0,4.0,162.61,False,False,False,False,False,True,False,False,True,False,False,False,True,False,True,False
13.0,3,22.0,4.0,4,5,2,0,13.0,5.0,2.0,11.0,258.41,True,False,False,False,False,False,True,False,True,True,False,False,False,False,False,True
6.0,1,10.0,3.0,4,1,5,0,16.0,7.0,2.0,8.0,236.58999999999997,True,False,False,False,False,True,False,False,False,False,False,False,False,False,False,True
10.0,1,6.0,2.0,3,2,5,0,17.0,1.0,1.0,2.0,174.91,True,False,True,False,False,False,False,False,False,False,False,False,False,False,False,True
0.0,1,14.0,3.0,3,1,2,0,24.0,2.0,2.0,2.0,123.22999999999999,False,True,False,False,False,False,False,False,True,False,False,True,False,False,True,False
20.0,2,32.0,3.0,3,3,4,0,15.0,1.0,1.0,0.0,296.58,True,False,False,False,False,True,False,False,False,False,False,False,False,True,True,False
27.0,2,25.0,2.0,3,4,3,0,15.0,3.0,7.0,1.0,207.25,True,False,False,False,True,False,False,False,True,False,False,False,False,False,False,False
6.0,1,26.0,3.0,3,3,8,1,13.0,3.0,3.0,3.0,152.59,False,False,False,False,True,False,False,False,True,False,False,False,True,False,True,False
15.0,2,8.0,3.0,1,5,8,0,16.0,1.0,1.0,3.0,162.72,False,False,False,False,True,False,False,False,True,False,True,False,False,False,True,False
19.0,1,12.0,3.0,6,5,3,1,15.0,1.0,2.0,5.0,182.69,True,False,False,False,True,False,False,False,False,False,True,False,False,False,False,True
25.0,1,6.0,3.0,4,3,1,0,15.0,7.0,11.0,9.0,299.99,True,False,False,False,False,True,False,False,True,False,False,False,False,True,True,False
1.0,1,28.0,3.0,4,3,3,0,21.0,2.0,2.0,1.0,148.77,False,True,False,False,True,False,False,False,True,False,False,False,True,False,True,False
9.0,1,32.0,3.0,4,3,2,0,20.0,1.0,1.0,0.0,120.28999999999999,False,False,False,True,False,False,False,False,False,False,False,True,False,False,True,False
3.0,1,10.0,3.0,4,5,3,1,19.0,1.0,2.0,6.0,172.23,True,False,False,False,True,False,False,False,True,False,False,False,True,False,False,True
19.0,1,9.0,4.0,5,2,11,0,15.0,10.0,12.0,9.0,292.92,False,False,False,False,True,False,False,False,True,True,False,False,False,False,False,False
9.0,1,13.0,3.0,3,2,3,0,18.0,0.0,1.0,1.0,146.78,False,True,False,False,False,False,False,True,True,False,False,False,True,False,False,True
26.0,1,7.0,2.0,4,3,5,1,20.0,1.0,1.0,3.0,229.64999999999998,False,False,False,False,True,False,False,False,False,True,False,False,False,False,True,False
19.0,1,17.0,4.0,4,2,5,0,22.0,2.0,2.0,3.0,151.54,True,False,False,False,False,True,False,False,True,False,False,False,True,False,False,False
13.0,1,22.0,3.0,3,3,10,0,16.0,1.0,1.0,0.0,135.44,False,False,False,False,False,True,False,False,True,False,False,True,False,False,True,False
15.0,2,17.0,4.0,5,1,5,0,15.0,4.0,13.0,7.0,316.41,True,False,False,False,False,False,False,True,True,False,False,False,False,True,True,False
1.0,1,24.0,3.0,5,1,7,0,13.0,1.0,2.0,4.0,148.67,False,True,True,False,False,False,False,False,True,False,False,False,True,False,True,False
6.0,1,9.0,4.0,4,5,3,0,15.0,2.0,2.0,3.0,149.39,False,True,True,False,False,False,False,False,True,False,False,False,True,False,False,True
20.0,1,10.0,3.0,4,4,9,1,12.0,2.0,14.0,10.0,203.33,True,False,False,False,False,True,False,False,False,False,False,False,False,False,True,False
6.0,1,9.0,4.0,2,1,9,0,17.0,1.0,2.0,8.0,175.55,True,False,False,False,True,False,False,False,False,False,True,False,False,False,False,True
31.0,3,7.0,3.0,5,3,9,0,12.0,2.0,2.0,4.0,179.73,False,False,False,False,False,True,False,False,False,False,True,False,False,False,False,True
16.0,3,15.0,3.0,4,4,2,0,12.0,3.0,5.0,3.0,193.25,True,False,False,False,False,False,True,False,True,False,True,False,False,False,True,False
0.0,1,24.0,3.0,3,2,2,0,19.0,1.0,1.0,0.0,126.93,False,True,False,False,False,False,False,True,False,False,False,True,False,False,False,True
28.0,2,32.0,3.0,1,4,5,1,15.0,1.0,1.0,4.0,296.36,True,False,False,False,False,False,False,True,True,False,False,False,False,True,True,False
15.0,1,8.0,2.0,3,1,2,0,13.0,0.0,2.0,2.0,140.89,False,True,False,False,False,True,False,False,False,False,True,False,False,False,True,False
8.0,1,33.0,4.0,5,3,3,0,21.0,2.0,2.0,1.0,145.29,False,False,True,False,False,False,False,False,False,False,False,False,True,False,True,False
23.0,1,29.0,4.0,4,4,5,0,17.0,1.0,2.0,3.0,289.13,True,False,False,False,False,False,False,True,False,True,False,False,False,False,True,False
16.0,1,16.0,4.0,4,1,3,0,14.0,1.0,6.0,9.0,161.73,False,False,False,False,True,False,False,False,False,False,False,False,True,False,False,True
18.0,1,8.0,2.0,4,1,2,0,19.0,3.0,3.0,9.0,157.7,True,False,False,False,False,False,False,True,False,False,True,False,False,False,True,False
13.0,3,7.0,3.0,3,3,8,0,12.0,1.0,1.0,1.0,167.28,False,False,False,False,False,True,False,False,True,False,True,False,False,False,True,False
10.0,1,12.0,4.0,4,4,10,0,17.0,3.0,4.0,8.0,184.14,True,False,False,False,False,True,False,False,True,False,True,False,False,False,False,True
5.0,1,8.0,2.0,3,4,1,0,13.0,1.0,1.0,6.0,154.7,True,False,False,False,True,False,False,False,True,False,True,False,False,False,True,False
8.0,3,9.0,3.0,4,2,3,0,23.0,1.0,2.0,5.0,187.74,True,False,False,False,False,False,False,True,True,False,True,False,False,False,False,True
6.0,1,12.0,1.0,3,2,4,0,23.0,4.0,4.0,7.0,177.25,False,False,False,False,False,True,False,False,True,False,True,False,False,False,True,False
8.0,3,14.0,3.0,4,3,1,0,23.0,2.0,4.0,2.0,124.30000000000001,False,True,False,False,False,True,False,False,False,False,False,True,False,False,True,False
1.0,1,16.0,4.0,2,3,3,0,17.0,1.0,2.0,5.0,169.01,True,False,False,False,True,False,False,False,True,False,False,False,True,False,True,False
0.0,1,14.0,2.0,4,5,1,1,22.0,0.0,1.0,2.0,123.21000000000001,False,False,False,False,False,False,False,False,True,False,False,True,False,False,False,True
10.0,1,6.0,3.0,3,1,3,1,18.0,0.0,2.0,2.0,236.02999999999997,False,False,False,False,True,False,False,False,False,False,False,False,False,False,True,False
5.0,1,11.0,2.0,4,1,9,0,24.0,1.0,1.0,0.0,196.79,True,False,False,False,False,True,False,False,True,False,True,False,False,False,False,True
15.0,1,32.0,2.0,3,5,4,1,17.0,0.0,2.0,0.0,231.91000000000003,False,False,False,False,True,False,False,False,False,False,False,False,False,False,True,False
2.0,3,8.0,3.0,5,1,3,1,13.0,2.0,2.0,8.0,193.34,False,False,False,False,False,True,False,False,True,False,True,False,False,False,True,False
9.0,1,6.0,3.0,4,4,2,1,11.0,0.0,2.0,2.0,120.69999999999999,False,True,False,True,False,False,False,False,False,False,False,True,False,False,False,True
13.0,1,8.0,2.0,1,3,6,0,20.0,6.0,11.0,8.0,163.77,True,False,False,False,True,False,False,False,False,False,True,False,False,False,True,False
9.0,1,20.0,3.0,3,1,1,1,17.0,2.0,4.0,11.0,165.86,True,False,False,False,False,True,False,False,True,False,True,False,False,False,True,False
9.0,1,14.0,2.0,3,3,2,0,13.0,7.0,12.0,8.0,200.96,True,False,False,True,False,False,False,False,False,False,False,False,False,False,True,False
0.0,1,9.0,3.0,4,3,2,0,17.0,1.0,1.0,0.0,132.3,False,True,False,False,False,False,False,False,True,False,False,True,False,False,False,True
19.0,3,32.0,3.0,4,4,9,0,15.0,2.0,2.0,2.0,179.91,False,False,False,False,False,True,False,False,True,False,True,False,False,False,False,True
0.0,1,8.0,3.0,1,5,8,0,13.0,1.0,1.0,1.0,134.24,False,True,False,False,False,False,False,False,True,False,False,True,False,False,False,True
18.0,3,8.0,3.0,3,3,5,0,22.0,3.0,5.0,7.0,151.54,False,False,False,False,False,True,False,False,False,False,True,False,False,False,True,False
2.0,1,14.0,3.0,1,3,7,0,18.0,1.0,1.0,0.0,124.50999999999999,False,True,False,False,False,True,False,False,True,False,False,True,False,False,True,False
9.0,1,9.0,2.0,4,3,2,0,18.0,1.0,1.0,0.0,112.81,False,False,False,False,False,True,False,False,True,False,False,False,True,False,False,False
1.0,3,14.0,3.0,4,4,3,0,14.0,1.0,2.0,1.0,151.79,True,False,False,False,False,False,True,False,True,False,False,False,True,False,False,True
5.0,3,18.0,2.0,3,5,1,1,12.0,7.0,2.0,14.0,237.57999999999998,False,False,False,False,False,True,False,False,True,True,False,False,False,False,False,True
25.0,2,12.0,3.0,4,4,3,1,12.0,1.0,2.0,11.0,265.26,True,False,False,False,False,True,False,False,True,True,False,False,False,False,True,False
28.0,3,24.0,2.0,3,4,4,0,23.0,1.0,7.0,8.0,268.35,True,False,False,False,False,True,False,False,False,True,False,False,False,False,False,True
21.0,3,8.0,2.0,1,4,4,0,12.0,0.0,2.0,2.0,181.2,True,False,False,False,False,False,True,False,True,False,True,False,False,False,True,False
1.0,1,16.0,2.0,3,3,4,0,13.0,0.0,1.0,7.0,136.6,False,True,False,False,False,False,False,True,False,False,True,False,False,False,False,True
8.0,1,31.0,3.0,4,4,4,0,16.0,3.0,4.0,8.0,209.02999999999997,True,False,False,True,False,False,False,False,True,False,False,False,False,False,False,False
18.0,1,31.0,2.0,3,4,4,0,22.0,1.0,1.0,0.0,280.61,False,False,False,False,True,False,False,False,False,False,False,False,False,True,False,True
10.0,3,25.0,2.0,3,4,2,1,13.0,0.0,1.0,9.0,176.42,False,False,False,False,True,False,False,False,True,False,False,False,False,False,False,True
13.0,3,28.0,3.0,6,3,8,0,20.0,1.0,2.0,3.0,182.36,False,False,False,False,False,True,False,False,False,False,True,False,False,False,True,False
10.0,3,10.0,3.0,3,1,5,0,17.0,3.0,5.0,8.0,127.93,False,False,False,False,False,False,True,False,True,False,False,True,False,False,True,False
2.0,2,15.0,4.0,5,2,3,0,14.0,1.0,2.0,5.0,174.36,True,False,False,False,True,False,False,False,True,False,False,False,True,False,True,False
1.0,1,11.0,3.0,5,3,7,0,17.0,2.0,2.0,3.0,163.94,False,False,True,False,False,False,False,False,True,False,False,False,True,False,False,True
3.0,1,35.0,4.0,4,2,6,0,23.0,1.0,2.0,8.0,150.14,True,False,False,False,False,True,False,False,False,False,False,False,True,False,True,False
7.0,1,12.0,3.0,5,1,6,0,16.0,2.0,2.0,3.0,196.19,True,False,False,False,False,True,False,False,True,False,False,False,False,False,True,False
1.0,1,8.0,4.0,2,4,3,0,12.0,2.0,5.0,8.0,199.46,False,False,False,False,False,True,False,False,False,False,False,False,False,False,False,True
1.0,3,23.0,4.0,4,5,7,0,16.0,2.0,2.0,3.0,178.24,True,False,False,False,False,False,True,False,False,False,True,False,False,False,False,True
9.0,3,14.0,3.0,4,1,3,1,12.0,2.0,2.0,10.0,177.04,True,False,False,False,False,True,False,False,False,False,True,False,False,False,True,False
29.0,1,9.0,4.0,5,1,10,0,21.0,2.0,2.0,5.0,151.62,True,False,True,False,False,False,False,False,True,False,False,False,True,False,True,False
1.0,1,24.0,3.0,5,1,7,0,13.0,2.0,2.0,4.0,148.67,False,True,True,False,False,False,False,False,True,False,False,False,True,False,True,False
25.0,3,35.0,2.0,3,1,3,0,15.0,1.0,1.0,0.0,134.82,False,False,False,False,False,True,False,False,True,False,False,True,False,False,True,False
8.0,1,12.0,2.0,5,1,2,0,13.0,0.0,11.0,8.0,166.46,True,False,False,False,False,True,False,False,True,False,True,False,False,False,False,True
9.0,1,16.0,3.0,4,3,3,0,20.0,1.0,2.0,9.0,175.98,True,False,False,False,True,False,False,False,True,False,True,False,False,False,False,True
10.0,1,16.0,2.0,1,1,2,1,25.0,0.0,2.0,8.0,237.44,True,False,False,False,False,True,False,False,False,False,False,False,False,False,True,False
25.0,1,31.0,2.0,4,1,4,0,22.0,0.0,2.0,0.0,238.26,False,False,False,False,True,False,False,False,False,True,False,False,False,False,True,False
16.0,1,15.0,3.0,4,3,6,0,14.0,2.0,2.0,1.0,164.68,True,False,False,False,False,True,False,False,True,False,False,False,True,False,False,True
3.0,3,9.0,3.0,4,1,3,0,19.0,1.0,2.0,10.0,170.54,False,False,False,False,False,True,False,False,True,False,True,False,False,False,False,True
11.0,1,10.0,3.0,4,4,5,0,16.0,2.0,2.0,2.0,166.07,True,False,False,False,False,False,False,True,False,False,True,False,False,False,False,True
2.0,1,8.0,2.0,3,2,8,0,11.0,7.0,11.0,3.0,221.69,False,False,False,False,False,True,False,False,True,True,False,False,False,False,True,False
1.0,1,15.0,4.0,6,5,3,1,12.0,2.0,2.0,8.0,146.19,False,True,False,False,False,False,False,True,True,False,False,False,True,False,False,False
14.0,2,16.0,3.0,4,1,4,0,15.0,1.0,12.0,6.0,291.41,True,False,False,False,False,False,False,True,True,False,False,False,False,True,True,False
14.0,3,17.0,3.0,5,4,9,0,13.0,2.0,2.0,4.0,193.52,True,False,False,True,False,False,False,False,False,False,True,False,False,False,True,False
19.0,1,15.0,4.0,4,2,11,0,15.0,8.0,10.0,9.0,161.97,True,False,False,False,False,False,False,True,True,False,True,False,False,False,False,False
1.0,1,30.0,3.0,4,1,3,0,23.0,1.0,2.0,3.0,153.86,True,False,False,False,False,True,False,False,False,False,False,False,True,False,True,False
18.0,1,14.0,3.0,3,2,4,0,21.0,1.0,1.0,2.0,126.53999999999999,False,True,False,False,False,True,False,False,True,False,False,True,False,False,False,False
13.0,1,16.0,4.0,4,4,22,0,16.0,2.0,2.0,4.0,192.82,False,False,False,False,False,True,False,False,True,False,True,False,False,False,False,True
1.0,1,22.0,4.0,4,1,3,0,15.0,2.0,2.0,1.0,137.32,False,True,False,False,False,True,False,False,True,False,False,False,True,False,False,True
12.0,3,30.0,2.0,4,1,1,0,11.0,3.0,9.0,3.0,220.31,True,False,False,False,False,False,True,False,False,True,False,False,False,False,True,False
2.0,1,7.0,3.0,6,2,2,0,12.0,8.0,8.0,6.0,191.74,False,False,False,False,False,True,False,False,False,False,True,False,False,False,False,False
1.0,1,13.0,4.0,4,3,2,0,21.0,2.0,3.0,3.0,152.73,True,False,False,False,True,False,False,False,True,False,False,False,True,False,True,False
14.0,1,15.0,3.0,3,3,3,0,15.0,1.0,1.0,11.0,294.19,False,False,False,False,True,False,False,False,True,False,False,False,False,True,True,False
0.0,1,14.0,3.0,4,5,7,1,20.0,1.0,1.0,0.0,124.03999999999999,False,True,False,False,False,True,False,False,False,False,False,True,False,False,False,True
1.0,1,17.0,4.0,5,4,3,1,26.0,1.0,2.0,1.0,143.59,False,False,False,False,True,False,False,False,False,False,False,False,True,False,False,True
9.0,1,11.0,3.0,4,5,7,0,17.0,0.0,1.0,0.0,121.07,False,False,False,False,False,True,False,False,True,False,False,True,False,False,True,False
14.0,3,9.0,2.0,4,4,3,0,11.0,1.0,1.0,4.0,189.38,True,False,False,False,False,True,False,False,True,False,True,False,False,False,True,False
1.0,3,15.0,3.0,4,3,2,1,23.0,2.0,2.0,5.0,174.07,True,False,False,False,False,False,False,True,False,False,True,False,False,False,True,False
5.0,1,31.0,4.0,5,5,3,0,20.0,2.0,2.0,9.0,193.12,True,False,False,False,True,False,False,False,False,False,True,False,False,False,False,True
2.0,1,13.0,3.0,5,3,3,1,15.0,2.0,2.0,3.0,152.03,False,False,False,False,False,True,False,False,True,False,False,False,True,False,True,False
4.0,1,15.0,4.0,2,5,2,1,13.0,1.0,2.0,8.0,239.16000000000003,True,False,False,False,False,True,False,False,False,False,False,False,False,False,True,False
3.0,1,9.0,3.0,4,2,9,0,12.0,8.0,2.0,6.0,246.69,False,False,False,False,False,True,False,False,True,True,False,False,False,False,True,False
3.0,3,21.0,3.0,4,5,3,0,11.0,0.0,1.0,7.0,171.4,True,False,False,False,False,False,True,False,True,False,False,False,False,False,True,False
15.0,1,21.0,3.0,4,3,6,0,13.0,2.0,2.0,9.0,149.51,True,False,False,False,False,True,False,False,True,False,False,False,True,False,True,False
10.0,3,15.0,3.0,3,4,2,0,13.0,6.0,7.0,7.0,188.34,False,False,False,False,True,False,False,False,True,False,False,False,False,False,True,False
8.0,1,8.0,3.0,5,4,7,0,18.0,2.0,2.0,3.0,157.94,True,False,False,False,False,True,False,False,False,False,False,False,True,False,True,False
10.0,1,13.0,3.0,3,5,6,1,22.0,0.0,1.0,4.0,142.84,False,True,False,False,True,False,False,False,True,False,True,False,False,False,True,False
6.0,1,13.0,2.0,3,3,2,0,20.0,2.0,2.0,8.0,159.68,False,False,False,False,False,True,False,False,True,False,True,False,False,False,True,False
3.0,1,11.0,3.0,4,1,10,0,12.0,0.0,1.0,3.0,137.61,False,False,False,False,False,True,False,False,True,False,False,False,True,False,True,False
18.0,3,12.0,2.0,4,2,7,0,12.0,12.0,12.0,8.0,188.65,False,False,False,False,True,False,False,False,False,False,False,False,False,False,False,True
1.0,1,7.0,4.0,5,3,2,1,15.0,2.0,2.0,3.0,162.3,True,False,False,False,False,True,False,False,True,False,False,False,True,False,False,True
6.0,3,23.0,2.0,3,3,2,0,11.0,1.0,6.0,0.0,274.44,False,False,False,False,False,True,False,False,True,True,False,False,False,False,False,True
20.0,3,11.0,3.0,5,4,4,0,15.0,2.0,2.0,9.0,312.89,True,False,False,False,False,False,True,False,False,False,False,False,False,True,False,False
9.0,3,7.0,3.0,5,5,2,0,15.0,2.0,3.0,9.0,168.12,True,False,False,False,False,False,True,False,True,False,True,False,False,False,False,True
22.0,1,8.0,2.0,3,1,4,0,15.0,1.0,4.0,3.0,291.61,False,False,False,False,False,True,False,False,True,False,False,False,False,True,True,False
12.0,1,28.0,2.0,3,5,2,1,13.0,1.0,2.0,8.0,208.8,False,False,False,False,True,False,False,False,False,False,False,False,False,False,False,True
7.0,1,12.0,2.0,4,4,7,0,15.0,1.0,1.0,0.0,145.05,False,True,False,False,False,True,False,False,False,False,True,False,False,False,True,False
5.0,1,12.0,4.0,5,5,8,0,18.0,2.0,2.0,1.0,146.07,False,False,False,False,False,True,False,False,True,False,False,False,True,False,True,False
16.0,1,33.0,2.0,3,5,9,0,11.0,1.0,1.0,1.0,208.2,False,False,False,False,False,True,False,False,False,False,False,False,False,False,True,False
0.0,1,14.0,2.0,4,5,2,1,11.0,0.0,1.0,0.0,123.19,False,True,False,False,False,True,False,False,False,False,False,True,False,False,False,False
4.0,1,16.0,3.0,4,5,5,0,15.0,2.0,2.0,1.0,145.18,False,True,False,False,False,True,False,False,True,False,False,False,True,False,False,True
0.0,1,17.0,3.0,5,4,6,0,15.0,1.0,1.0,0.0,147.77,False,True,False,False,True,False,False,False,False,False,True,False,False,False,False,False
9.0,3,17.0,3.0,3,1,1,0,14.0,0.0,2.0,8.0,197.38,False,False,False,True,False,False,False,False,False,False,False,False,False,False,True,False
24.0,1,6.0,3.0,3,1,2,0,11.0,1.0,1.0,0.0,127.22999999999999,False,True,False,False,False,True,False,False,True,False,False,True,False,False,True,False
1.0,1,8.0,4.0,4,5,2,0,14.0,8.0,8.0,7.0,153.67,True,False,False,False,True,False,False,False,True,False,False,False,True,False,False,True
23.0,1,23.0,2.0,4,5,6,0,15.0,0.0,2.0,11.0,232.69,True,False,False,False,False,True,False,False,False,False,False,False,False,False,True,False
0.0,3,29.0,2.0,4,5,2,0,13.0,0.0,3.0,10.0,173.36,True,False,False,False,False,True,False,False,False,False,False,False,False,False,False,False
5.0,1,13.0,3.0,2,4,2,0,20.0,0.0,1.0,3.0,127.94,False,False,False,False,False,True,False,False,True,False,False,True,False,False,False,False
16.0,1,20.0,4.0,2,5,7,0,19.0,2.0,2.0,1.0,180.38,True,False,False,False,True,False,False,False,True,False,True,False,False,False,True,False
5.0,1,12.0,3.0,3,3,4,0,20.0,0.0,1.0,4.0,130.38,False,True,False,False,False,True,False,False,True,False,False,True,False,False,False,True
6.0,3,17.0,3.0,4,2,3,0,13.0,1.0,2.0,9.0,178.96,True,False,False,False,False,False,True,False,True,False,True,False,False,False,False,True
4.0,3,16.0,2.0,3,1,3,1,11.0,1.0,1.0,4.0,165.83,True,False,False,False,True,False,False,False,False,False,True,False,False,False,True,False
0.0,3,6.0,2.0,3,3,2,0,17.0,2.0,7.0,7.0,152.96,True,False,False,False,False,True,False,False,True,False,True,False,False,False,False,False
0.0,1,8.0,2.0,4,1,2,0,22.0,1.0,1.0,0.0,111.02000000000001,True,False,False,False,False,True,False,False,True,False,False,False,True,False,False,True
12.0,1,10.0,3.0,4,3,5,1,21.0,3.0,3.0,3.0,168.17,True,False,True,False,False,False,False,False,False,False,True,False,False,False,False,True
1.0,3,16.0,3.0,4,1,3,0,25.0,3.0,3.0,3.0,151.1,False,False,False,False,True,False,False,False,True,False,False,False,True,False,False,True
9.0,3,9.0,4.0,4,1,3,0,14.0,3.0,3.0,3.0,145.14,False,True,False,False,False,False,True,False,False,False,False,False,True,False,True,False
4.0,3,11.0,3.0,3,1,2,0,11.0,0.0,1.0,2.0,154.76,True,False,False,False,False,True,False,False,False,False,True,False,False,False,True,False
11.0,3,7.0,2.0,3,4,1,0,15.0,1.0,5.0,8.0,144.4,False,True,False,False,False,True,False,False,True,False,True,False,False,False,True,False
3.0,1,8.0,2.0,5,1,3,0,20.0,1.0,1.0,2.0,160.91,True,False,False,False,False,True,False,False,False,False,True,False,False,False,False,True
7.0,1,7.0,4.0,3,3,6,0,20.0,1.0,2.0,6.0,286.84,True,False,False,False,True,False,False,False,False,True,False,False,False,False,True,False
5.0,3,13.0,4.0,3,2,6,0,23.0,4.0,6.0,8.0,179.6,True,False,False,False,True,False,False,False,True,False,True,False,False,False,True,False
30.0,3,18.0,3.0,5,5,6,0,17.0,1.0,2.0,1.0,178.8,True,False,False,False,False,False,True,False,False,False,True,False,False,False,True,False
1.0,2,9.0,3.0,5,1,3,0,13.0,1.0,2.0,1.0,150.64,True,False,True,False,False,False,False,False,True,False,False,False,True,False,False,True
6.0,3,19.0,3.0,4,5,2,1,13.0,1.0,14.0,15.0,262.58,False,False,False,False,False,True,False,False,True,True,False,False,False,False,False,True
8.0,1,14.0,2.0,1,3,4,0,13.0,2.0,2.0,2.0,125.06,False,True,False,False,False,True,False,False,False,False,False,True,False,False,False,True
18.0,3,19.0,2.0,1,3,7,1,17.0,2.0,2.0,8.0,236.95,True,False,False,False,False,False,True,False,True,True,False,False,False,False,False,True
0.0,1,14.0,2.0,4,2,2,1,13.0,0.0,1.0,1.0,123.88999999999999,False,True,False,False,False,False,False,False,True,False,False,True,False,False,False,True
31.0,1,7.0,4.0,6,1,5,0,21.0,1.0,2.0,1.0,233.82999999999998,True,False,False,False,True,False,False,False,True,False,False,False,False,False,True,False
12.0,1,18.0,3.0,3,4,5,0,21.0,1.0,1.0,0.0,152.95,True,False,False,False,True,False,False,False,True,False,True,False,False,False,True,False
6.0,1,12.0,3.0,2,1,5,0,18.0,2.0,2.0,3.0,158.12,True,False,False,False,False,False,False,True,False,False,False,False,True,False,True,False
14.0,3,6.0,2.0,1,5,2,0,16.0,1.0,1.0,7.0,183.92,True,False,False,False,False,False,True,False,True,False,False,False,False,False,True,False
1.0,3,11.0,3.0,6,2,3,0,12.0,8.0,10.0,3.0,229.0,True,False,False,False,True,False,False,False,True,False,False,False,False,False,False,False
11.0,1,7.0,1.0,4,2,4,1,19.0,1.0,2.0,3.0,261.03,False,False,False,False,True,False,False,False,False,False,False,False,False,False,True,False
12.0,1,15.0,3.0,3,4,10,0,15.0,1.0,1.0,3.0,167.82,False,False,False,False,False,True,False,False,True,False,True,False,False,False,False,True
12.0,1,30.0,3.0,4,2,11,0,15.0,1.0,2.0,3.0,182.45,True,False,False,False,False,True,False,False,True,False,True,False,False,False,True,False
30.0,1,15.0,3.0,4,4,5,1,20.0,1.0,1.0,0.0,133.46,False,True,False,False,False,False,False,False,False,False,False,True,False,False,False,False
26.0,1,29.0,3.0,3,1,7,0,18.0,3.0,2.0,8.0,242.75,True,False,False,False,False,True,False,False,False,True,False,False,False,False,False,True
13.0,3,34.0,2.0,5,5,4,0,15.0,0.0,1.0,3.0,209.32,False,False,False,False,False,False,False,True,True,False,False,False,False,False,True,False
0.0,2,24.0,3.0,1,5,1,0,17.0,1.0,1.0,0.0,129.56,False,True,False,False,False,False,False,True,True,False,False,True,False,False,True,False
15.0,1,13.0,4.0,5,4,8,1,16.0,2.0,2.0,3.0,185.32,True,False,False,False,True,False,False,False,True,False,True,False,False,False,False,True
4.0,1,7.0,3.0,6,3,5,0,22.0,2.0,2.0,3.0,163.33,True,False,False,False,False,True,False,False,True,False,False,False,True,False,False,False
8.0,1,15.0,3.0,2,3,4,0,13.0,2.0,2.0,3.0,169.04,True,False,False,False,True,False,False,False,True,False,True,False,False,False,True,False
26.0,1,7.0,4.0,5,3,2,0,15.0,2.0,12.0,10.0,324.99,True,False,False,False,False,True,False,False,True,False,False,False,False,True,False,False
4.0,1,8.0,4.0,4,4,3,0,14.0,2.0,2.0,8.0,162.48,True,False,False,False,True,False,False,False,True,False,False,False,True,False,True,False
7.0,1,13.0,3.0,3,1,2,0,13.0,0.0,1.0,0.0,129.72,False,True,False,False,False,False,False,False,True,False,False,True,False,False,False,True
13.0,2,9.0,3.0,5,1,10,0,12.0,2.0,2.0,5.0,177.04,True,False,False,False,False,True,False,False,False,False,True,False,False,False,True,False
0.0,1,11.0,2.0,3,3,2,1,13.0,0.0,2.0,2.0,134.41,False,True,True,False,False,False,False,False,True,False,False,True,False,False,False,True
8.0,1,17.0,3.0,2,1,3,0,14.0,6.0,8.0,3.0,172.24,False,False,False,False,False,True,False,False,True,False,True,False,False,False,True,False
4.0,3,12.0,3.0,2,2,5,0,22.0,3.0,5.0,7.0,154.6,True,False,False,False,True,False,False,False,True,False,True,False,False,False,True,False
6.0,3,8.0,4.0,5,4,2,0,15.0,3.0,3.0,3.0,147.69,False,True,False,False,True,False,False,False,True,False,False,False,True,False,True,False
9.0,3,21.0,2.0,5,1,2,0,24.0,5.0,11.0,11.0,154.06,False,False,False,False,False,False,True,False,True,False,True,False,False,False,True,False
19.0,1,21.0,2.0,3,4,6,0,11.0,1.0,1.0,3.0,290.81,True,False,False,False,False,True,False,False,True,False,False,False,False,True,True,False
25.0,1,31.0,2.0,4,2,4,0,22.0,0.0,2.0,0.0,238.26,False,False,False,False,True,False,False,False,False,True,False,False,False,False,False,False
23.0,1,8.0,3.0,4,3,6,0,15.0,1.0,2.0,1.0,278.79,True,False,False,False,False,True,False,False,True,True,False,False,False,False,False,True
13.0,3,8.0,3.0,3,3,1,0,14.0,1.0,1.0,12.0,280.41,True,False,False,False,False,True,False,False,False,False,False,False,False,True,True,False
17.0,3,23.0,4.0,4,2,7,1,23.0,1.0,2.0,10.0,285.64,True,False,False,False,False,False,True,False,False,True,False,False,False,False,False,False
9.0,1,7.0,4.0,4,5,6,0,14.0,1.0,2.0,3.0,146.94,False,False,False,False,True,False,False,False,True,False,False,False,True,False,True,False
1.0,1,17.0,4.0,2,3,3,0,19.0,1.0,2.0,3.0,160.05,True,False,False,False,True,False,False,False,True,False,False,False,True,False,False,True
7.0,1,14.0,3.0,3,3,4,0,11.0,1.0,4.0,3.0,161.42,True,False,False,False,True,False,False,False,False,False,True,False,False,False,False,True
6.0,3,8.0,3.0,3,1,2,0,14.0,1.0,1.0,4.0,155.05,True,False,False,False,True,False,False,False,True,False,True,False,False,False,True,False
1.0,3,13.0,2.0,3,5,1,0,14.0,1.0,1.0,3.0,148.98,False,False,False,False,False,True,False,False,True,False,True,False,False,False,False,True
10.0,3,27.0,3.0,3,1,6,0,15.0,1.0,1.0,0.0,129.73,False,False,False,False,False,False,False,False,False,False,False,True,False,False,True,False
2.0,1,9.0,4.0,5,4,2,0,18.0,1.0,2.0,5.0,157.01,True,False,False,False,False,True,False,False,True,False,False,False,True,False,False,False
26.0,3,8.0,2.0,3,3,7,0,13.0,11.0,2.0,2.0,248.51999999999998,True,False,False,False,True,False,False,False,True,True,False,False,False,False,True,False
6.0,1,31.0,4.0,4,1,3,0,16.0,2.0,5.0,8.0,178.09,False,False,False,False,False,True,False,False,True,False,True,False,False,False,True,False
9.0,1,14.0,3.0,5,5,2,1,11.0,1.0,1.0,7.0,121.19,False,True,False,False,False,False,False,True,True,False,False,True,False,False,False,False
10.0,3,9.0,4.0,4,1,5,1,22.0,1.0,2.0,3.0,151.44,True,False,False,False,False,True,False,False,True,False,False,False,True,False,False,True
14.0,1,28.0,3.0,3,2,4,1,14.0,0.0,3.0,3.0,154.67,False,False,False,False,False,True,False,False,False,False,True,False,False,False,True,False
11.0,1,21.0,3.0,4,1,1,1,14.0,2.0,2.0,3.0,215.10000000000002,True,False,False,False,False,True,False,False,True,False,False,False,False,False,True,False
0.0,3,33.0,2.0,3,1,2,1,18.0,3.0,7.0,7.0,158.13,True,False,False,False,False,True,False,False,True,False,True,False,False,False,False,True
15.0,3,10.0,3.0,5,4,4,0,12.0,2.0,2.0,3.0,214.38,True,False,False,False,False,True,False,False,True,False,True,False,False,False,True,False
6.0,1,20.0,3.0,3,4,2,0,13.0,0.0,1.0,6.0,127.56,False,True,False,False,False,False,False,False,False,False,False,True,False,False,False,False
0.0,3,8.0,3.0,3,3,2,0,19.0,0.0,2.0,2.0,127.83000000000001,False,True,False,False,False,False,False,False,False,False,False,True,False,False,False,True
0.0,1,16.0,3.0,2,3,2,0,18.0,1.0,1.0,2.0,135.05,False,True,False,False,True,False,False,False,True,False,False,True,False,False,False,True
10.0,1,31.0,3.0,4,4,9,0,16.0,2.0,2.0,9.0,181.74,False,False,False,False,False,True,False,False,False,False,True,False,False,False,True,False
1.0,1,10.0,4.0,4,5,7,0,14.0,2.0,2.0,3.0,165.31,True,False,False,False,True,False,False,False,True,False,False,False,True,False,True,False
2.0,1,9.0,2.0,3,5,2,1,18.0,0.0,1.0,5.0,147.23,False,True,False,False,True,False,False,False,True,False,False,False,True,False,False,True
16.0,1,30.0,3.0,5,3,3,0,13.0,4.0,4.0,8.0,168.32,False,False,False,False,False,True,False,False,True,False,True,False,False,False,False,True
7.0,1,11.0,3.0,5,4,8,0,22.0,1.0,2.0,2.0,151.22,True,False,False,False,True,False,False,False,False,False,False,False,True,False,False,False
10.0,1,13.0,1.0,3,3,5,0,13.0,0.0,2.0,2.0,236.64,True,False,False,False,True,False,False,False,True,False,False,False,False,False,False,True
28.0,3,32.0,2.0,4,1,2,0,15.0,0.0,2.0,13.0,295.86,True,False,False,False,False,False,True,False,True,False,False,False,False,True,True,False
12.0,1,9.0,3.0,4,3,11,0,15.0,2.0,2.0,1.0,190.53,True,False,False,False,False,True,False,False,True,False,True,False,False,False,True,False
0.0,1,12.0,3.0,3,5,3,0,11.0,0.0,1.0,3.0,129.6,False,True,False,False,False,False,False,False,True,False,False,True,False,False,False,True
0.0,3,14.0,2.0,3,2,2,1,14.0,0.0,1.0,2.0,123.22999999999999,False,False,False,False,False,False,True,False,False,False,False,True,False,False,False,True
0.0,1,6.0,3.0,3,3,1,0,12.0,1.0,1.0,2.0,148.98,False,True,False,False,False,True,False,False,False,False,True,False,False,False,True,False
4.0,2,8.0,3.0,4,5,4,0,12.0,0.0,1.0,0.0,164.1,True,False,False,False,False,False,False,True,True,False,True,False,False,False,True,False
5.0,3,11.0,2.0,3,4,2,0,14.0,2.0,5.0,3.0,165.24,False,False,False,False,False,True,False,False,True,False,True,False,False,False,False,False
6.0,3,14.0,4.0,4,1,6,0,13.0,1.0,2.0,3.0,217.04,True,False,False,False,False,False,True,False,True,False,True,False,False,False,True,False
4.0,1,30.0,1.0,3,1,3,0,20.0,0.0,1.0,4.0,152.38,False,False,True,False,False,False,False,False,False,False,True,False,False,False,False,True
8.0,3,32.0,3.0,3,5,3,0,14.0,0.0,1.0,0.0,142.86,False,False,False,False,False,True,False,False,False,False,True,False,False,False,True,False
10.0,1,9.0,2.0,3,4,4,0,15.0,1.0,1.0,1.0,141.07,False,True,False,False,False,False,False,True,False,False,True,False,False,False,False,True
5.0,1,8.0,3.0,3,1,1,0,13.0,1.0,3.0,6.0,130.68,False,False,False,False,False,True,False,False,True,False,False,True,False,False,False,True
2.0,1,29.0,3.0,3,5,1,0,13.0,0.0,1.0,3.0,139.04,False,True,False,False,True,False,False,False,True,False,False,False,True,False,False,True
1.0,3,26.0,4.0,2,1,10,1,14.0,1.0,2.0,5.0,178.04,False,False,False,False,False,False,True,False,True,False,True,False,False,False,False,True
2.0,3,33.0,3.0,5,5,3,0,12.0,2.0,2.0,5.0,172.24,True,False,False,False,False,True,False,False,True,False,True,False,False,False,True,False
17.0,1,14.0,3.0,3,5,2,1,13.0,2.0,7.0,1.0,125.59,False,True,False,False,False,True,False,False,True,False,False,True,False,False,False,False
1.0,1,26.0,4.0,5,5,3,0,12.0,1.0,2.0,8.0,165.66,True,False,False,False,False,False,False,True,True,False,False,False,True,False,True,False
15.0,1,9.0,3.0,1,2,3,1,13.0,0.0,1.0,3.0,152.31,True,False,False,False,False,True,False,False,False,False,True,False,False,False,False,False
26.0,1,11.0,2.0,3,3,5,0,11.0,1.0,4.0,8.0,290.94,True,False,False,False,False,False,False,True,False,False,False,False,False,True,True,False
5.0,1,10.0,3.0,4,5,3,1,14.0,3.0,3.0,4.0,155.65,False,False,False,False,True,False,False,False,True,False,False,False,True,False,True,False
12.0,3,14.0,4.0,4,3,4,1,12.0,2.0,8.0,8.0,151.55,False,False,False,False,True,False,False,False,False,False,False,False,True,False,True,False
17.0,3,31.0,4.0,4,5,8,1,14.0,1.0,3.0,3.0,229.48,True,False,False,False,False,True,False,False,True,False,False,False,False,False,False,True
31.0,1,8.0,4.0,2,3,2,0,25.0,2.0,3.0,9.0,174.0,True,False,False,False,False,True,False,False,True,False,True,False,False,False,True,False
9.0,2,12.0,3.0,3,5,5,1,22.0,1.0,1.0,2.0,120.72999999999999,False,True,False,False,False,False,False,True,True,False,False,True,False,False,True,False
1.0,3,11.0,3.0,5,5,3,0,13.0,2.0,2.0,4.0,167.56,True,False,False,False,False,False,True,False,True,False,True,False,False,False,True,False
13.0,1,14.0,2.0,3,1,9,0,19.0,1.0,1.0,0.0,124.06,False,True,False,False,False,True,False,False,True,False,False,True,False,False,True,False
19.0,2,11.0,3.0,3,4,2,1,22.0,1.0,1.0,2.0,150.21,True,False,False,False,True,False,False,False,True,False,True,False,False,False,True,False
9.0,3,13.0,2.0,1,5,3,0,16.0,5.0,6.0,13.0,146.39,False,False,False,False,False,False,True,False,False,False,True,False,False,False,True,False
13.0,3,13.0,2.0,3,4,2,0,15.0,12.0,12.0,8.0,298.33,True,False,False,False,True,False,False,False,True,False,False,False,False,True,False,True
1.0,3,30.0,3.0,5,5,3,0,14.0,2.0,4.0,11.0,198.36,True,False,False,False,False,True,False,False,False,False,False,False,False,False,True,False
1.0,1,16.0,4.0,5,3,2,1,18.0,2.0,2.0,1.0,158.88,True,False,False,False,True,False,False,False,True,False,False,False,True,False,True,False
14.0,3,14.0,2.0,3,4,6,0,21.0,0.0,1.0,4.0,143.93,False,True,False,False,False,False,True,False,False,False,True,False,False,False,True,False
9.0,1,29.0,4.0,2,4,9,0,19.0,6.0,2.0,3.0,244.95999999999998,True,False,False,False,False,True,False,False,False,False,False,False,False,False,True,False
7.0,1,11.0,3.0,5,4,10,0,12.0,1.0,2.0,3.0,163.38,True,False,False,False,True,False,False,False,False,False,False,False,True,False,False,False
15.0,1,19.0,3.0,4,1,5,1,12.0,2.0,2.0,1.0,172.66,True,False,False,False,False,True,False,False,True,False,False,False,True,False,True,False
6.0,1,9.0,4.0,4,5,3,0,15.0,1.0,2.0,3.0,149.39,False,True,True,False,False,False,False,False,True,False,False,False,True,False,False,True
1.0,1,7.0,3.0,4,1,11,1,15.0,3.0,3.0,3.0,172.87,True,False,False,False,True,False,False,False,True,False,False,False,True,False,True,False
14.0,1,15.0,3.0,5,4,4,0,12.0,1.0,5.0,9.0,262.57,False,False,False,False,True,False,False,False,True,False,False,False,False,False,True,False
7.0,1,13.0,2.0,4,1,5,0,24.0,4.0,5.0,8.0,202.25,False,False,False,False,False,True,False,False,True,False,True,False,False,False,True,False
0.0,1,17.0,3.0,1,3,1,0,18.0,0.0,1.0,3.0,140.11,False,False,False,False,False,False,False,True,False,False,True,False,False,False,True,False
11.0,3,16.0,2.0,3,1,2,1,13.0,1.0,1.0,3.0,156.66,False,False,True,False,False,False,False,False,False,False,True,False,False,False,False,True
9.0,1,13.0,3.0,3,3,2,0,13.0,0.0,1.0,0.0,112.74000000000001,False,False,False,True,False,False,False,False,True,False,False,False,True,False,True,False
8.0,1,8.0,3.0,3,5,3,0,11.0,0.0,1.0,0.0,150.93,False,False,False,False,False,True,False,False,False,False,True,False,False,False,True,False
1.0,1,10.0,3.0,4,3,3,0,13.0,3.0,8.0,8.0,165.84,False,False,False,False,False,True,False,False,False,False,False,False,True,False,False,True
1.0,1,17.0,4.0,5,4,3,1,26.0,2.0,2.0,1.0,143.59,False,False,False,False,True,False,False,False,False,False,False,False,True,False,False,True
27.0,1,26.0,2.0,3,3,4,0,12.0,1.0,1.0,3.0,148.69,False,False,False,False,False,True,False,False,False,False,True,False,False,False,False,True
1.0,3,11.0,2.0,3,5,1,0,18.0,1.0,1.0,3.0,184.63,True,False,False,False,True,False,False,False,True,False,True,False,False,False,False,True
16.0,1,21.0,3.0,4,3,2,0,24.0,1.0,6.0,11.0,276.03,True,False,False,False,False,True,False,False,True,True,False,False,False,False,True,False
1.0,2,16.0,3.0,4,3,3,0,16.0,2.0,3.0,3.0,152.42,True,False,True,False,False,False,False,False,False,False,False,False,True,False,False,False
23.0,1,15.0,4.0,5,4,3,0,24.0,1.0,2.0,8.0,176.3,False,False,False,False,False,True,False,False,True,False,True,False,False,False,True,False
13.0,1,25.0,3.0,3,1,9,1,15.0,3.0,3.0,7.0,127.41,False,True,False,False,False,False,False,False,True,False,True,False,False,False,True,False
22.0,1,7.0,3.0,2,1,4,0,15.0,1.0,3.0,2.0,293.85,False,False,False,False,True,False,False,False,True,True,False,False,False,False,False,True
8.0,3,17.0,2.0,3,2,2,0,11.0,0.0,1.0,2.0,149.68,False,False,False,False,False,False,True,False,True,False,True,False,False,False,True,False
6.0,1,17.0,4.0,4,1,4,0,26.0,1.0,2.0,1.0,237.44,True,False,False,False,True,False,False,False,True,False,False,False,False,False,False,True
18.0,1,24.0,4.0,6,3,4,0,14.0,2.0,2.0,1.0,147.9,False,False,False,False,False,True,False,False,True,False,False,False,True,False,False,True
11.0,1,14.0,3.0,4,4,5,0,14.0,0.0,1.0,5.0,124.68,False,False,False,False,False,False,False,False,False,False,False,True,False,False,True,False
1.0,1,13.0,4.0,5,3,2,0,13.0,1.0,2.0,4.0,146.87,False,True,False,False,True,False,False,False,False,False,False,False,True,False,True,False
6.0,1,34.0,3.0,3,3,2,1,12.0,4.0,5.0,7.0,152.07,True,False,False,False,False,True,False,False,True,False,True,False,False,False,True,False
4.0,1,7.0,3.0,6,3,5,0,22.0,2.0,2.0,3.0,163.33,True,False,False,False,False,True,False,False,True,False,False,False,True,False,True,False
31.0,3,35.0,4.0,5,5,6,0,20.0,14.0,14.0,3.0,227.66,False,False,False,False,False,False,True,False,False,False,False,False,False,False,False,False
15.0,2,8.0,3.0,3,3,1,1,11.0,1.0,1.0,0.0,126.96000000000001,False,True,True,False,False,False,False,False,True,False,False,True,False,False,True,False
2.0,1,25.0,2.0,3,2,5,0,12.0,0.0,1.0,2.0,142.62,False,True,True,False,False,False,False,False,True,False,True,False,False,False,True,False
23.0,1,35.0,2.0,4,3,1,0,15.0,1.0,15.0,7.0,270.46,True,False,False,False,False,True,False,False,True,True,False,False,False,False,True,False
11.0,1,16.0,3.0,3,3,4,0,19.0,1.0,1.0,0.0,198.24,True,False,False,False,True,False,False,False,False,False,True,False,False,False,False,False
9.0,1,17.0,2.0,3,4,2,0,13.0,1.0,1.0,2.0,122.44,False,True,False,False,False,False,False,False,False,False,False,True,False,False,True,False
1.0,3,23.0,4.0,4,5,7,0,16.0,2.0,2.0,3.0,178.24,True,False,False,False,False,False,True,False,False,False,True,False,False,False,False,True
24.0,1,16.0,4.0,4,1,6,0,19.0,2.0,2.0,1.0,148.8,False,True,False,False,False,True,False,False,True,False,False,False,True,False,True,False
31.0,1,7.0,3.0,4,3,4,0,12.0,2.0,2.0,3.0,192.55,True,False,False,False,True,False,False,False,True,False,True,False,False,False,False,False
29.0,1,7.0,3.0,4,5,2,1,15.0,4.0,5.0,14.0,315.45,True,False,False,False,True,False,False,False,True,False,False,False,False,True,False,True
15.0,1,14.0,3.0,4,3,8,0,15.0,2.0,3.0,2.0,175.03,True,False,False,False,True,False,False,False,False,False,True,False,False,False,False,True
16.0,3,7.0,3.0,4,3,3,0,26.0,5.0,12.0,7.0,174.07,True,False,False,False,False,True,False,False,True,False,True,False,False,False,False,False
12.0,1,17.0,4.0,4,3,5,0,20.0,1.0,2.0,3.0,223.24,True,False,False,False,True,False,False,False,False,False,True,False,False,False,True,False
1.0,3,28.0,3.0,2,1,3,0,18.0,3.0,3.0,3.0,151.78,True,False,False,False,False,False,True,False,True,False,False,False,True,False,False,True
24.0,1,9.0,2.0,4,5,4,0,15.0,3.0,3.0,3.0,303.56,False,False,False,False,True,False,False,False,False,True,False,False,False,False,False,False
19.0,1,13.0,1.0,3,3,3,0,14.0,1.0,1.0,0.0,152.58,False,False,False,False,True,False,False,False,False,False,True,False,False,False,True,False
16.0,1,6.0,2.0,3,1,5,0,13.0,1.0,2.0,2.0,155.62,False,False,False,False,False,True,False,False,False,False,True,False,False,False,True,False
11.0,1,7.0,3.0,4,2,6,0,18.0,2.0,2.0,3.0,199.91,True,False,False,True,False,False,False,False,False,False,False,False,False,False,False,True
7.0,1,6.0,3.0,1,2,3,0,16.0,0.0,1.0,3.0,132.8,False,True,False,False,False,True,False,False,False,False,False,True,False,False,False,True
2.0,1,12.0,3.0,3,2,2,0,13.0,0.0,1.0,8.0,131.31,False,True,False,False,False,False,False,False,False,False,False,True,False,False,False,False
28.0,1,17.0,4.0,4,5,8,1,20.0,1.0,2.0,5.0,169.4,True,False,False,False,True,False,False,False,False,False,True,False,False,False,False,True
10.0,1,7.0,3.0,5,3,2,0,16.0,2.0,2.0,3.0,168.74,False,False,False,False,True,False,False,False,False,False,True,False,False,False,True,False
12.0,1,25.0,3.0,6,1,5,1,17.0,1.0,2.0,1.0,183.11,True,False,False,False,True,False,False,False,True,False,True,False,False,False,True,False
31.0,3,10.0,3.0,5,1,7,0,18.0,1.0,2.0,6.0,176.71,True,False,False,False,False,True,False,False,False,False,True,False,False,False,False,True
17.0,1,13.0,3.0,5,2,6,1,15.0,1.0,2.0,1.0,291.27,True,False,False,False,False,False,False,True,True,True,False,False,False,False,True,False
18.0,1,8.0,3.0,4,1,8,1,13.0,2.0,2.0,3.0,149.36,False,True,False,False,True,False,False,False,True,False,False,False,True,False,False,True
16.0,1,9.0,4.0,5,2,5,0,24.0,1.0,2.0,1.0,192.81,True,False,False,False,False,False,False,True,True,False,True,False,False,False,False,True
0.0,3,8.0,3.0,4,2,8,0,14.0,0.0,1.0,0.0,127.85,False,False,False,False,False,True,False,False,False,False,False,True,False,False,False,True
19.0,1,19.0,2.0,3,4,7,0,14.0,1.0,1.0,9.0,155.62,True,False,False,False,False,True,False,False,True,False,True,False,False,False,False,True
21.0,3,9.0,3.0,2,4,8,0,15.0,1.0,2.0,3.0,284.72,True,False,False,False,False,True,False,False,False,True,False,False,False,False,True,False
13.0,1,31.0,3.0,4,1,9,0,14.0,1.0,2.0,8.0,166.08,True,False,False,False,False,True,False,False,True,False,True,False,False,False,False,True
0.0,1,14.0,2.0,3,4,3,1,13.0,1.0,1.0,2.0,123.72999999999999,False,True,False,False,False,False,False,False,True,False,False,True,False,False,True,False
17.0,3,11.0,2.0,3,4,8,0,11.0,1.0,3.0,10.0,282.13,True,False,False,False,False,False,True,False,True,False,False,False,False,True,False,False
1.0,1,18.0,3.0,4,5,3,1,14.0,3.0,4.0,4.0,172.41,False,False,False,False,True,False,False,False,True,False,True,False,False,False,False,False
1.0,1,23.0,4.0,2,1,3,1,14.0,1.0,2.0,1.0,154.35,False,False,False,False,True,False,False,False,True,False,False,False,True,False,True,False
9.0,1,14.0,2.0,4,4,2,1,16.0,1.0,1.0,7.0,121.33000000000001,False,False,False,False,False,False,False,False,False,False,True,False,False,False,True,False
3.0,1,20.0,3.0,5,4,6,1,14.0,1.0,2.0,4.0,165.25,True,False,False,False,False,False,False,True,True,False,True,False,False,False,True,False
0.0,1,14.0,2.0,4,5,2,1,11.0,0.0,1.0,0.0,123.19,False,True,False,False,False,True,False,False,False,False,False,True,False,False,True,False
7.0,1,15.0,3.0,2,5,8,0,20.0,4.0,8.0,7.0,156.43,True,False,False,False,False,True,False,False,True,False,False,False,True,False,True,False
0.0,2,14.0,2.0,4,5,5,1,15.0,1.0,2.0,0.0,123.35,False,True,False,False,False,False,False,True,True,False,False,True,False,False,True,False
13.0,3,28.0,3.0,5,2,5,1,13.0,1.0,2.0,5.0,186.2,True,False,False,False,False,True,False,False,True,False,True,False,False,False,False,False
31.0,1,8.0,4.0,6,1,5,0,21.0,2.0,2.0,1.0,233.82999999999998,True,False,False,False,True,False,False,False,True,False,False,False,False,False,True,False
12.0,1,16.0,2.0,3,5,2,1,14.0,1.0,11.0,10.0,270.68,True,False,False,False,True,False,False,False,True,True,False,False,False,False,False,False
2.0,1,9.0,3.0,4,3,2,0,18.0,0.0,1.0,3.0,219.35000000000002,True,False,False,False,True,False,False,False,True,False,False,False,False,False,True,False
1.0,1,7.0,4.0,6,4,9,1,14.0,2.0,4.0,8.0,147.16,False,True,False,False,False,True,False,False,False,False,False,False,True,False,False,True
7.0,1,7.0,3.0,5,1,2,0,15.0,2.0,2.0,5.0,194.49,True,False,False,False,False,True,False,False,False,False,True,False,False,False,False,True
1.0,1,12.0,4.0,4,1,3,0,19.0,1.0,3.0,3.0,156.17,True,False,False,False,True,False,False,False,True,False,False,False,True,False,False,True
11.0,1,10.0,3.0,4,3,3,0,16.0,7.0,8.0,3.0,219.34,True,False,False,False,False,False,False,True,True,False,False,False,False,False,False,False
1.0,1,31.0,4.0,5,1,3,1,25.0,2.0,2.0,1.0,149.39,False,False,False,False,False,True,False,False,True,False,False,False,True,False,False,True
6.0,1,12.0,3.0,5,1,10,0,25.0,1.0,2.0,3.0,221.79,True,False,False,False,False,True,False,False,True,False,True,False,False,False,False,True
6.0,1,6.0,3.0,1,3,5,0,19.0,1.0,1.0,5.0,261.84,True,False,False,False,True,False,False,False,False,True,False,False,False,False,True,False
8.0,3,5.0,3.0,3,5,2,0,22.0,0.0,1.0,8.0,190.69,False,False,False,False,False,True,False,False,True,False,False,False,False,False,True,False
0.0,1,25.0,3.0,3,1,4,0,11.0,0.0,1.0,2.0,136.69,False,True,False,False,True,False,False,False,True,False,False,False,True,False,True,False
29.0,1,15.0,3.0,4,3,4,1,15.0,1.0,2.0,3.0,272.56,True,False,False,False,True,False,False,False,False,True,False,False,False,False,True,False
9.0,3,15.0,2.0,3,1,5,0,11.0,4.0,4.0,3.0,200.96,True,False,False,False,False,False,True,False,True,False,False,False,False,False,True,False
9.0,1,8.0,4.0,5,5,3,0,20.0,2.0,2.0,3.0,149.5,False,True,False,False,True,False,False,False,True,False,False,False,True,False,False,True
23.0,1,8.0,1.0,3,5,3,0,22.0,1.0,2.0,2.0,278.56,False,False,False,False,True,False,False,False,False,True,False,False,False,False,False,False
1.0,2,9.0,3.0,4,4,6,0,15.0,1.0,2.0,3.0,146.87,False,True,False,False,False,False,False,True,False,False,False,False,True,False,True,False
0.0,3,34.0,3.0,3,4,2,0,20.0,1.0,1.0,4.0,162.72,True,False,False,False,False,False,True,False,True,False,True,False,False,False,False,False
21.0,1,9.0,3.0,4,1,3,1,15.0,4.0,4.0,1.0,292.52,True,False,False,False,False,False,False,True,False,True,False,False,False,False,True,False
7.0,3,29.0,4.0,4,4,2,0,14.0,1.0,2.0,8.0,186.46,False,False,False,False,False,False,True,False,True,False,True,False,False,False,True,False
0.0,3,8.0,2.0,1,3,1,0,14.0,0.0,1.0,7.0,165.0,True,False,False,False,True,False,False,False,False,False,True,False,False,False,False,True
9.0,3,26.0,2.0,3,2,2,0,15.0,0.0,1.0,2.0,121.57,False,False,False,True,False,False,False,False,False,False,False,True,False,False,False,False
18.0,1,13.0,3.0,3,5,2,0,18.0,2.0,9.0,11.0,152.1,False,False,False,False,False,True,False,False,True,False,False,False,False,False,True,False
11.0,2,14.0,3.0,3,4,6,0,13.0,2.0,3.0,8.0,125.91999999999999,False,False,False,False,False,False,False,True,True,False,False,True,False,False,True,False
8.0,1,14.0,3.0,4,5,2,0,19.0,1.0,1.0,2.0,124.5,False,True,False,False,False,False,False,False,True,False,False,True,False,False,False,True
9.0,3,17.0,3.0,4,1,5,0,13.0,1.0,1.0,0.0,166.52,True,False,False,False,False,False,True,False,False,False,True,False,False,False,True,False
9.0,1,11.0,3.0,4,3,3,1,12.0,2.0,2.0,2.0,167.49,False,False,False,False,False,True,False,False,True,False,True,False,False,False,False,True
17.0,1,28.0,4.0,4,1,9,0,21.0,2.0,2.0,3.0,147.58,False,False,False,False,True,False,False,False,True,False,False,False,True,False,True,False
27.0,3,14.0,4.0,5,2,9,1,19.0,1.0,2.0,5.0,234.33999999999997,True,False,False,False,False,False,True,False,False,False,False,False,False,False,False,False
8.0,3,17.0,3.0,4,3,3,1,15.0,2.0,2.0,8.0,165.01,False,False,False,False,False,True,False,False,True,False,True,False,False,False,True,False
1.0,1,12.0,3.0,2,3,5,1,15.0,1.0,2.0,4.0,149.32,False,False,False,False,False,True,False,False,False,False,False,False,True,False,False,True
9.0,1,8.0,3.0,1,2,2,0,13.0,6.0,7.0,7.0,120.11000000000001,True,False,False,False,False,True,False,False,False,False,False,True,False,False,False,False
0.0,2,28.0,3.0,4,4,2,0,12.0,1.0,1.0,0.0,128.63,False,False,False,False,False,False,False,True,False,False,False,True,False,False,True,False
13.0,1,8.0,2.0,1,3,6,0,20.0,5.0,11.0,8.0,163.77,True,False,False,False,True,False,False,False,False,False,True,False,False,False,True,False
1.0,1,9.0,3.0,4,4,3,0,12.0,1.0,2.0,3.0,147.26,False,True,True,False,False,False,False,False,True,False,False,False,True,False,True,False
20.0,3,9.0,4.0,4,1,6,1,13.0,1.0,2.0,3.0,228.68,True,False,False,False,False,True,False,False,True,False,False,False,False,False,True,False
0.0,1,13.0,3.0,5,3,2,1,24.0,1.0,1.0,6.0,160.74,False,False,False,False,False,True,False,False,True,False,True,False,False,False,False,True
25.0,1,6.0,3.0,4,3,1,0,15.0,1.0,11.0,9.0,299.99,True,False,False,False,False,True,False,False,True,False,False,False,False,True,False,False
0.0,3,10.0,2.0,3,5,1,1,22.0,3.0,4.0,7.0,195.82,True,False,False,True,False,False,False,False,True,False,False,False,False,False,False,True
6.0,3,13.0,1.0,3,4,1,0,17.0,1.0,1.0,2.0,143.02,False,False,False,False,False,True,False,False,False,False,True,False,False,False,False,False
4.0,1,11.0,2.0,3,2,1,1,12.0,0.0,1.0,3.0,148.21,False,True,True,False,False,False,False,False,True,False,False,False,True,False,False,False
23.0,1,6.0,3.0,3,4,4,1,19.0,1.0,1.0,7.0,281.72,False,False,False,False,False,True,False,False,False,False,False,False,False,True,True,False
2.0,1,14.0,2.0,5,5,4,0,13.0,1.0,1.0,7.0,197.15,True,False,False,False,False,False,False,True,False,False,True,False,False,False,True,False
1.0,1,8.0,3.0,4,4,3,0,19.0,2.0,3.0,2.0,145.96,False,True,False,False,True,False,False,False,False,False,False,False,True,False,False,True
6.0,1,20.0,3.0,3,4,2,0,13.0,1.0,1.0,6.0,127.56,False,True,False,False,False,False,False,False,False,False,False,True,False,False,True,False
6.0,3,15.0,3.0,2,1,3,0,16.0,1.0,2.0,9.0,187.09,True,False,False,False,True,False,False,False,True,False,True,False,False,False,True,False
11.0,1,15.0,3.0,3,1,3,0,19.0,1.0,1.0,3.0,147.71,False,True,False,False,False,True,False,False,True,False,False,False,True,False,True,False
9.0,1,31.0,2.0,5,3,2,0,12.0,1.0,1.0,1.0,122.93,False,True,False,False,False,True,False,False,True,False,False,True,False,False,False,True
9.0,1,16.0,2.0,1,3,3,0,16.0,2.0,2.0,2.0,120.72999999999999,False,True,False,True,False,False,False,False,True,False,False,True,False,False,True,False
0.0,3,24.0,3.0,3,3,1,1,18.0,3.0,3.0,2.0,146.14,False,False,False,False,False,False,True,False,False,False,True,False,False,False,False,False
28.0,1,8.0,3.0,3,2,3,1,13.0,1.0,1.0,2.0,266.59,True,False,False,False,False,True,False,False,False,True,False,False,False,False,False,True
12.0,1,9.0,3.0,4,3,11,0,15.0,1.0,2.0,1.0,190.53,True,False,False,False,False,True,False,False,True,False,True,False,False,False,False,False
11.0,1,13.0,3.0,3,5,6,1,14.0,3.0,7.0,8.0,184.74,True,False,False,False,True,False,False,False,True,False,True,False,False,False,True,False
9.0,3,22.0,3.0,4,5,5,0,13.0,1.0,1.0,2.0,156.47,True,False,False,False,False,False,True,False,False,False,True,False,False,False,True,False
16.0,1,15.0,4.0,4,1,3,0,15.0,6.0,15.0,10.0,309.3,False,False,False,False,False,True,False,False,True,False,False,False,False,True,True,False
1.0,1,9.0,3.0,4,1,2,0,19.0,3.0,3.0,3.0,167.27,True,False,False,False,False,True,False,False,False,False,True,False,False,False,True,False
28.0,1,17.0,4.0,4,5,8,1,20.0,1.0,2.0,5.0,169.4,True,False,False,False,True,False,False,False,False,False,True,False,False,False,False,True
10.0,1,14.0,2.0,3,2,2,1,12.0,0.0,1.0,2.0,123.25999999999999,False,False,False,False,False,False,False,False,True,False,False,True,False,False,False,False
19.0,3,8.0,3.0,5,4,4,1,12.0,1.0,7.0,7.0,268.72,True,False,False,True,False,False,False,False,False,True,False,False,False,False,False,False
0.0,3,25.0,3.0,2,2,9,1,13.0,1.0,1.0,4.0,153.04,False,False,False,False,False,False,True,False,True,False,True,False,False,False,False,True
1.0,1,21.0,3.0,4,3,3,0,17.0,2.0,2.0,1.0,140.14,False,False,False,False,True,False,False,False,False,False,False,False,True,False,False,True
14.0,3,17.0,4.0,5,4,4,0,13.0,1.0,2.0,3.0,222.05,True,False,False,False,False,False,True,False,True,False,False,False,False,False,True,False
23.0,1,7.0,3.0,5,3,9,1,13.0,1.0,2.0,8.0,264.64,True,False,False,True,False,False,False,False,False,True,False,False,False,False,False,True
11.0,3,13.0,2.0,2,5,2,1,24.0,0.0,7.0,7.0,156.05,True,False,False,False,True,False,False,False,False,False,True,False,False,False,True,False
8.0,3,32.0,3.0,3,5,3,0,14.0,0.0,1.0,0.0,142.86,False,False,False,False,False,True,False,False,False,False,True,False,False,False,False,False
10.0,1,17.0,4.0,4,3,5,0,13.0,1.0,2.0,8.0,195.94,True,False,False,True,False,False,False,False,False,False,False,False,False,False,False,False
1.0,1,7.0,4.0,4,3,2,0,13.0,2.0,2.0,3.0,173.98,True,False,False,False,False,True,False,False,False,False,True,False,False,False,True,False
6.0,1,10.0,3.0,3,4,6,0,15.0,0.0,1.0,7.0,130.55,False,False,True,False,False,False,False,False,True,False,True,False,False,False,True,False
1.0,3,12.0,4.0,4,4,3,1,15.0,2.0,2.0,1.0,143.78,False,False,False,False,False,False,True,False,True,False,False,False,True,False,False,True
7.0,3,9.0,4.0,4,4,10,0,16.0,1.0,2.0,8.0,176.47,False,False,False,False,False,False,True,False,False,False,True,False,False,False,False,True
2.0,1,15.0,1.0,4,1,1,0,17.0,1.0,2.0,2.0,139.83,False,True,False,False,False,False,False,True,True,False,False,False,True,False,False,True
8.0,1,8.0,4.0,4,4,3,1,13.0,3.0,3.0,4.0,148.42,False,False,False,False,True,False,False,False,True,False,False,False,True,False,True,False
6.0,3,14.0,2.0,3,5,3,0,13.0,2.0,2.0,2.0,163.92,True,False,False,False,False,True,False,False,True,False,True,False,False,False,True,False
1.0,1,11.0,4.0,4,3,3,0,20.0,1.0,2.0,1.0,148.18,False,True,False,False,False,True,False,False,False,False,False,False,True,False,False,True
1.0,3,34.0,3.0,4,1,3,1,19.0,4.0,8.0,8.0,183.13,True,False,False,False,False,True,False,False,True,False,True,False,False,False,False,True
23.0,1,8.0,3.0,3,5,2,0,11.0,1.0,14.0,7.0,279.24,False,False,False,False,False,True,False,False,True,True,False,False,False,False,True,False
13.0,3,34.0,2.0,4,5,5,1,13.0,2.0,2.0,0.0,208.54000000000002,True,False,False,False,False,False,True,False,True,False,False,False,False,False,True,False
8.0,1,29.0,3.0,5,1,3,1,16.0,4.0,7.0,12.0,182.47,False,False,False,False,False,False,False,True,True,False,True,False,False,False,True,False
8.0,3,24.0,2.0,3,3,2,0,16.0,1.0,1.0,0.0,146.01,False,True,False,False,True,False,False,False,False,False,True,False,False,False,True,False
29.0,2,14.0,2.0,3,4,7,0,15.0,1.0,7.0,7.0,297.17,True,False,False,False,False,True,False,False,True,False,False,False,False,True,False,True
19.0,3,9.0,4.0,4,3,6,0,23.0,4.0,6.0,8.0,176.54,False,False,False,False,False,True,False,False,False,False,True,False,False,False,True,False
1.0,1,12.0,3.0,3,5,3,0,13.0,2.0,2.0,6.0,165.0,False,False,False,False,False,True,False,False,True,False,True,False,False,False,True,False
9.0,1,9.0,2.0,3,4,2,0,12.0,1.0,1.0,7.0,136.92,False,False,True,False,False,False,False,False,True,False,False,False,True,False,False,False
10.0,1,16.0,2.0,1,1,2,1,25.0,5.0,2.0,8.0,237.44,True,False,False,False,False,True,False,False,False,False,False,False,False,False,True,False
2.0,1,25.0,2.0,3,1,5,0,12.0,1.0,1.0,2.0,142.62,False,True,True,False,False,False,False,False,True,False,True,False,False,False,True,False
13.0,1,15.0,2.0,3,3,10,0,17.0,0.0,2.0,13.0,234.99,False,False,False,False,True,False,False,False,False,False,False,False,False,False,False,True
4.0,3,14.0,3.0,4,4,2,0,15.0,1.0,2.0,3.0,154.83,True,False,False,False,False,False,True,False,True,False,False,False,True,False,False,True
23.0,1,7.0,3.0,5,3,9,1,13.0,1.0,2.0,8.0,264.64,True,False,False,True,False,False,False,False,False,True,False,False,False,False,False,True
6.0,1,11.0,4.0,5,3,3,0,13.0,6.0,7.0,9.0,186.62,True,False,False,False,False,True,False,False,False,False,True,False,False,False,True,False
12.0,1,17.0,4.0,6,3,5,0,13.0,1.0,2.0,12.0,257.06,True,False,False,False,True,False,False,False,False,False,False,False,False,False,True,False
13.0,1,30.0,3.0,3,1,2,0,17.0,2.0,4.0,7.0,133.19,False,True,True,False,False,False,False,False,True,False,True,False,False,False,True,False
19.0,1,27.0,4.0,6,5,4,1,19.0,1.0,2.0,8.0,233.51,True,False,False,False,True,False,False,False,True,False,False,False,False,False,True,False
3.0,1,9.0,4.0,4,4,2,0,14.0,1.0,2.0,3.0,156.8,False,False,False,False,False,True,False,False,False,False,False,False,True,False,False,False
5.0,3,14.0,3.0,4,4,2,1,11.0,11.0,11.0,9.0,152.28,True,False,True,False,False,False,False,False,False,False,True,False,False,False,True,False
10.0,1,16.0,3.0,3,5,7,0,20.0,1.0,1.0,3.0,134.52,False,True,False,False,False,False,False,False,False,False,False,True,False,False,True,False
8.0,1,16.0,2.0,3,3,4,1,16.0,0.0,1.0,4.0,161.42,True,False,False,False,True,False,False,False,False,False,True,False,False,False,False,True
13.0,1,14.0,2.0,3,1,9,0,19.0,0.0,1.0,0.0,124.06,False,True,False,False,False,True,False,False,True,False,False,True,False,False,True,False
15.0,3,7.0,3.0,3,5,3,0,17.0,2.0,2.0,8.0,208.92,True,False,False,False,False,False,True,False,True,False,False,False,False,False,False,False
3.0,1,8.0,4.0,2,3,10,1,13.0,2.0,2.0,3.0,187.94,False,False,False,False,False,True,False,False,True,False,True,False,False,False,False,True
6.0,1,7.0,4.0,4,1,2,0,13.0,2.0,2.0,3.0,148.14,False,False,False,False,False,True,False,False,True,False,False,False,True,False,True,False
5.0,3,27.0,4.0,2,1,2,0,13.0,3.0,3.0,3.0,152.91,False,False,False,False,False,True,False,False,True,False,False,False,True,False,True,False
4.0,1,15.0,2.0,3,4,2,0,25.0,1.0,1.0,8.0,206.48000000000002,True,False,False,False,False,True,False,False,True,False,False,False,False,False,True,False
0.0,1,14.0,2.0,3,4,3,1,13.0,1.0,1.0,2.0,123.72999999999999,False,True,False,False,False,False,False,False,True,False,False,True,False,False,True,False
0.0,1,14.0,3.0,3,5,2,1,17.0,0.0,1.0,0.0,123.97999999999999,False,True,False,False,False,False,False,False,False,False,False,True,False,False,True,False
10.0,1,9.0,4.0,4,3,6,0,22.0,3.0,4.0,10.0,150.19,True,False,False,False,True,False,False,False,True,False,False,False,True,False,False,True
19.0,3,9.0,2.0,1,5,3,0,12.0,1.0,2.0,8.0,232.25,True,False,False,True,False,False,False,False,False,True,False,False,False,False,True,False
23.0,1,14.0,3.0,3,1,5,0,18.0,1.0,1.0,0.0,123.80000000000001,False,True,False,False,False,True,False,False,True,False,False,True,False,False,True,False
17.0,1,14.0,3.0,2,1,6,0,15.0,2.0,3.0,3.0,145.89,False,False,False,False,True,False,False,False,True,False,False,False,True,False,True,False
7.0,1,21.0,3.0,3,2,2,0,11.0,0.0,1.0,5.0,179.78,True,False,False,False,True,False,False,False,False,False,False,False,False,False,False,False
6.0,3,16.0,3.0,6,1,2,0,18.0,1.0,2.0,8.0,171.68,False,False,False,False,True,False,False,False,True,False,True,False,False,False,True,False
13.0,3,11.0,2.0,4,5,6,1,21.0,0.0,1.0,12.0,204.75,False,False,False,False,False,True,False,False,True,False,False,False,False,False,True,False
27.0,1,13.0,3.0,4,1,4,0,18.0,3.0,3.0,3.0,149.5,False,True,False,False,False,True,False,False,True,False,True,False,False,False,False,True
0.0,1,14.0,2.0,3,4,2,1,17.0,0.0,1.0,0.0,124.08000000000001,False,True,False,False,False,False,False,False,True,False,False,True,False,False,True,False
12.0,1,30.0,3.0,5,3,2,0,22.0,2.0,2.0,3.0,220.26,False,False,False,False,False,True,False,False,True,False,False,False,False,False,False,True
15.0,1,29.0,4.0,4,1,5,1,15.0,3.0,4.0,4.0,179.67,False,False,False,False,False,True,False,False,False,False,True,False,False,False,True,False
13.0,2,9.0,3.0,5,2,10,0,12.0,1.0,2.0,5.0,177.04,True,False,False,False,False,True,False,False,False,False,True,False,False,False,False,False
0.0,1,9.0,2.0,3,3,1,1,19.0,1.0,1.0,2.0,141.71,False,True,False,False,False,True,False,False,False,False,True,False,False,False,False,False
14.0,3,17.0,3.0,5,4,9,0,13.0,2.0,2.0,4.0,193.52,True,False,False,True,False,False,False,False,False,False,True,False,False,False,True,False
6.0,1,14.0,4.0,3,4,3,0,21.0,1.0,2.0,4.0,152.94,False,False,False,False,False,True,False,False,True,False,False,False,True,False,False,False
21.0,3,9.0,4.0,5,2,3,1,19.0,2.0,2.0,3.0,157.94,True,False,False,False,False,True,False,False,False,False,False,False,True,False,False,True
18.0,3,35.0,3.0,2,2,5,1,19.0,2.0,2.0,12.0,258.2,True,False,False,False,True,False,False,False,False,True,False,False,False,False,False,False
0.0,3,9.0,3.0,1,1,2,1,20.0,1.0,1.0,4.0,146.47,False,False,False,False,True,False,False,False,False,False,True,False,False,False,True,False
0.0,3,15.0,3.0,3,5,2,0,11.0,0.0,1.0,2.0,127.28,False,True,False,False,False,True,False,False,True,False,False,True,False,False,False,True
21.0,3,11.0,3.0,4,2,3,1,18.0,2.0,2.0,8.0,166.63,True,False,False,False,False,True,False,False,False,False,True,False,False,False,False,True
12.0,3,8.0,2.0,1,3,1,0,18.0,0.0,1.0,7.0,178.8,True,False,False,False,False,True,False,False,True,False,False,False,False,False,False,True
0.0,3,11.0,2.0,3,3,7,0,13.0,1.0,1.0,0.0,283.03,True,False,False,False,False,False,True,False,True,False,False,False,False,True,True,False
6.0,1,14.0,4.0,2,4,3,0,21.0,1.0,2.0,4.0,152.94,False,False,False,False,False,True,False,False,True,False,False,False,True,False,True,False
2.0,1,15.0,4.0,4,1,3,0,22.0,2.0,2.0,3.0,158.1,True,False,False,False,False,True,False,False,False,False,False,False,True,False,False,True
30.0,2,15.0,4.0,4,4,8,0,15.0,3.0,8.0,8.0,322.17,True,False,False,False,False,True,False,False,True,False,False,False,False,True,False,True
9.0,3,10.0,4.0,4,1,8,0,14.0,1.0,2.0,9.0,203.23,True,False,False,False,False,True,False,False,True,False,False,False,False,False,True,False
1.0,3,28.0,3.0,2,2,3,0,18.0,1.0,3.0,3.0,151.78,True,False,False,False,False,False,True,False,True,False,False,False,True,False,False,True
0.0,1,8.0,2.0,3,3,7,0,17.0,2.0,2.0,1.0,143.82,False,True,False,False,True,False,False,False,True,False,False,False,True,False,False,True
14.0,3,9.0,4.0,4,4,5,0,15.0,2.0,6.0,11.0,181.77,True,False,False,False,False,False,True,False,False,False,True,False,False,False,True,False
8.0,3,8.0,3.0,5,4,3,1,16.0,1.0,1.0,11.0,288.24,True,False,False,False,False,False,True,False,False,False,False,False,False,True,False,True
1.0,1,7.0,3.0,4,4,3,0,12.0,1.0,2.0,5.0,163.16,True,False,False,False,True,False,False,False,True,False,False,False,True,False,True,False
21.0,1,11.0,4.0,5,4,10,1,13.0,6.0,15.0,3.0,228.33,True,False,False,False,False,True,False,False,False,False,False,False,False,False,True,False
8.0,3,7.0,4.0,5,3,3,1,15.0,8.0,9.0,7.0,195.83,True,False,False,True,False,False,False,False,True,False,False,False,False,False,False,False
10.0,3,10.0,3.0,5,2,6,0,12.0,1.0,2.0,3.0,221.99,False,False,False,False,True,False,False,False,True,False,False,False,False,False,False,False
0.0,1,13.0,3.0,3,3,2,1,16.0,0.0,1.0,2.0,128.86,False,False,False,False,False,True,False,False,False,False,False,True,False,False,True,False
21.0,2,33.0,4.0,4,3,5,0,15.0,2.0,2.0,1.0,321.58,True,False,False,False,False,True,False,False,False,False,False,False,False,True,True,False
19.0,1,8.0,2.0,3,1,8,1,15.0,2.0,2.0,2.0,293.28,True,False,False,False,True,False,False,False,True,False,False,False,False,True,True,False
10.0,3,16.0,3.0,4,1,6,0,12.0,5.0,5.0,3.0,225.96,True,False,False,False,False,False,True,False,True,False,False,False,False,False,True,False
25.0,1,10.0,3.0,4,3,4,0,12.0,3.0,2.0,3.0,256.16,True,False,False,True,False,False,False,False,False,False,False,False,False,False,True,False
1.0,3,15.0,3.0,4,3,2,1,23.0,1.0,2.0,5.0,174.07,True,False,False,False,False,False,False,True,False,False,True,False,False,False,True,False
0.0,3,14.0,2.0,3,1,2,1,14.0,1.0,1.0,2.0,123.22999999999999,False,False,False,False,False,False,True,False,False,False,False,True,False,False,False,True
9.0,3,7.0,3.0,4,4,1,0,14.0,2.0,2.0,2.0,122.69,False,True,False,False,False,False,False,False,True,False,False,True,False,False,True,False
0.0,1,35.0,2.0,4,3,2,0,22.0,3.0,3.0,8.0,145.08,False,False,False,False,True,False,False,False,False,False,True,False,False,False,False,True
19.0,1,20.0,3.0,3,4,10,1,18.0,3.0,4.0,3.0,149.63,True,False,False,False,False,True,False,False,False,False,False,False,True,False,True,False
1.0,3,15.0,3.0,5,5,8,0,18.0,2.0,2.0,3.0,178.26,True,False,True,False,False,False,False,False,True,False,True,False,False,False,False,True
14.0,1,8.0,4.0,4,5,4,0,15.0,3.0,12.0,17.0,293.23,True,False,False,False,False,True,False,False,True,True,False,False,False,False,True,False
19.0,1,14.0,3.0,3,3,9,0,11.0,6.0,9.0,8.0,123.38999999999999,False,True,True,False,False,False,False,False,True,False,False,True,False,False,True,False
7.0,1,30.0,4.0,4,1,3,1,13.0,4.0,2.0,13.0,259.58,False,False,False,False,False,True,False,False,False,False,False,False,False,False,False,True
4.0,1,26.0,2.0,3,3,2,0,11.0,0.0,1.0,2.0,141.97,False,True,False,False,False,True,False,False,True,False,True,False,False,False,True,False
13.0,3,16.0,2.0,4,4,8,0,12.0,1.0,1.0,3.0,168.52,True,False,True,False,False,False,False,False,False,False,True,False,False,False,True,False
9.0,1,23.0,3.0,4,4,2,0,21.0,1.0,1.0,0.0,121.27000000000001,False,True,False,False,False,False,False,True,True,False,False,True,False,False,True,False
9.0,1,28.0,2.0,3,3,5,1,11.0,0.0,1.0,1.0,121.32,False,True,False,False,False,True,False,False,False,False,False,True,False,False,False,False
1.0,3,7.0,4.0,5,4,3,1,12.0,2.0,2.0,3.0,146.74,False,False,True,False,False,False,False,False,False,False,False,False,True,False,False,True
1.0,1,18.0,3.0,4,5,3,1,14.0,2.0,4.0,4.0,172.41,False,False,False,False,True,False,False,False,True,False,True,False,False,False,True,False
7.0,2,9.0,3.0,4,3,3,0,14.0,1.0,2.0,5.0,161.0,True,False,False,False,False,False,False,True,True,False,False,False,True,False,False,False
17.0,1,15.0,3.0,4,4,6,0,22.0,2.0,2.0,1.0,172.65,True,False,False,False,False,True,False,False,False,False,True,False,False,False,True,False
7.0,1,22.0,4.0,4,1,2,1,14.0,6.0,9.0,2.0,37.0,True,False,False,False,True,False,False,False,False,False,True,False,False,False,True,False
28.0,1,8.0,3.0,3,1,3,1,13.0,1.0,1.0,2.0,266.59,True,False,False,False,False,True,False,False,False,True,False,False,False,False,False,True
0.0,1,14.0,3.0,3,1,2,0,20.0,0.0,5.0,7.0,125.69999999999999,False,False,False,False,False,False,False,False,True,False,False,True,False,False,False,True
20.0,3,33.0,4.0,5,4,10,0,16.0,2.0,3.0,3.0,204.91,False,False,False,False,False,True,False,False,True,False,True,False,False,False,False,True
12.0,3,12.0,2.0,1,3,3,0,11.0,4.0,7.0,6.0,182.37,True,False,False,False,True,False,False,False,True,False,False,False,False,False,True,False
9.0,1,14.0,2.0,4,4,2,0,12.0,0.0,1.0,0.0,112.61000000000001,True,False,False,False,False,True,False,False,False,False,False,False,True,False,False,True
5.0,2,15.0,4.0,2,4,11,0,19.0,1.0,2.0,3.0,146.09,False,True,False,False,True,False,False,False,False,False,False,False,True,False,False,True
18.0,1,6.0,3.0,4,3,4,0,23.0,3.0,14.0,4.0,207.48000000000002,False,False,False,False,False,True,False,False,True,False,False,False,False,False,True,False
9.0,1,13.0,3.0,6,1,3,0,14.0,1.0,12.0,9.0,191.46,True,False,False,False,False,True,False,False,True,False,True,False,False,False,False,True
1.0,1,7.0,3.0,5,1,8,0,23.0,3.0,3.0,3.0,172.75,True,False,False,False,False,True,False,False,True,False,True,False,False,False,True,False
13.0,1,14.0,2.0,4,2,1,1,20.0,2.0,2.0,3.0,123.41999999999999,False,True,False,False,False,False,False,False,False,False,False,True,False,False,False,True
1.0,1,14.0,4.0,2,5,2,0,13.0,2.0,2.0,8.0,160.78,True,False,False,False,False,False,False,True,True,False,False,False,True,False,False,True
29.0,1,29.0,4.0,5,4,7,0,13.0,2.0,2.0,3.0,160.37,True,False,True,False,False,False,False,False,True,False,False,False,True,False,True,False
1.0,1,26.0,4.0,4,1,3,0,25.0,3.0,3.0,3.0,148.23,False,True,False,False,True,False,False,False,True,False,False,False,True,False,True,False
1.0,1,18.0,4.0,4,5,2,0,15.0,2.0,2.0,5.0,145.99,False,True,False,False,False,True,False,False,True,False,False,False,True,False,True,False
6.0,3,15.0,3.0,4,2,3,0,15.0,3.0,4.0,3.0,214.98,False,False,False,False,False,False,True,False,False,False,False,False,False,False,False,True
0.0,3,9.0,2.0,3,3,1,0,21.0,0.0,1.0,2.0,149.99,True,False,False,False,False,False,False,True,False,False,True,False,False,False,True,False
15.0,3,9.0,4.0,4,5,9,0,17.0,1.0,12.0,9.0,290.95,True,False,False,False,False,True,False,False,False,True,False,False,False,False,False,False
8.0,3,10.0,4.0,5,1,5,1,13.0,1.0,2.0,2.0,206.03,True,False,False,False,True,False,False,False,False,False,True,False,False,False,True,False
10.0,3,16.0,3.0,4,1,6,0,12.0,1.0,5.0,3.0,225.96,True,False,False,False,False,False,True,False,True,False,False,False,False,False,True,False
6.0,3,20.0,4.0,4,2,4,0,12.0,1.0,2.0,4.0,169.03,True,False,False,False,False,True,False,False,True,False,True,False,False,False,True,False
9.0,1,11.0,3.0,3,4,9,0,16.0,2.0,3.0,7.0,159.14,True,False,False,False,False,True,False,False,True,False,True,False,False,False,False,True
0.0,1,9.0,2.0,3,3,1,1,19.0,1.0,1.0,2.0,141.71,False,True,False,False,False,True,False,False,False,False,True,False,False,False,True,False
23.0,1,25.0,3.0,5,3,3,1,15.0,2.0,2.0,10.0,320.02,True,False,False,False,False,True,False,False,True,False,False,False,False,True,True,False
15.0,3,15.0,3.0,4,4,7,0,22.0,2.0,2.0,5.0,168.93,True,False,False,False,False,False,True,False,False,False,True,False,False,False,True,False
21.0,1,7.0,4.0,4,2,9,0,13.0,2.0,2.0,3.0,159.2,True,False,True,False,False,False,False,False,True,False,False,False,True,False,False,False
2.0,1,8.0,4.0,5,3,3,0,15.0,1.0,2.0,1.0,140.63,False,True,False,False,False,True,False,False,True,False,False,False,True,False,True,False
20.0,3,10.0,3.0,4,4,10,0,13.0,1.0,6.0,2.0,291.06,True,False,False,False,False,True,False,False,False,True,False,False,False,False,False,False
14.0,1,9.0,4.0,5,3,8,0,23.0,2.0,2.0,1.0,159.48,True,False,False,False,True,False,False,False,False,False,True,False,False,False,False,False
3.0,3,10.0,3.0,4,3,6,1,19.0,2.0,2.0,1.0,177.38,True,False,False,False,True,False,False,False,False,False,True,False,False,False,True,False
14.0,1,9.0,4.0,4,2,3,0,14.0,4.0,9.0,9.0,171.61,True,False,False,False,False,True,False,False,True,False,True,False,False,False,False,True
7.0,3,10.0,3.0,3,3,10,0,15.0,0.0,1.0,2.0,165.38,False,False,False,False,False,False,True,False,False,False,True,False,False,False,True,False
7.0,3,9.0,3.0,4,1,4,1,12.0,0.0,1.0,1.0,181.03,True,False,False,False,True,False,False,False,False,False,True,False,False,False,True,False
19.0,3,16.0,3.0,4,2,3,1,19.0,1.0,1.0,2.0,190.71,True,False,False,False,False,False,True,False,False,False,False,False,False,False,False,False
0.0,3,14.0,2.0,3,1,1,0,19.0,1.0,1.0,1.0,143.42,False,False,False,False,False,False,True,False,True,False,True,False,False,False,True,False
19.0,1,24.0,2.0,3,3,6,0,11.0,1.0,1.0,2.0,205.27,False,False,False,False,True,False,False,False,False,False,False,False,False,False,False,False
1.0,3,14.0,3.0,4,1,3,1,22.0,2.0,2.0,3.0,147.75,False,True,False,False,False,True,False,False,True,False,False,False,True,False,True,False
6.0,1,26.0,3.0,2,3,8,1,13.0,1.0,3.0,3.0,152.59,False,False,False,False,True,False,False,False,True,False,False,False,True,False,True,False
5.0,1,16.0,3.0,5,4,2,1,17.0,2.0,3.0,3.0,151.57,True,False,False,False,False,True,False,False,True,False,False,False,True,False,False,True
9.0,1,13.0,3.0,3,3,2,0,13.0,0.0,1.0,0.0,112.74000000000001,False,False,False,True,False,False,False,False,True,False,False,False,True,False,True,False
26.0,1,9.0,3.0,5,2,9,0,16.0,1.0,3.0,3.0,157.12,True,False,False,False,False,True,False,False,False,False,False,False,True,False,False,True
0.0,1,11.0,2.0,4,2,2,1,16.0,0.0,1.0,3.0,228.07999999999998,True,False,False,True,False,False,False,False,True,False,False,False,False,False,True,False
17.0,1,34.0,3.0,2,4,7,0,13.0,2.0,2.0,3.0,173.76,True,False,True,False,False,False,False,False,True,False,False,False,True,False,True,False
7.0,1,6.0,3.0,4,5,1,0,20.0,1.0,4.0,9.0,153.43,False,False,False,False,True,False,False,False,True,False,True,False,False,False,False,True
7.0,1,7.0,4.0,2,3,6,0,20.0,1.0,2.0,6.0,286.84,True,False,False,False,True,False,False,False,False,True,False,False,False,False,True,False
1.0,1,9.0,4.0,2,3,3,0,18.0,1.0,2.0,8.0,177.06,False,False,False,False,False,True,False,False,True,False,True,False,False,False,True,False
11.0,1,14.0,2.0,3,5,4,0,17.0,1.0,1.0,0.0,126.19,False,True,False,False,False,True,False,False,False,False,False,True,False,False,False,True
22.0,1,6.0,2.0,4,3,8,1,12.0,0.0,2.0,7.0,239.64,True,False,False,True,False,False,False,False,False,True,False,False,False,False,False,True
13.0,1,17.0,4.0,4,5,4,0,14.0,5.0,8.0,8.0,178.77,True,False,False,False,True,False,False,False,True,False,True,False,False,False,True,False
0.0,1,32.0,3.0,3,1,2,0,12.0,0.0,1.0,2.0,129.04,False,True,False,False,False,True,False,False,True,False,False,True,False,False,True,False
4.0,1,12.0,3.0,4,3,2,1,14.0,1.0,1.0,2.0,127.03,False,False,False,False,False,True,False,False,True,False,False,True,False,False,True,False
1.0,1,23.0,4.0,6,5,3,1,23.0,5.0,7.0,8.0,164.19,False,False,False,False,False,True,False,False,False,False,False,False,True,False,False,True
9.0,2,28.0,2.0,5,3,2,0,11.0,0.0,1.0,0.0,115.55000000000001,True,False,False,False,False,False,False,True,True,False,False,False,True,False,True,False
16.0,1,9.0,3.0,4,3,7,0,15.0,2.0,5.0,15.0,313.8,True,False,False,False,False,True,False,False,True,False,False,False,False,True,True,False
24.0,3,20.0,2.0,3,1,5,0,11.0,1.0,1.0,7.0,149.36,False,True,False,False,False,True,False,False,False,False,True,False,False,False,True,False
10.0,3,17.0,3.0,4,1,3,0,15.0,9.0,10.0,3.0,224.8,False,False,False,False,True,False,False,False,True,False,False,False,False,False,False,True
23.0,2,9.0,3.0,3,4,2,0,11.0,1.0,10.0,7.0,282.0,False,False,False,False,True,False,False,False,True,False,False,False,False,True,True,False
1.0,1,9.0,3.0,4,2,2,0,19.0,1.0,3.0,3.0,167.27,True,False,False,False,False,True,False,False,False,False,True,False,False,False,False,False
3.0,1,9.0,3.0,4,1,3,0,20.0,2.0,2.0,3.0,213.53,False,False,False,False,False,True,False,False,True,False,True,False,False,False,True,False
9.0,1,15.0,3.0,3,3,5,0,12.0,0.0,2.0,0.0,121.05000000000001,False,True,False,False,False,True,False,False,False,False,False,True,False,False,False,True
3.0,1,8.0,2.0,4,1,6,1,24.0,1.0,1.0,0.0,168.77,True,False,False,False,True,False,False,False,False,False,True,False,False,False,False,True
1.0,1,21.0,3.0,4,1,7,1,14.0,2.0,2.0,5.0,149.36,False,True,False,False,True,False,False,False,True,False,False,False,True,False,True,False
9.0,1,17.0,3.0,4,3,5,1,17.0,2.0,2.0,5.0,186.42,True,False,False,False,True,False,False,False,False,False,True,False,False,False,False,True
4.0,1,10.0,3.0,1,3,9,0,12.0,2.0,2.0,2.0,139.78,False,True,False,False,True,False,False,False,False,False,False,False,True,False,True,False
0.0,3,16.0,2.0,3,1,2,0,13.0,1.0,1.0,2.0,146.84,False,True,False,False,True,False,False,False,True,False,True,False,False,False,False,True
1.0,1,33.0,2.0,5,5,1,0,21.0,1.0,1.0,0.0,0.0,True,False,False,False,True,False,False,False,False,False,True,False,False,False,True,False
11.0,1,23.0,3.0,4,3,1,0,18.0,1.0,1.0,9.0,188.23,True,False,False,False,False,True,False,False,False,False,False,False,False,False,True,False
4.0,1,9.0,3.0,4,2,2,0,15.0,6.0,7.0,8.0,150.64,False,False,False,False,True,False,False,False,False,False,False,False,True,False,False,True
3.0,1,7.0,4.0,6,2,3,0,19.0,3.0,3.0,9.0,152.2,False,False,False,False,False,True,False,False,True,False,False,False,True,False,True,False
13.0,1,25.0,3.0,3,2,9,1,15.0,1.0,3.0,7.0,127.41,False,True,False,False,False,False,False,False,True,False,True,False,False,False,False,False
3.0,1,13.0,4.0,4,5,9,1,22.0,2.0,3.0,3.0,149.04,False,True,False,False,True,False,False,False,True,False,False,False,True,False,False,False
1.0,1,9.0,4.0,2,5,9,0,14.0,1.0,2.0,2.0,159.24,True,False,False,False,True,False,False,False,True,False,False,False,True,False,False,True
3.0,3,27.0,3.0,4,1,3,0,16.0,1.0,2.0,3.0,146.57,False,False,True,False,False,False,False,False,False,False,False,False,True,False,True,False
28.0,3,9.0,3.0,5,3,8,0,12.0,7.0,2.0,1.0,231.86,True,False,False,False,False,True,False,False,False,False,False,False,False,False,True,False
18.0,3,12.0,3.0,4,4,9,0,15.0,2.0,4.0,11.0,307.13,True,False,False,False,False,False,True,False,True,False,False,False,False,True,False,False
18.0,1,14.0,3.0,3,1,4,0,21.0,0.0,1.0,2.0,126.53999999999999,False,True,False,False,False,True,False,False,True,False,False,True,False,False,True,False
1.0,3,9.0,3.0,6,2,5,0,21.0,2.0,2.0,1.0,175.71,False,False,False,False,False,True,False,False,True,False,True,False,False,False,False,True
8.0,1,10.0,3.0,4,5,6,0,13.0,2.0,2.0,3.0,148.62,False,True,False,False,False,True,False,False,True,False,False,False,True,False,True,False
2.0,3,9.0,2.0,3,3,5,1,18.0,1.0,1.0,0.0,152.38,True,False,False,False,True,False,False,False,False,False,True,False,False,False,False,False
14.0,1,9.0,4.0,4,3,4,0,15.0,1.0,2.0,3.0,145.01,False,True,False,False,True,False,False,False,False,False,False,False,True,False,True,False
10.0,2,20.0,3.0,4,4,6,0,14.0,2.0,2.0,5.0,146.43,False,True,False,False,False,False,False,True,True,False,False,False,True,False,True,False
18.0,3,26.0,2.0,3,3,9,0,15.0,1.0,1.0,1.0,148.5,False,True,False,False,False,True,False,False,False,False,True,False,False,False,False,True
9.0,1,15.0,3.0,3,3,5,0,12.0,1.0,2.0,0.0,121.05000000000001,False,True,False,False,False,True,False,False,False,False,False,True,False,False,False,True
9.0,1,22.0,2.0,5,5,2,1,23.0,0.0,3.0,0.0,123.07,False,False,True,False,False,False,False,False,True,False,False,True,False,False,True,False
23.0,1,7.0,3.0,4,5,4,0,17.0,1.0,2.0,3.0,160.8,True,False,True,False,False,False,False,False,False,False,False,False,True,False,True,False
0.0,3,9.0,3.0,3,5,2,1,18.0,0.0,1.0,3.0,141.94,False,True,False,False,False,False,False,True,True,False,True,False,False,False,True,False
13.0,1,8.0,2.0,1,4,2,0,24.0,0.0,3.0,7.0,142.44,False,False,False,False,True,False,False,False,False,False,True,False,False,False,False,False
5.0,1,16.0,0.0,3,1,3,0,25.0,0.0,1.0,3.0,212.44,True,False,False,False,True,False,False,False,True,False,False,False,False,False,False,True
22.0,1,11.0,3.0,3,3,3,0,14.0,0.0,1.0,2.0,166.51,True,False,True,False,False,False,False,False,True,False,True,False,False,False,False,False
9.0,1,7.0,3.0,2,3,5,0,14.0,1.0,3.0,3.0,150.06,True,False,False,False,False,True,False,False,False,False,False,False,True,False,False,True
1.0,1,32.0,3.0,5,4,6,1,21.0,2.0,3.0,3.0,148.13,False,True,False,False,True,False,False,False,True,False,False,False,True,False,False,True
0.0,1,21.0,2.0,3,3,8,1,12.0,0.0,2.0,7.0,236.10000000000002,True,False,False,False,True,False,False,False,True,False,False,False,False,False,False,False
6.0,1,12.0,3.0,2,1,5,0,18.0,2.0,2.0,3.0,158.12,True,False,False,False,False,False,False,True,False,False,False,False,True,False,True,False
15.0,3,11.0,3.0,3,4,10,1,19.0,5.0,7.0,7.0,184.46,True,False,False,False,False,True,False,False,True,False,False,False,False,False,False,True
0.0,3,13.0,3.0,3,4,2,0,13.0,1.0,1.0,0.0,126.78999999999999,False,True,False,False,False,False,True,False,True,False,False,True,False,False,False,True
16.0,1,7.0,3.0,5,2,11,1,14.0,1.0,2.0,3.0,185.62,True,False,False,False,False,True,False,False,False,False,True,False,False,False,False,False
5.0,1,9.0,3.0,6,2,6,1,14.0,1.0,2.0,1.0,152.78,True,False,False,False,False,True,False,False,False,False,False,False,True,False,True,False
8.0,1,16.0,2.0,3,2,2,0,20.0,1.0,1.0,2.0,139.17,False,True,False,False,False,False,False,True,True,False,False,False,True,False,True,False
11.0,1,17.0,4.0,3,2,5,0,18.0,2.0,2.0,1.0,171.8,True,False,False,False,False,True,False,False,True,False,False,False,True,False,False,True
0.0,1,29.0,2.0,4,3,4,1,13.0,1.0,1.0,1.0,159.16,True,False,False,False,False,True,False,False,True,False,True,False,False,False,True,False
28.0,1,24.0,3.0,4,3,10,0,12.0,2.0,2.0,9.0,232.39,True,False,False,True,False,False,False,False,False,False,False,False,False,False,False,False
9.0,3,15.0,2.0,3,5,2,0,19.0,1.0,1.0,0.0,117.9,False,False,False,False,False,False,True,False,True,False,False,False,True,False,True,False
0.0,1,6.0,2.0,4,3,2,0,12.0,1.0,1.0,2.0,146.17,False,True,False,False,False,True,False,False,True,False,True,False,False,False,False,True
11.0,3,8.0,2.0,3,5,4,0,15.0,0.0,1.0,7.0,168.93,True,False,False,False,False,True,False,False,False,False,True,False,False,False,True,False
0.0,3,32.0,2.0,4,5,6,0,15.0,0.0,1.0,1.0,166.96,False,False,False,False,False,False,True,False,False,False,True,False,False,False,False,True
7.0,3,16.0,2.0,3,3,2,1,14.0,1.0,1.0,7.0,140.01,False,False,False,False,False,True,False,False,True,False,True,False,False,False,True,False
1.0,3,32.0,2.0,4,5,2,0,11.0,1.0,1.0,4.0,147.24,False,True,False,False,False,True,False,False,True,False,True,False,False,False,True,False
21.0,1,11.0,4.0,5,4,10,1,13.0,3.0,15.0,3.0,228.33,True,False,False,False,False,True,False,False,False,False,False,False,False,False,True,False
28.0,1,10.0,1.0,3,3,1,1,16.0,0.0,1.0,2.0,140.35,False,True,False,False,False,True,False,False,True,False,True,False,False,False,False,False
0.0,1,14.0,2.0,3,5,6,1,11.0,1.0,1.0,4.0,126.57,False,True,True,False,False,False,False,False,False,False,False,True,False,False,False,True
10.0,1,25.0,4.0,4,1,4,0,21.0,1.0,2.0,10.0,202.79,False,False,False,False,False,True,False,False,True,False,True,False,False,False,False,True
27.0,2,25.0,2.0,3,4,3,0,15.0,2.0,7.0,1.0,207.25,True,False,False,False,True,False,False,False,True,False,False,False,False,False,True,False
16.0,1,16.0,4.0,4,1,3,0,14.0,5.0,6.0,9.0,161.73,False,False,False,False,True,False,False,False,False,False,False,False,True,False,False,True
6.0,1,12.0,4.0,5,4,5,0,13.0,2.0,3.0,6.0,183.78,True,False,False,False,False,True,False,False,False,False,True,False,False,False,True,False
24.0,1,7.0,4.0,4,2,11,0,15.0,1.0,2.0,4.0,298.99,True,False,False,False,True,False,False,False,True,True,False,False,False,False,True,False
10.0,1,17.0,3.0,4,5,9,1,14.0,3.0,6.0,8.0,208.21,True,False,False,False,False,True,False,False,True,False,False,False,False,False,True,False
12.0,1,16.0,4.0,4,1,4,0,20.0,1.0,2.0,4.0,172.71,True,False,False,False,False,True,False,False,True,False,False,False,True,False,True,False
23.0,1,17.0,2.0,3,4,4,0,15.0,2.0,4.0,4.0,299.26,True,False,False,False,False,True,False,False,False,False,False,False,False,True,False,True
1.0,1,36.0,3.0,5,3,3,0,23.0,4.0,4.0,9.0,170.08,False,False,False,False,True,False,False,False,False,False,True,False,False,False,False,True
9.0,3,23.0,2.0,4,4,3,0,16.0,1.0,1.0,3.0,155.07,True,False,False,False,False,False,True,False,True,False,True,False,False,False,True,False
8.0,1,31.0,2.0,4,2,5,0,14.0,0.0,1.0,2.0,136.81,False,True,False,False,False,False,False,True,True,False,True,False,False,False,False,True
3.0,1,11.0,2.0,3,5,6,0,14.0,0.0,2.0,30.0,132.04,False,True,True,False,False,False,False,False,False,False,False,True,False,False,True,False
8.0,1,22.0,4.0,4,1,3,0,12.0,1.0,2.0,6.0,204.78,True,False,False,False,True,False,False,False,False,False,False,False,False,False,True,False
0.0,3,33.0,2.0,3,2,2,0,22.0,1.0,1.0,9.0,176.39,True,False,False,False,False,False,True,False,False,False,False,False,False,False,False,False
5.0,1,14.0,3.0,4,4,7,0,20.0,0.0,1.0,2.0,123.32,False,False,False,False,False,True,False,False,False,False,False,True,False,False,True,False
0.0,3,8.0,2.0,4,4,8,1,12.0,1.0,2.0,2.0,199.07,True,False,False,False,False,False,True,False,True,False,True,False,False,False,False,True
15.0,3,10.0,3.0,5,4,4,0,12.0,1.0,2.0,3.0,214.38,True,False,False,False,False,True,False,False,True,False,True,False,False,False,True,False
3.0,1,34.0,4.0,4,3,6,0,13.0,2.0,2.0,2.0,168.35,True,False,False,False,True,False,False,False,False,False,True,False,False,False,False,False
23.0,3,14.0,2.0,3,4,8,0,15.0,1.0,2.0,2.0,138.75,False,True,False,False,False,False,True,False,True,False,False,False,True,False,False,False
8.0,1,15.0,4.0,4,3,5,0,12.0,2.0,5.0,4.0,186.42,True,False,False,False,True,False,False,False,False,False,True,False,False,False,False,True
11.0,3,34.0,4.0,2,3,6,1,13.0,1.0,2.0,4.0,188.97,False,False,False,False,False,True,False,False,False,False,True,False,False,False,False,True
4.0,3,23.0,4.0,4,3,10,0,16.0,2.0,3.0,3.0,178.01,True,False,False,False,False,True,False,False,True,False,True,False,False,False,True,False
0.0,1,14.0,3.0,4,1,2,1,24.0,1.0,1.0,0.0,124.38999999999999,False,False,False,False,False,True,False,False,True,False,False,True,False,False,False,True
9.0,3,7.0,4.0,4,3,3,0,15.0,2.0,2.0,3.0,212.89,False,False,False,False,False,False,True,False,False,False,False,False,False,False,False,True
1.0,1,17.0,4.0,5,5,8,1,21.0,2.0,2.0,1.0,149.04,False,True,False,False,False,True,False,False,False,False,False,False,True,False,False,True
7.0,3,24.0,3.0,4,3,3,0,15.0,6.0,7.0,1.0,299.44,False,False,False,False,False,True,False,False,True,True,False,False,False,False,False,True
11.0,3,23.0,4.0,5,3,6,0,20.0,2.0,2.0,1.0,188.34,True,False,False,False,False,False,True,False,True,False,True,False,False,False,True,False
5.0,1,30.0,4.0,5,2,2,0,22.0,2.0,8.0,9.0,180.82,True,False,False,False,True,False,False,False,True,False,True,False,False,False,False,False
1.0,1,16.0,4.0,4,5,6,0,18.0,1.0,2.0,8.0,178.46,False,False,False,False,False,True,False,False,True,False,True,False,False,False,True,False
28.0,1,12.0,3.0,4,5,6,0,15.0,2.0,2.0,3.0,319.06,True,False,False,False,True,False,False,False,True,False,False,False,False,True,True,False
13.0,1,13.0,3.0,5,5,6,0,16.0,1.0,2.0,3.0,224.91,True,False,False,False,True,False,False,False,True,False,False,False,False,False,True,False
30.0,1,15.0,4.0,4,5,6,1,19.0,2.0,3.0,3.0,167.57,True,False,False,False,False,True,False,False,False,False,False,False,True,False,True,False
6.0,1,21.0,3.0,3,1,1,1,13.0,5.0,8.0,1.0,12.0,True,False,False,False,True,False,False,False,False,False,True,False,False,False,True,False
14.0,1,13.0,2.0,3,3,7,0,14.0,1.0,2.0,1.0,150.03,True,False,False,False,True,False,False,False,False,False,True,False,False,False,False,True
13.0,1,21.0,3.0,4,3,2,0,13.0,1.0,14.0,12.0,204.35,True,False,False,False,False,True,False,False,False,False,False,False,False,False,True,False
0.0,3,10.0,2.0,4,2,2,1,12.0,7.0,7.0,4.0,158.28,True,False,False,False,False,False,True,False,True,False,True,False,False,False,False,True
4.0,3,32.0,3.0,4,3,9,1,13.0,3.0,3.0,3.0,172.36,False,False,True,False,False,False,False,False,False,False,True,False,False,False,True,False
0.0,1,21.0,2.0,3,3,8,0,14.0,0.0,1.0,0.0,148.34,False,True,False,False,False,False,False,True,True,False,True,False,False,False,True,False
16.0,1,18.0,2.0,4,4,2,0,11.0,3.0,2.0,9.0,243.36,True,False,False,False,False,True,False,False,True,True,False,False,False,False,True,False
2.0,1,13.0,2.0,3,1,2,1,11.0,1.0,1.0,0.0,166.23,True,False,False,False,False,True,False,False,True,False,True,False,False,False,True,False
1.0,3,7.0,3.0,6,4,8,0,16.0,1.0,2.0,1.0,192.35,True,False,False,False,False,True,False,False,True,False,True,False,False,False,False,True
12.0,2,8.0,3.0,4,4,2,1,12.0,1.0,2.0,3.0,154.91,False,False,False,False,False,False,False,True,True,False,False,False,True,False,True,False
9.0,1,25.0,3.0,2,5,3,0,12.0,2.0,2.0,11.0,177.08,True,False,False,False,False,True,False,False,True,False,True,False,False,False,True,False
9.0,1,16.0,2.0,3,4,2,0,14.0,1.0,1.0,0.0,120.08000000000001,True,False,False,False,False,True,False,False,True,False,False,True,False,False,True,False
18.0,1,26.0,3.0,3,1,1,1,14.0,2.0,2.0,10.0,234.95999999999998,True,False,False,False,True,False,False,False,True,True,False,False,False,False,True,False
5.0,3,13.0,4.0,2,1,6,0,23.0,6.0,6.0,8.0,179.6,True,False,False,False,True,False,False,False,True,False,True,False,False,False,True,False
2.0,1,26.0,2.0,3,1,2,0,13.0,1.0,3.0,10.0,138.12,False,False,False,False,True,False,False,False,True,False,False,False,True,False,True,False
5.0,1,9.0,3.0,3,5,2,0,12.0,6.0,6.0,3.0,167.25,True,False,False,False,True,False,False,False,False,False,True,False,False,False,False,False
21.0,1,9.0,4.0,4,2,7,0,14.0,1.0,2.0,5.0,175.7,True,False,False,False,True,False,False,False,False,False,True,False,False,False,True,False
11.0,1,18.0,3.0,4,2,3,1,15.0,1.0,2.0,8.0,246.85000000000002,False,False,False,False,False,False,False,True,True,False,False,False,False,False,True,False
16.0,1,36.0,4.0,4,3,4,0,12.0,2.0,2.0,3.0,170.56,False,False,False,False,False,True,False,False,False,False,True,False,False,False,True,False
12.0,1,16.0,3.0,3,5,3,0,13.0,3.0,7.0,7.0,153.77,True,False,False,False,True,False,False,False,True,False,True,False,False,False,True,False
2.0,1,7.0,4.0,4,5,3,0,26.0,2.0,2.0,3.0,160.91,True,False,False,False,True,False,False,False,False,False,False,False,True,False,True,False
9.0,1,9.0,3.0,4,1,4,0,15.0,2.0,2.0,8.0,182.62,False,False,False,False,True,False,False,False,True,False,True,False,False,False,True,False
12.0,3,14.0,3.0,5,2,2,0,21.0,2.0,2.0,6.0,165.28,True,False,False,False,False,False,True,False,False,False,True,False,False,False,False,True
1.0,1,7.0,4.0,4,2,3,1,14.0,6.0,8.0,9.0,151.86,True,False,False,False,False,False,False,True,True,False,False,False,True,False,False,True
0.0,1,17.0,3.0,5,4,6,0,15.0,1.0,1.0,0.0,147.77,False,True,False,False,True,False,False,False,False,False,True,False,False,False,True,False
9.0,1,9.0,2.0,3,2,5,0,15.0,0.0,1.0,4.0,120.97,False,False,False,False,False,True,False,False,True,False,False,True,False,False,False,False
20.0,1,20.0,3.0,3,4,9,0,18.0,0.0,1.0,7.0,154.67,False,False,True,False,False,False,False,False,True,False,True,False,False,False,True,False
7.0,1,12.0,2.0,3,3,2,0,14.0,0.0,2.0,10.0,148.09,False,True,False,False,False,False,False,True,False,False,True,False,False,False,False,True
9.0,2,30.0,2.0,3,4,2,0,16.0,0.0,1.0,4.0,121.77000000000001,False,True,False,False,False,False,False,False,True,False,False,True,False,False,False,True
27.0,1,7.0,3.0,5,3,6,1,21.0,1.0,2.0,3.0,254.64999999999998,False,False,False,False,True,False,False,False,False,True,False,False,False,False,True,False
15.0,1,29.0,2.0,3,2,3,0,14.0,0.0,2.0,0.0,259.92,True,False,False,False,False,True,False,False,False,True,False,False,False,False,False,True
3.0,1,11.0,4.0,5,5,3,0,14.0,1.0,2.0,1.0,146.09,False,True,True,False,False,False,False,False,False,False,False,False,True,False,True,False
12.0,3,21.0,3.0,3,5,1,0,12.0,4.0,2.0,10.0,233.41000000000003,True,False,False,False,False,False,True,False,True,True,False,False,False,False,False,True
19.0,3,9.0,2.0,1,5,3,0,12.0,2.0,2.0,8.0,232.25,True,False,False,True,False,False,False,False,False,True,False,False,False,False,True,False
18.0,1,31.0,2.0,3,4,4,0,22.0,1.0,1.0,0.0,280.61,False,False,False,False,True,False,False,False,False,False,False,False,False,True,False,True
9.0,1,26.0,3.0,3,3,1,0,14.0,1.0,1.0,2.0,122.72,False,True,False,False,False,True,False,False,True,False,True,False,False,False,False,True
29.0,1,11.0,2.0,4,3,2,1,17.0,2.0,2.0,3.0,165.35,True,False,False,False,False,True,False,False,True,False,True,False,False,False,True,False
12.0,3,26.0,2.0,3,1,3,0,18.0,1.0,2.0,2.0,141.27,False,False,False,False,False,True,False,False,True,False,True,False,False,False,True,False
19.0,1,9.0,3.0,5,1,3,0,20.0,3.0,4.0,10.0,182.7,True,False,False,False,False,False,False,True,False,False,True,False,False,False,True,False
14.0,2,6.0,2.0,4,3,2,0,12.0,1.0,2.0,10.0,291.89,True,False,False,False,False,False,False,True,True,False,False,False,False,True,True,False
9.0,1,7.0,4.0,6,1,3,0,13.0,1.0,2.0,2.0,154.77,True,False,False,False,False,True,False,False,False,False,False,False,True,False,True,False
10.0,1,35.0,2.0,3,4,2,1,12.0,4.0,9.0,3.0,218.49,False,False,False,False,False,True,False,False,True,False,False,False,False,False,True,False
6.0,1,10.0,3.0,4,2,5,0,16.0,4.0,2.0,8.0,236.58999999999997,True,False,False,False,False,True,False,False,False,False,False,False,False,False,False,True
9.0,1,20.0,3.0,3,2,1,1,17.0,4.0,4.0,11.0,165.86,True,False,False,False,False,True,False,False,True,False,True,False,False,False,False,False
1.0,2,9.0,3.0,4,4,6,0,15.0,1.0,2.0,3.0,146.87,False,True,False,False,False,False,False,True,False,False,False,False,True,False,True,False
29.0,1,9.0,3.0,5,5,9,0,15.0,3.0,7.0,3.0,292.56,False,False,False,False,True,False,False,False,True,True,False,False,False,False,False,True
20.0,1,9.0,3.0,4,1,9,1,15.0,3.0,3.0,3.0,318.28,True,False,False,False,True,False,False,False,True,False,False,False,False,True,True,False
28.0,1,8.0,3.0,3,4,4,0,18.0,0.0,1.0,3.0,209.76,False,False,False,False,False,True,False,False,True,False,False,False,False,False,True,False
6.0,1,13.0,3.0,4,3,5,0,21.0,1.0,2.0,5.0,155.38,True,False,False,False,False,True,False,False,True,False,False,False,True,False,False,True
1.0,3,9.0,4.0,4,3,3,1,12.0,1.0,2.0,5.0,169.78,True,False,False,False,False,True,False,False,True,False,True,False,False,False,False,True
5.0,1,19.0,3.0,4,4,2,0,20.0,2.0,2.0,2.0,134.0,False,False,False,False,False,False,False,True,False,False,False,True,False,False,True,False
0.0,3,11.0,3.0,3,3,2,1,13.0,0.0,1.0,0.0,128.51,False,True,False,False,False,False,True,False,False,False,False,True,False,False,False,True
0.0,3,14.0,3.0,3,5,4,0,13.0,1.0,1.0,0.0,123.22,False,True,True,False,False,False,False,False,True,False,False,True,False,False,True,False
5.0,1,21.0,2.0,3,1,6,0,18.0,0.0,1.0,2.0,166.67,False,False,False,False,True,False,False,False,False,False,True,False,False,False,True,False
16.0,1,30.0,3.0,5,3,3,0,13.0,3.0,4.0,8.0,168.32,False,False,False,False,False,True,False,False,True,False,True,False,False,False,False,True
5.0,3,16.0,3.0,4,1,3,1,19.0,0.0,1.0,2.0,190.71,True,False,False,False,False,False,True,False,False,False,False,False,False,False,True,False
13.0,1,16.0,3.0,4,5,3,0,26.0,1.0,8.0,10.0,176.51,True,False,False,False,True,False,False,False,True,False,True,False,False,False,True,False
1.0,1,10.0,3.0,4,1,3,0,22.0,2.0,2.0,1.0,145.61,False,True,False,False,False,True,False,False,False,False,False,False,True,False,True,False
0.0,1,6.0,3.0,1,4,2,0,11.0,3.0,4.0,7.0,174.46,False,False,False,False,False,True,False,False,False,False,False,False,False,False,False,True
2.0,1,29.0,3.0,3,5,1,0,13.0,0.0,1.0,3.0,139.04,False,True,False,False,True,False,False,False,True,False,False,False,True,False,False,True
21.0,3,21.0,4.0,4,3,5,1,18.0,2.0,2.0,3.0,170.91,True,False,False,False,True,False,False,False,False,False,True,False,False,False,False,False
4.0,1,27.0,3.0,4,5,2,0,16.0,1.0,2.0,3.0,224.57,True,False,False,False,False,False,False,True,True,False,True,False,False,False,True,False
29.0,1,7.0,3.0,4,5,2,1,15.0,5.0,5.0,14.0,315.45,True,False,False,False,True,False,False,False,True,False,False,False,False,True,False,True
3.0,1,22.0,3.0,4,1,3,0,20.0,2.0,2.0,6.0,148.4,False,True,False,False,False,True,False,False,True,False,False,False,True,False,False,True
8.0,1,10.0,3.0,5,2,5,0,18.0,2.0,2.0,1.0,154.79,False,False,False,False,False,True,False,False,True,False,False,False,True,False,False,False
0.0,3,28.0,2.0,3,3,2,0,11.0,1.0,1.0,2.0,134.47,False,True,True,False,False,False,False,False,True,False,False,True,False,False,False,True
26.0,1,9.0,3.0,5,1,9,0,16.0,3.0,3.0,3.0,157.12,True,False,False,False,False,True,False,False,False,False,False,False,True,False,False,True
22.0,1,8.0,2.0,3,1,4,0,15.0,1.0,4.0,3.0,291.61,False,False,False,False,False,True,False,False,True,False,False,False,False,True,True,False
0.0,3,30.0,2.0,1,5,2,0,17.0,1.0,1.0,0.0,110.91,False,False,False,True,False,False,False,False,True,False,False,False,True,False,False,True
6.0,1,14.0,2.0,4,3,10,1,16.0,1.0,1.0,0.0,124.37,False,False,True,False,False,False,False,False,True,False,False,True,False,False,True,False
31.0,1,31.0,3.0,2,1,5,1,17.0,2.0,2.0,3.0,219.39,True,False,False,False,False,True,False,False,True,False,False,False,False,False,True,False
31.0,1,14.0,3.0,4,5,7,0,15.0,1.0,12.0,11.0,320.66,True,False,False,False,False,True,False,False,False,False,False,False,False,True,False,False
3.0,3,12.0,3.0,5,4,3,1,14.0,1.0,2.0,10.0,166.87,True,False,False,False,True,False,False,False,True,False,True,False,False,False,True,False
13.0,3,14.0,2.0,3,3,4,1,14.0,0.0,1.0,3.0,167.96,False,False,True,False,False,False,False,False,True,False,True,False,False,False,True,False
15.0,3,17.0,3.0,6,4,3,0,14.0,4.0,12.0,10.0,186.51,False,False,False,False,True,False,False,False,True,False,True,False,False,False,False,True
5.0,3,15.0,3.0,4,2,3,0,19.0,3.0,2.0,10.0,232.93,True,False,False,False,False,True,False,False,True,False,False,False,False,False,True,False
0.0,2,28.0,3.0,4,4,2,0,12.0,1.0,1.0,0.0,128.63,False,False,False,False,False,False,False,True,False,False,False,True,False,False,True,False
1.0,1,17.0,3.0,4,5,3,0,16.0,1.0,2.0,9.0,167.13,True,False,False,False,True,False,False,False,True,False,True,False,False,False,False,True
23.0,1,34.0,2.0,3,5,5,1,11.0,1.0,1.0,2.0,268.8,True,False,False,False,False,True,False,False,False,True,False,False,False,False,True,False
19.0,1,19.0,2.0,3,4,7,0,14.0,1.0,1.0,9.0,155.62,True,False,False,False,False,True,False,False,True,False,True,False,False,False,False,True
11.0,3,14.0,3.0,3,3,3,1,11.0,4.0,7.0,7.0,126.55000000000001,False,False,False,False,False,False,False,False,False,False,False,True,False,False,True,False
0.0,1,6.0,3.0,5,1,4,0,14.0,2.0,2.0,0.0,143.64,False,False,False,False,False,True,False,False,False,False,False,False,True,False,True,False
12.0,1,16.0,4.0,4,2,3,0,13.0,2.0,3.0,2.0,147.88,False,True,False,False,False,True,False,False,False,False,False,False,True,False,False,True
0.0,1,8.0,3.0,3,1,7,1,13.0,2.0,2.0,2.0,137.22,False,False,False,False,False,True,False,False,True,False,False,False,True,False,False,False
5.0,1,31.0,2.0,4,1,4,0,21.0,1.0,2.0,5.0,177.38,False,False,True,False,False,False,False,False,False,False,True,False,False,False,False,True
15.0,1,6.0,2.0,4,1,10,1,13.0,0.0,1.0,2.0,160.62,True,False,False,False,False,True,False,False,False,False,True,False,False,False,True,False
9.0,3,11.0,3.0,3,4,2,1,14.0,1.0,1.0,0.0,118.78,False,False,False,False,False,False,True,False,True,False,False,False,True,False,False,True
1.0,1,7.0,3.0,5,4,3,0,16.0,2.0,2.0,1.0,150.96,False,False,False,False,True,False,False,False,True,False,False,False,True,False,True,False
0.0,1,23.0,2.0,4,3,2,0,15.0,2.0,3.0,2.0,143.77,False,True,False,False,True,False,False,False,False,False,True,False,False,False,True,False
1.0,1,7.0,3.0,5,5,3,0,17.0,1.0,2.0,4.0,164.55,True,False,False,False,True,False,False,False,True,False,False,False,True,False,False,False
1.0,1,18.0,4.0,6,4,7,0,16.0,2.0,2.0,1.0,172.77,True,False,False,False,True,False,False,False,False,False,True,False,False,False,True,False
26.0,1,11.0,2.0,4,1,4,0,14.0,1.0,2.0,5.0,290.55,True,False,False,False,False,True,False,False,False,True,False,False,False,False,True,False
13.0,1,8.0,3.0,3,5,5,0,17.0,1.0,1.0,2.0,133.77,False,True,False,False,False,True,False,False,False,False,False,True,False,False,True,False
4.0,1,14.0,2.0,4,4,1,1,16.0,1.0,2.0,2.0,126.57,False,True,False,False,False,True,False,False,True,False,False,True,False,False,False,True
9.0,1,23.0,3.0,3,4,2,0,13.0,1.0,1.0,0.0,122.1,False,True,False,False,False,True,False,False,False,False,False,True,False,False,True,False
21.0,1,16.0,4.0,4,3,6,0,13.0,2.0,3.0,1.0,146.05,False,True,False,False,False,True,False,False,False,False,False,False,True,False,False,True
7.0,1,9.0,4.0,4,1,6,0,12.0,1.0,2.0,1.0,149.96,True,False,False,False,True,False,False,False,True,False,False,False,True,False,False,True
8.0,3,6.0,3.0,3,4,2,0,13.0,0.0,1.0,6.0,172.95,True,False,False,False,False,False,True,False,True,False,False,False,False,False,True,False
11.0,1,23.0,3.0,4,3,1,0,18.0,0.0,1.0,9.0,188.23,True,False,False,False,False,True,False,False,False,False,False,False,False,False,False,False
27.0,3,9.0,3.0,4,3,8,0,14.0,1.0,16.0,3.0,273.52,True,False,False,False,True,False,False,False,True,True,False,False,False,False,True,False
0.0,3,14.0,2.0,1,4,1,0,22.0,1.0,1.0,2.0,148.51,False,True,False,False,False,True,False,False,True,False,True,False,False,False,True,False
0.0,1,29.0,3.0,2,2,2,1,11.0,0.0,1.0,4.0,127.25,False,True,False,False,False,False,False,False,True,False,False,True,False,False,False,False
8.0,3,15.0,4.0,2,3,3,0,22.0,3.0,5.0,9.0,192.99,True,False,False,True,False,False,False,False,True,False,True,False,False,False,True,False
1.0,1,32.0,3.0,6,3,3,0,13.0,2.0,2.0,2.0,147.93,False,True,False,False,False,True,False,False,True,False,False,False,True,False,False,True
9.0,2,19.0,2.0,3,4,5,0,13.0,1.0,1.0,4.0,121.43,False,True,False,False,False,False,False,True,True,False,False,True,False,False,True,False
27.0,1,30.0,4.0,4,1,8,0,19.0,1.0,4.0,9.0,267.75,True,False,False,False,False,True,False,False,False,True,False,False,False,False,False,True
4.0,1,14.0,3.0,3,4,4,0,11.0,1.0,1.0,0.0,264.22,True,False,False,False,False,True,False,False,False,True,False,False,False,False,False,True
24.0,1,35.0,3.0,4,5,6,1,15.0,1.0,2.0,3.0,293.8,True,False,False,False,False,True,False,False,False,True,False,False,False,False,False,False
1.0,1,16.0,3.0,4,5,3,0,26.0,1.0,2.0,1.0,150.52,True,False,False,False,False,True,False,False,True,False,False,False,True,False,False,True
1.0,1,17.0,4.0,4,5,3,1,15.0,2.0,12.0,11.0,295.68,True,False,False,False,True,False,False,False,True,True,False,False,False,False,True,False
4.0,1,24.0,4.0,4,5,3,1,24.0,2.0,2.0,9.0,244.16000000000003,True,False,False,False,True,False,False,False,False,False,False,False,False,False,True,False
16.0,1,20.0,4.0,2,5,7,0,19.0,2.0,2.0,1.0,180.38,True,False,False,False,True,False,False,False,True,False,True,False,False,False,True,False
2.0,1,14.0,3.0,3,1,5,0,22.0,1.0,1.0,7.0,125.13999999999999,False,True,False,False,False,True,False,False,False,False,False,True,False,False,True,False
22.0,3,8.0,3.0,4,4,3,0,14.0,1.0,1.0,8.0,153.9,False,False,False,False,True,False,False,False,True,False,True,False,False,False,True,False
17.0,1,17.0,3.0,4,2,2,0,20.0,1.0,2.0,8.0,149.55,False,False,False,False,False,True,False,False,False,False,False,False,True,False,False,True
17.0,1,17.0,3.0,5,3,3,0,12.0,2.0,2.0,1.0,177.57,False,False,False,False,False,True,False,False,False,False,True,False,False,False,True,False
14.0,3,8.0,2.0,3,4,2,0,19.0,1.0,2.0,4.0,260.15,True,False,False,False,False,True,False,False,True,True,False,False,False,False,False,True
1.0,3,30.0,3.0,5,3,3,0,22.0,5.0,6.0,9.0,160.4,True,False,False,False,True,False,False,False,False,False,True,False,False,False,True,False
13.0,1,10.0,4.0,5,3,2,0,16.0,1.0,2.0,8.0,155.69,True,False,False,False,True,False,False,False,True,False,True,False,False,False,True,False
30.0,3,6.0,2.0,4,3,8,0,11.0,1.0,1.0,3.0,154.73,False,False,False,False,False,True,False,False,False,False,True,False,False,False,False,True
0.0,1,9.0,3.0,4,3,2,0,12.0,0.0,1.0,2.0,130.33,False,True,False,False,False,True,False,False,True,False,False,True,False,False,False,True
26.0,1,10.0,3.0,5,3,4,1,15.0,1.0,2.0,5.0,204.69,True,False,False,False,True,False,False,False,True,False,False,False,False,False,False,False
14.0,1,13.0,2.0,3,3,7,0,14.0,2.0,2.0,1.0,150.03,True,False,False,False,True,False,False,False,False,False,True,False,False,False,False,True
11.0,1,8.0,2.0,4,3,4,1,19.0,1.0,1.0,2.0,177.56,True,False,False,False,True,False,False,False,False,False,False,False,False,False,True,False
8.0,1,31.0,2.0,3,3,2,1,11.0,0.0,10.0,1.0,203.88,True,False,False,False,True,False,False,False,False,False,False,False,False,False,True,False
1.0,1,7.0,4.0,4,3,2,0,13.0,1.0,2.0,3.0,158.75,True,False,False,False,False,True,False,False,True,False,False,False,True,False,False,True
4.0,1,9.0,3.0,3,3,10,0,12.0,1.0,2.0,2.0,236.75,False,False,False,False,True,False,False,False,True,False,False,False,False,False,True,False
21.0,1,28.0,2.0,3,1,4,0,11.0,1.0,4.0,7.0,271.74,False,False,False,False,True,False,False,False,False,True,False,False,False,False,True,False
21.0,1,6.0,2.0,4,5,8,0,11.0,0.0,2.0,2.0,254.01999999999998,True,False,False,False,False,True,False,False,False,True,False,False,False,False,True,False
26.0,1,8.0,2.0,1,4,5,0,12.0,1.0,8.0,8.0,265.98,True,False,False,False,True,False,False,False,True,True,False,False,False,False,False,True
5.0,3,14.0,3.0,5,1,11,0,22.0,2.0,2.0,2.0,240.57,True,False,False,False,False,True,False,False,True,False,False,False,False,False,True,False
3.0,1,7.0,3.0,4,3,3,0,14.0,1.0,2.0,10.0,168.19,False,False,True,False,False,False,False,False,True,False,True,False,False,False,False,False
14.0,1,23.0,4.0,4,3,11,0,17.0,2.0,2.0,1.0,160.44,False,False,False,False,False,True,False,False,True,False,False,False,True,False,True,False
6.0,1,31.0,4.0,4,2,3,0,16.0,3.0,5.0,8.0,178.09,False,False,False,False,False,True,False,False,True,False,True,False,False,False,False,False
15.0,3,32.0,3.0,3,4,6,0,14.0,3.0,2.0,8.0,235.25,False,False,False,False,False,False,True,False,False,True,False,False,False,False,True,False
25.0,1,7.0,2.0,5,5,5,0,21.0,5.0,13.0,9.0,199.84,False,False,False,False,True,False,False,False,False,False,False,False,False,False,False,True
22.0,1,17.0,4.0,5,4,6,0,15.0,4.0,13.0,10.0,321.65,True,False,False,False,False,True,False,False,True,False,False,False,False,True,True,False
5.0,1,14.0,3.0,4,4,7,0,20.0,1.0,1.0,2.0,123.32,False,False,False,False,False,True,False,False,False,False,False,True,False,False,False,False
14.0,3,21.0,3.0,4,5,3,0,16.0,1.0,2.0,3.0,171.39,True,False,False,False,False,True,False,False,False,False,True,False,False,False,True,False
0.0,2,29.0,2.0,3,5,10,1,15.0,1.0,1.0,2.0,199.5,False,False,False,False,False,False,False,True,False,False,False,False,False,False,True,False
1.0,1,11.0,3.0,4,5,3,0,20.0,2.0,2.0,1.0,154.73,True,False,True,False,False,False,False,False,True,False,False,False,True,False,False,True
0.0,1,31.0,3.0,3,2,2,1,24.0,1.0,1.0,1.0,127.94999999999999,False,True,False,False,False,True,False,False,True,False,False,True,False,False,False,True
25.0,1,10.0,4.0,4,4,5,0,19.0,1.0,2.0,1.0,262.34,True,False,False,False,True,False,False,False,False,True,False,False,False,False,False,True
13.0,1,32.0,4.0,4,3,5,0,22.0,1.0,2.0,6.0,234.2,False,False,False,False,False,True,False,False,True,False,False,False,False,False,False,False
21.0,1,12.0,3.0,4,3,3,0,13.0,0.0,2.0,2.0,142.4,False,True,False,False,False,True,False,False,True,False,True,False,False,False,False,True
19.0,3,18.0,3.0,4,1,5,0,15.0,1.0,2.0,2.0,301.5,True,False,False,False,False,True,False,False,False,True,False,False,False,False,True,False
14.0,1,18.0,2.0,3,2,4,1,11.0,1.0,1.0,0.0,147.66,False,True,False,False,False,True,False,False,True,False,False,False,True,False,False,False
0.0,1,6.0,3.0,3,5,1,0,13.0,3.0,7.0,6.0,128.67,False,True,False,False,False,False,False,False,True,False,False,True,False,False,False,True
0.0,3,19.0,2.0,3,5,3,0,17.0,0.0,1.0,2.0,142.33,False,True,False,False,True,False,False,False,True,False,True,False,False,False,True,False
8.0,1,9.0,4.0,4,3,4,0,12.0,2.0,2.0,3.0,165.33,False,False,False,False,False,True,False,False,True,False,True,False,False,False,False,True
1.0,1,33.0,3.0,5,3,3,1,15.0,1.0,2.0,4.0,153.14,False,False,False,False,False,False,False,True,False,False,False,False,True,False,True,False
24.0,1,9.0,4.0,4,5,3,0,15.0,14.0,15.0,8.0,304.24,False,False,False,False,False,True,False,False,True,True,False,False,False,False,True,False
17.0,3,33.0,4.0,4,1,3,1,15.0,2.0,5.0,13.0,294.59,False,False,False,False,False,True,False,False,True,True,False,False,False,False,True,False
18.0,2,7.0,3.0,5,3,6,0,12.0,2.0,2.0,3.0,184.85,True,False,False,False,False,True,False,False,False,False,True,False,False,False,False,True
0.0,3,6.0,2.0,4,5,2,0,12.0,1.0,1.0,7.0,142.94,False,False,False,False,True,False,False,False,True,False,True,False,False,False,False,True
20.0,1,7.0,4.0,4,5,9,0,17.0,1.0,2.0,3.0,218.96,True,False,False,False,True,False,False,False,True,False,False,False,False,False,True,False
9.0,1,7.0,2.0,4,3,2,0,12.0,0.0,1.0,0.0,120.08000000000001,False,False,False,False,False,False,False,False,True,False,False,True,False,False,True,False
4.0,3,14.0,2.0,4,3,4,0,15.0,3.0,5.0,2.0,123.28999999999999,False,True,False,False,False,True,False,False,True,False,False,True,False,False,False,False
8.0,3,9.0,3.0,4,5,2,1,13.0,2.0,2.0,3.0,170.38,True,False,False,False,False,False,True,False,False,False,True,False,False,False,False,True
20.0,3,10.0,3.0,3,3,4,0,19.0,0.0,1.0,0.0,129.76,False,False,False,False,False,False,False,False,True,False,True,False,False,False,False,True
12.0,1,9.0,3.0,4,2,3,1,24.0,2.0,2.0,1.0,142.02,False,False,False,False,False,True,False,False,True,False,False,False,True,False,False,False
9.0,1,8.0,3.0,4,3,7,1,15.0,0.0,1.0,0.0,120.9,False,True,False,False,False,False,False,True,True,False,False,True,False,False,False,True
3.0,1,15.0,3.0,3,5,2,0,11.0,0.0,6.0,10.0,130.72,False,False,False,False,False,False,False,False,True,False,True,False,False,False,True,False
17.0,1,14.0,3.0,4,5,10,0,17.0,2.0,2.0,3.0,224.85,True,False,False,False,False,True,False,False,False,False,False,False,False,False,False,False
7.0,1,14.0,3.0,4,3,3,0,21.0,1.0,3.0,9.0,184.68,False,False,False,False,False,True,False,False,True,False,True,False,False,False,True,False
8.0,1,9.0,4.0,4,1,3,0,12.0,5.0,5.0,12.0,191.87,True,False,True,False,False,False,False,False,False,False,True,False,False,False,False,True
26.0,1,35.0,3.0,2,3,4,1,12.0,2.0,2.0,3.0,257.47,False,False,False,False,True,False,False,False,False,True,False,False,False,False,True,False
28.0,1,7.0,3.0,4,3,9,0,18.0,2.0,2.0,3.0,230.02,False,False,False,False,False,True,False,False,False,False,False,False,False,False,True,False
4.0,1,14.0,3.0,3,4,4,0,11.0,1.0,1.0,0.0,264.22,True,False,False,False,False,True,False,False,False,True,False,False,False,False,False,True
16.0,1,33.0,3.0,4,5,5,1,18.0,1.0,2.0,1.0,256.91,False,False,False,False,True,False,False,False,False,False,False,False,False,False,False,False
24.0,1,35.0,4.0,2,3,3,1,12.0,1.0,4.0,9.0,157.21,True,False,False,False,True,False,False,False,True,False,False,False,True,False,True,False
0.0,3,9.0,3.0,3,3,10,0,14.0,1.0,2.0,0.0,145.77,False,True,False,False,False,True,False,False,False,False,True,False,False,False,False,True
9.0,3,14.0,3.0,4,1,3,1,12.0,2.0,2.0,10.0,177.04,True,False,False,False,False,True,False,False,False,False,True,False,False,False,True,False
1.0,1,11.0,3.0,4,2,20,1,24.0,2.0,2.0,1.0,147.85,False,False,True,False,False,False,False,False,True,False,False,False,True,False,False,True
24.0,1,9.0,4.0,4,3,7,0,15.0,1.0,2.0,4.0,301.39,True,False,False,False,True,False,False,False,True,True,False,False,False,False,True,False
11.0,1,13.0,3.0,2,5,6,1,14.0,7.0,7.0,8.0,184.74,True,False,False,False,True,False,False,False,True,False,True,False,False,False,True,False
21.0,1,16.0,3.0,4,4,5,0,15.0,3.0,12.0,9.0,296.65,True,False,False,False,False,True,False,False,True,False,False,False,False,True,True,False
10.0,3,16.0,2.0,4,1,3,1,14.0,1.0,1.0,0.0,166.94,True,False,False,False,False,True,False,False,False,False,True,False,False,False,True,False
8.0,3,11.0,4.0,4,3,11,0,16.0,2.0,2.0,3.0,190.38,False,False,False,False,False,False,True,False,False,False,True,False,False,False,False,False
13.0,1,7.0,2.0,3,1,5,0,17.0,0.0,1.0,3.0,165.13,True,False,False,False,False,True,False,False,False,False,True,False,False,False,True,False
7.0,1,9.0,2.0,3,1,1,0,17.0,1.0,1.0,4.0,177.56,False,False,False,False,False,True,False,False,True,False,True,False,False,False,False,True
9.0,1,9.0,4.0,5,1,2,1,15.0,2.0,2.0,5.0,174.3,False,False,False,False,True,False,False,False,True,False,False,False,True,False,False,True
20.0,3,20.0,2.0,3,5,3,0,12.0,0.0,1.0,7.0,149.6,True,False,False,False,False,False,True,False,True,False,True,False,False,False,False,True
22.0,1,28.0,3.0,3,4,4,0,16.0,1.0,1.0,2.0,264.13,True,False,False,False,False,False,False,True,False,True,False,False,False,False,True,False
7.0,3,9.0,2.0,5,5,4,0,18.0,2.0,3.0,12.0,147.59,False,True,False,False,False,False,False,True,True,False,True,False,False,False,False,True
10.0,1,33.0,4.0,4,3,8,0,15.0,2.0,2.0,3.0,178.47,True,False,False,False,False,True,False,False,True,False,True,False,False,False,True,False
17.0,1,14.0,3.0,4,5,10,0,17.0,2.0,2.0,3.0,224.85,True,False,False,False,False,True,False,False,False,False,False,False,False,False,True,False
11.0,1,12.0,2.0,4,3,2,0,11.0,0.0,1.0,4.0,137.02,False,True,False,False,False,False,False,True,False,False,False,False,True,False,True,False
8.0,1,22.0,2.0,4,4,1,1,11.0,0.0,1.0,2.0,147.88,False,True,False,False,False,False,False,True,False,False,True,False,False,False,True,False
14.0,1,31.0,4.0,4,2,3,0,18.0,3.0,5.0,8.0,158.19,True,False,True,False,False,False,False,False,True,False,True,False,False,False,True,False
9.0,1,11.0,2.0,1,3,3,1,12.0,0.0,1.0,3.0,121.27000000000001,False,True,False,False,False,False,False,False,True,False,False,True,False,False,True,False
1.0,1,18.0,4.0,2,3,2,0,19.0,1.0,2.0,4.0,165.11,False,False,False,False,False,False,False,True,False,False,True,False,False,False,True,False
27.0,1,11.0,2.0,3,5,5,0,15.0,1.0,1.0,2.0,294.06,True,False,False,False,True,False,False,False,True,False,False,False,False,True,False,False
4.0,3,22.0,4.0,5,5,4,0,12.0,2.0,2.0,8.0,196.4,True,False,False,False,False,False,True,False,True,False,False,False,False,False,True,False
7.0,3,10.0,3.0,3,3,10,0,15.0,1.0,1.0,2.0,165.38,False,False,False,False,False,False,True,False,False,False,True,False,False,False,False,False
7.0,1,14.0,2.0,1,3,1,0,17.0,1.0,1.0,0.0,125.85,False,True,True,False,False,False,False,False,False,False,False,True,False,False,True,False
14.0,2,6.0,2.0,4,3,2,0,12.0,1.0,2.0,10.0,291.89,True,False,False,False,False,False,False,True,True,False,False,False,False,True,False,False
0.0,3,15.0,3.0,3,5,2,0,11.0,0.0,1.0,2.0,127.28,False,True,False,False,False,True,False,False,True,False,False,True,False,False,False,True
18.0,1,6.0,3.0,3,4,2,0,12.0,6.0,7.0,7.0,174.41,True,False,True,False,False,False,False,False,True,False,False,False,False,False,True,False
11.0,3,8.0,2.0,4,1,4,0,18.0,1.0,7.0,5.0,152.49,False,False,False,False,False,True,False,False,True,False,True,False,False,False,True,False
11.0,1,6.0,2.0,2,2,1,0,13.0,1.0,1.0,8.0,176.25,True,False,False,False,False,True,False,False,False,False,True,False,False,False,False,True
1.0,3,9.0,4.0,4,5,5,0,14.0,2.0,2.0,1.0,148.22,False,True,True,False,False,False,False,False,True,False,False,False,True,False,True,False
6.0,1,14.0,2.0,3,2,1,0,14.0,0.0,1.0,2.0,125.0,False,True,False,False,False,True,False,False,True,False,False,True,False,False,False,True
20.0,1,7.0,3.0,3,1,8,0,12.0,1.0,1.0,2.0,134.2,False,True,True,False,False,False,False,False,True,False,False,True,False,False,True,False
8.0,1,10.0,3.0,4,1,2,0,18.0,2.0,2.0,5.0,202.56,False,False,False,False,False,True,False,False,True,False,True,False,False,False,False,True
12.0,1,14.0,2.0,3,3,2,0,11.0,1.0,1.0,7.0,137.55,False,False,False,False,False,True,False,False,False,False,False,False,True,False,True,False
18.0,3,12.0,2.0,4,1,7,0,12.0,5.0,12.0,8.0,188.65,False,False,False,False,True,False,False,False,False,False,False,False,False,False,False,True
5.0,1,18.0,4.0,4,5,3,1,13.0,2.0,2.0,2.0,193.33,True,False,False,False,True,False,False,False,True,False,True,False,False,False,True,False
1.0,1,8.0,3.0,5,3,3,1,14.0,1.0,2.0,1.0,154.33,True,False,False,False,False,True,False,False,False,False,False,False,True,False,True,False
30.0,1,16.0,4.0,4,3,4,0,20.0,2.0,2.0,4.0,154.42,False,False,False,False,True,False,False,False,False,False,False,False,True,False,True,False
0.0,1,10.0,3.0,3,1,2,1,20.0,2.0,2.0,2.0,128.75,False,True,False,False,False,True,False,False,True,False,False,True,False,False,False,True
24.0,1,18.0,3.0,4,4,5,0,16.0,3.0,5.0,5.0,324.26,True,False,False,False,False,True,False,False,False,False,False,False,False,True,False,True
6.0,1,11.0,2.0,4,2,5,0,15.0,0.0,1.0,2.0,171.19,True,False,False,False,False,True,False,False,True,False,False,False,False,False,True,False
23.0,1,8.0,3.0,3,3,6,0,16.0,1.0,1.0,3.0,276.39,True,False,False,False,True,False,False,False,True,True,False,False,False,False,False,False
1.0,1,22.0,3.0,2,5,1,0,19.0,0.0,1.0,7.0,156.61,True,False,False,False,True,False,False,False,True,False,True,False,False,False,False,True
7.0,3,8.0,2.0,3,5,1,1,12.0,1.0,1.0,2.0,145.38,False,True,False,False,False,False,True,False,False,False,True,False,False,False,False,True
9.0,2,16.0,2.0,3,1,1,0,14.0,1.0,2.0,1.0,121.44999999999999,False,False,False,False,False,False,False,False,True,False,False,True,False,False,True,False
14.0,1,26.0,3.0,4,2,10,1,16.0,2.0,4.0,8.0,152.41,True,False,False,False,True,False,False,False,True,False,True,False,False,False,False,False
0.0,1,22.0,3.0,5,5,2,1,22.0,0.0,6.0,7.0,139.19,False,False,False,False,False,True,False,False,False,False,False,False,True,False,False,True
4.0,1,13.0,3.0,5,2,2,0,13.0,6.0,7.0,8.0,171.27,True,False,True,False,False,False,False,False,False,False,True,False,False,False,False,False
10.0,1,13.0,3.0,2,1,5,0,13.0,1.0,2.0,1.0,155.38,True,False,False,False,False,True,False,False,False,False,False,False,True,False,True,False
17.0,2,6.0,2.0,4,3,5,0,11.0,1.0,1.0,2.0,159.85,True,False,False,False,False,True,False,False,False,False,True,False,False,False,False,True
9.0,1,12.0,3.0,5,3,2,0,14.0,1.0,1.0,7.0,127.41,False,True,False,False,False,True,False,False,True,False,False,True,False,False,True,False
3.0,3,17.0,3.0,4,4,3,0,15.0,1.0,3.0,3.0,147.97,False,True,False,False,False,False,True,False,True,False,False,False,True,False,True,False
9.0,1,21.0,3.0,5,1,1,1,18.0,1.0,1.0,3.0,121.68,False,True,False,False,False,True,False,False,False,False,False,True,False,False,True,False
1.0,1,7.0,4.0,4,5,3,0,12.0,1.0,2.0,8.0,199.12,True,False,False,False,False,True,False,False,False,False,False,False,False,False,True,False
0.0,3,19.0,2.0,3,3,4,1,11.0,2.0,2.0,2.0,198.54,True,False,False,False,False,False,True,False,False,False,True,False,False,False,False,True
1.0,1,9.0,4.0,4,3,4,0,12.0,2.0,2.0,1.0,159.85,True,False,False,False,False,True,False,False,True,False,False,False,True,False,False,True
6.0,1,7.0,4.0,4,2,2,0,13.0,1.0,2.0,3.0,148.14,False,False,False,False,False,True,False,False,True,False,False,False,True,False,True,False
1.0,1,16.0,3.0,4,4,3,0,17.0,2.0,2.0,4.0,147.79,False,True,False,False,True,False,False,False,False,False,False,False,True,False,False,True
9.0,1,27.0,2.0,4,5,1,0,14.0,0.0,1.0,0.0,122.96000000000001,False,True,True,False,False,False,False,False,True,False,False,True,False,False,True,False
10.0,3,7.0,4.0,4,3,8,0,14.0,2.0,2.0,1.0,193.15,True,False,False,False,False,True,False,False,False,False,True,False,False,False,False,True
1.0,3,17.0,4.0,4,3,3,1,13.0,1.0,2.0,4.0,167.6,True,False,False,False,False,False,True,False,False,False,True,False,False,False,True,False
18.0,1,26.0,3.0,3,2,1,1,14.0,0.0,2.0,10.0,234.95999999999998,True,False,False,False,True,False,False,False,True,True,False,False,False,False,False,False
1.0,1,15.0,4.0,4,5,3,1,18.0,1.0,2.0,1.0,148.98,False,True,False,False,True,False,False,False,False,False,False,False,True,False,True,False
13.0,1,13.0,3.0,4,4,6,0,19.0,1.0,3.0,3.0,208.76,True,False,False,False,False,True,False,False,False,False,False,False,False,False,False,True
8.0,3,23.0,3.0,3,5,4,1,15.0,1.0,1.0,7.0,189.66,True,False,False,False,False,True,False,False,True,False,True,False,False,False,False,False
0.0,3,27.0,3.0,1,1,2,0,17.0,2.0,2.0,2.0,126.78,False,True,False,False,False,False,True,False,True,False,False,True,False,False,False,True
0.0,1,11.0,3.0,3,1,2,0,18.0,1.0,2.0,2.0,131.17,False,True,False,False,False,False,False,False,True,False,False,True,False,False,False,True
22.0,1,6.0,2.0,3,5,3,0,16.0,0.0,1.0,2.0,135.8,False,True,True,False,False,False,False,False,False,False,False,False,True,False,True,False
5.0,1,10.0,3.0,4,3,2,0,12.0,5.0,6.0,8.0,161.62,True,False,False,False,False,True,False,False,False,False,True,False,False,False,True,False
5.0,1,35.0,3.0,3,3,10,0,12.0,5.0,7.0,7.0,140.25,False,False,False,False,True,False,False,False,False,False,False,False,True,False,False,True
29.0,3,17.0,2.0,4,5,5,0,16.0,0.0,1.0,0.0,153.8,True,False,False,False,False,False,True,False,False,False,True,False,False,False,True,False
7.0,3,29.0,3.0,3,3,1,0,20.0,0.0,8.0,7.0,145.68,False,False,False,False,False,False,True,False,True,False,True,False,False,False,False,True
14.0,3,16.0,2.0,5,4,2,0,13.0,3.0,11.0,9.0,161.51,False,False,False,False,True,False,False,False,True,False,True,False,False,False,False,True
18.0,1,13.0,3.0,2,3,5,0,17.0,0.0,1.0,2.0,164.34,False,False,False,False,False,True,False,False,True,False,True,False,False,False,False,False
0.0,1,14.0,3.0,5,5,2,0,15.0,0.0,1.0,1.0,124.50999999999999,False,True,False,False,False,True,False,False,True,False,False,True,False,False,True,False
5.0,1,33.0,3.0,4,3,3,0,18.0,4.0,5.0,4.0,154.11,True,False,False,False,False,True,False,False,True,False,False,False,True,False,True,False
1.0,3,10.0,4.0,4,5,3,1,19.0,1.0,2.0,4.0,166.94,True,False,False,False,False,False,False,True,True,False,True,False,False,False,True,False
24.0,1,17.0,4.0,5,2,8,0,16.0,1.0,2.0,3.0,229.96,True,False,False,True,False,False,False,False,True,False,False,False,False,False,False,True
10.0,1,13.0,3.0,4,2,2,0,12.0,5.0,11.0,12.0,157.1,True,False,False,False,False,True,False,False,True,False,False,False,True,False,False,False
4.0,1,11.0,3.0,3,5,1,0,19.0,1.0,1.0,7.0,199.36,False,False,False,False,True,False,False,False,True,False,True,False,False,False,False,True
27.0,1,13.0,3.0,4,2,4,0,18.0,2.0,3.0,3.0,149.5,False,True,False,False,False,True,False,False,True,False,True,False,False,False,False,True
0.0,1,25.0,3.0,4,5,2,0,11.0,0.0,1.0,7.0,140.66,False,True,False,False,False,False,False,True,True,False,False,False,True,False,True,False
26.0,1,7.0,4.0,5,3,2,0,15.0,8.0,12.0,10.0,324.99,True,False,False,False,False,True,False,False,True,False,False,False,False,True,True,False
16.0,1,12.0,4.0,4,3,6,0,18.0,3.0,3.0,1.0,145.93,False,False,False,False,False,False,False,True,True,False,False,False,True,False,False,False
30.0,1,11.0,4.0,4,5,6,0,14.0,5.0,5.0,3.0,324.43,True,False,False,True,False,False,False,False,False,False,False,False,False,True,True,False
11.0,1,12.0,3.0,5,1,8,1,12.0,0.0,1.0,9.0,153.29,False,False,False,False,True,False,False,False,False,False,True,False,False,False,True,False
1.0,2,27.0,4.0,4,4,2,1,12.0,1.0,2.0,5.0,146.48,False,True,False,False,True,False,False,False,False,False,False,False,True,False,True,False
12.0,1,13.0,4.0,5,3,4,0,12.0,3.0,8.0,8.0,178.21,False,False,False,False,False,True,False,False,True,False,True,False,False,False,True,False
24.0,2,10.0,3.0,4,4,3,0,15.0,7.0,11.0,8.0,307.0,False,False,False,False,True,False,False,False,True,False,False,False,False,True,False,False
9.0,3,13.0,2.0,3,3,1,1,25.0,3.0,5.0,7.0,123.08000000000001,False,True,True,False,False,False,False,False,True,False,False,True,False,False,True,False
16.0,1,9.0,3.0,4,1,4,1,15.0,5.0,14.0,3.0,226.24,False,False,False,False,False,True,False,False,True,False,False,False,False,False,True,False
0.0,1,29.0,3.0,3,1,2,0,22.0,0.0,1.0,2.0,128.86,False,True,False,False,False,True,False,False,False,False,False,True,False,False,True,False
30.0,3,31.0,4.0,3,5,8,0,11.0,6.0,7.0,9.0,176.37,True,False,False,False,False,True,False,False,False,False,False,False,False,False,False,True
1.0,3,7.0,4.0,4,3,5,0,16.0,2.0,2.0,3.0,154.09,False,False,True,False,False,False,False,False,True,False,False,False,True,False,False,False
1.0,1,33.0,3.0,4,2,3,0,13.0,2.0,2.0,3.0,154.04,True,False,False,False,False,True,False,False,True,False,False,False,True,False,True,False
12.0,1,18.0,3.0,3,4,5,0,21.0,1.0,1.0,0.0,152.95,True,False,False,False,True,False,False,False,True,False,True,False,False,False,True,False
23.0,1,13.0,2.0,4,3,6,1,12.0,1.0,13.0,8.0,287.4,True,False,False,False,True,False,False,False,False,False,False,False,False,True,True,False
28.0,1,7.0,3.0,4,2,8,0,15.0,6.0,13.0,8.0,298.28,True,False,False,False,True,False,False,False,False,True,False,False,False,False,False,True
16.0,1,9.0,3.0,4,2,7,1,15.0,1.0,3.0,3.0,150.15,False,False,False,False,True,False,False,False,True,False,False,False,True,False,False,True
0.0,3,26.0,2.0,3,3,2,0,14.0,1.0,1.0,7.0,199.81,False,False,False,False,False,True,False,False,False,False,True,False,False,False,False,True
10.0,1,31.0,2.0,4,2,8,0,13.0,0.0,1.0,3.0,157.31,True,False,False,False,True,False,False,False,False,False,True,False,False,False,True,False
16.0,1,33.0,2.0,1,4,6,0,12.0,1.0,1.0,2.0,148.76,False,True,True,False,False,False,False,False,True,False,False,False,True,False,True,False
9.0,3,15.0,3.0,4,2,2,0,16.0,0.0,4.0,7.0,196.19,True,False,False,False,True,False,False,False,True,False,False,False,False,False,False,True
20.0,3,8.0,3.0,2,5,3,0,15.0,1.0,2.0,13.0,300.67,True,False,False,False,False,True,False,False,True,True,False,False,False,False,False,True
8.0,1,6.0,3.0,5,1,2,0,12.0,0.0,1.0,1.0,129.77,False,True,False,False,False,True,False,False,False,False,False,True,False,False,True,False
1.0,1,12.0,4.0,4,1,3,0,19.0,2.0,3.0,3.0,156.17,True,False,False,False,True,False,False,False,True,False,False,False,True,False,False,True
24.0,1,27.0,3.0,4,3,4,1,16.0,4.0,2.0,14.0,237.45,False,False,False,False,True,False,False,False,True,True,False,False,False,False,True,False
0.0,1,20.0,2.0,3,2,1,1,12.0,2.0,7.0,7.0,175.53,False,False,False,False,False,False,False,True,False,False,False,False,False,False,False,True
30.0,1,30.0,4.0,4,4,6,1,13.0,12.0,2.0,10.0,259.02,True,False,False,False,False,True,False,False,True,True,False,False,False,False,False,False
1.0,1,9.0,4.0,2,5,9,0,14.0,2.0,2.0,2.0,159.24,True,False,False,False,True,False,False,False,True,False,False,False,True,False,False,True
1.0,1,27.0,4.0,4,3,2,0,15.0,2.0,2.0,3.0,147.72,False,True,False,False,False,True,False,False,True,False,True,False,False,False,False,True
17.0,1,34.0,2.0,3,5,4,0,13.0,1.0,14.0,17.0,263.28,True,False,False,False,False,True,False,False,True,True,False,False,False,False,True,False
10.0,1,7.0,3.0,4,4,2,0,16.0,1.0,2.0,6.0,177.28,True,False,False,False,False,False,False,True,False,False,True,False,False,False,False,False
21.0,1,7.0,3.0,4,1,7,0,12.0,1.0,1.0,0.0,282.65,True,False,False,False,False,True,False,False,True,False,False,False,False,True,False,True
9.0,3,7.0,3.0,3,3,7,0,13.0,1.0,1.0,0.0,168.15,True,False,False,False,False,True,False,False,False,False,True,False,False,False,False,True
9.0,3,6.0,2.0,3,2,5,0,15.0,1.0,1.0,0.0,166.53,False,False,False,False,True,False,False,False,False,False,True,False,False,False,False,True
22.0,3,17.0,3.0,3,1,4,0,12.0,0.0,1.0,4.0,145.07,False,True,False,False,False,False,True,False,False,False,True,False,False,False,False,True
6.0,3,14.0,2.0,3,3,1,0,12.0,1.0,1.0,2.0,171.04,True,False,False,False,False,False,True,False,True,False,True,False,False,False,True,False
21.0,3,9.0,3.0,4,2,2,1,23.0,6.0,8.0,8.0,170.37,True,False,False,False,False,False,True,False,False,False,True,False,False,False,False,False
25.0,3,9.0,3.0,4,4,4,0,12.0,4.0,4.0,3.0,230.96,False,False,False,False,False,False,True,False,True,False,False,False,False,False,True,False
5.0,1,10.0,3.0,4,3,2,0,12.0,1.0,6.0,8.0,161.62,True,False,False,False,False,True,False,False,False,False,True,False,False,False,False,False
23.0,3,9.0,4.0,5,4,4,0,15.0,2.0,2.0,9.0,178.9,False,False,False,False,True,False,False,False,True,False,True,False,False,False,True,False
5.0,1,7.0,4.0,4,5,3,0,13.0,2.0,2.0,4.0,166.48,False,False,False,False,False,True,False,False,False,False,True,False,False,False,False,False
9.0,2,15.0,4.0,4,3,3,0,18.0,1.0,2.0,5.0,168.23,True,False,True,False,False,False,False,False,True,False,False,False,True,False,False,True
10.0,3,17.0,4.0,4,4,7,0,22.0,1.0,2.0,8.0,198.14,True,False,False,False,False,True,False,False,False,False,False,False,False,False,True,False
16.0,2,9.0,4.0,2,5,9,0,17.0,2.0,2.0,4.0,187.72,False,False,False,False,True,False,False,False,True,False,True,False,False,False,True,False
6.0,1,36.0,4.0,4,3,11,0,13.0,7.0,8.0,8.0,165.25,False,False,False,False,True,False,False,False,False,False,False,False,True,False,False,True
1.0,3,27.0,3.0,4,3,3,0,15.0,2.0,2.0,3.0,224.81,False,False,False,False,False,True,False,False,False,False,True,False,False,False,False,True
14.0,1,21.0,3.0,5,3,3,0,15.0,4.0,5.0,10.0,321.26,True,False,False,False,True,False,False,False,True,False,False,False,False,True,False,True
9.0,1,9.0,4.0,4,5,4,0,12.0,1.0,2.0,1.0,175.93,False,False,False,False,False,True,False,False,False,False,True,False,False,False,True,False
1.0,3,12.0,3.0,5,3,3,1,12.0,1.0,2.0,4.0,182.44,True,False,False,False,False,False,True,False,True,False,True,False,False,False,False,True
4.0,1,9.0,3.0,3,3,10,0,12.0,2.0,2.0,2.0,236.75,False,False,False,False,True,False,False,False,True,False,False,False,False,False,True,False
1.0,3,14.0,4.0,4,1,3,1,22.0,2.0,2.0,3.0,147.75,False,True,False,False,False,True,False,False,True,False,False,False,True,False,True,False
6.0,3,31.0,2.0,3,3,2,0,12.0,0.0,1.0,1.0,145.39,False,False,False,False,True,False,False,False,False,False,True,False,False,False,False,False
7.0,1,6.0,3.0,1,1,3,0,16.0,1.0,1.0,3.0,132.8,False,True,False,False,False,True,False,False,False,False,False,True,False,False,False,True
0.0,2,14.0,2.0,4,5,5,1,15.0,2.0,2.0,0.0,123.35,False,True,False,False,False,False,False,True,True,False,False,True,False,False,True,False
5.0,3,8.0,2.0,3,4,1,1,13.0,0.0,1.0,2.0,140.78,False,True,False,False,False,False,True,False,True,False,True,False,False,False,False,False
1.0,1,36.0,4.0,4,5,3,0,14.0,2.0,2.0,3.0,164.07,True,False,False,False,True,False,False,False,True,False,False,False,True,False,True,False
19.0,1,8.0,2.0,3,1,4,0,14.0,0.0,4.0,7.0,185.78,True,False,False,False,False,True,False,False,True,False,False,False,False,False,True,False
9.0,1,9.0,1.0,3,4,5,0,12.0,4.0,7.0,2.0,120.88,False,False,False,False,False,False,False,False,True,False,False,True,False,False,False,True
4.0,1,18.0,2.0,3,1,1,1,11.0,6.0,8.0,5.0,158.55,True,False,False,False,True,False,False,False,False,False,True,False,False,False,True,False
7.0,3,8.0,2.0,3,2,2,0,22.0,0.0,1.0,4.0,162.74,True,False,False,False,False,False,False,True,True,False,True,False,False,False,False,True
0.0,3,16.0,2.0,4,5,10,0,17.0,0.0,6.0,0.0,203.06,True,False,False,False,True,False,False,False,True,False,False,False,False,False,True,False
13.0,1,21.0,3.0,4,3,2,0,13.0,6.0,14.0,12.0,204.35,True,False,False,False,False,True,False,False,False,False,False,False,False,False,True,False
0.0,3,22.0,3.0,3,5,6,0,15.0,1.0,1.0,2.0,153.24,True,False,False,False,False,False,True,False,False,False,True,False,False,False,False,True
20.0,2,32.0,3.0,3,3,4,0,15.0,1.0,1.0,0.0,296.58,True,False,False,False,False,True,False,False,False,False,False,False,False,True,True,False
3.0,3,7.0,3.0,4,2,3,0,15.0,5.0,5.0,2.0,204.18,False,False,False,False,True,False,False,False,False,False,False,False,False,False,False,False
28.0,1,6.0,3.0,4,3,9,0,12.0,1.0,2.0,1.0,162.8,True,False,False,False,False,True,False,False,False,False,True,False,False,False,False,True
11.0,1,14.0,2.0,1,3,2,0,11.0,0.0,1.0,3.0,126.1,False,False,False,False,False,True,False,False,True,False,False,True,False,False,True,False
28.0,1,9.0,3.0,4,3,11,0,13.0,1.0,2.0,4.0,260.49,True,False,False,True,False,False,False,False,False,False,False,False,False,False,True,False
13.0,3,32.0,3.0,3,5,2,0,14.0,5.0,7.0,5.0,183.96,True,False,False,False,False,False,True,False,True,False,True,False,False,False,False,False
7.0,1,21.0,3.0,3,1,2,0,11.0,0.0,1.0,5.0,179.78,True,False,False,False,True,False,False,False,False,False,False,False,False,False,True,False
5.0,1,12.0,3.0,4,1,2,1,13.0,2.0,2.0,4.0,173.21,True,False,True,False,False,False,False,False,True,False,False,False,True,False,True,False
1.0,3,31.0,4.0,6,2,3,1,15.0,2.0,2.0,1.0,136.18,False,False,False,False,False,True,False,False,True,False,False,False,True,False,False,True
1.0,3,25.0,4.0,2,3,4,0,12.0,1.0,2.0,3.0,187.32,True,False,False,False,False,True,False,False,True,False,True,False,False,False,False,False
7.0,3,16.0,3.0,6,3,10,0,14.0,2.0,2.0,4.0,178.46,True,False,False,False,False,False,True,False,False,False,True,False,False,False,False,True
26.0,1,10.0,3.0,5,3,4,1,15.0,2.0,2.0,5.0,204.69,True,False,False,False,True,False,False,False,True,False,False,False,False,False,True,False
10.0,1,7.0,3.0,4,4,2,0,16.0,2.0,2.0,6.0,177.28,True,False,False,False,False,False,False,True,False,False,True,False,False,False,True,False
18.0,1,36.0,3.0,4,2,3,0,26.0,2.0,2.0,18.0,170.41,True,False,False,False,False,False,False,True,True,False,True,False,False,False,False,True
8.0,1,7.0,4.0,2,1,4,0,17.0,2.0,2.0,4.0,157.8,True,False,False,False,False,True,False,False,False,False,False,False,True,False,False,True
4.0,3,26.0,3.0,1,2,1,0,12.0,1.0,2.0,2.0,127.91,False,False,False,False,False,True,False,False,True,False,False,True,False,False,False,False
21.0,2,33.0,4.0,4,3,5,0,15.0,2.0,2.0,1.0,321.58,True,False,False,False,False,True,False,False,False,False,False,False,False,True,True,False
23.0,3,9.0,4.0,5,4,4,0,15.0,2.0,2.0,9.0,178.9,False,False,False,False,True,False,False,False,True,False,True,False,False,False,True,False
0.0,3,14.0,2.0,4,5,7,0,17.0,0.0,1.0,2.0,153.26,True,False,True,False,False,False,False,False,True,False,True,False,False,False,False,True
1.0,3,7.0,4.0,4,4,2,1,14.0,1.0,2.0,5.0,188.49,False,False,False,False,False,False,True,False,True,False,True,False,False,False,True,False
0.0,1,26.0,3.0,3,3,4,0,12.0,1.0,1.0,0.0,198.24,False,False,False,False,False,True,False,False,True,False,False,False,False,False,False,False
1.0,3,7.0,3.0,5,5,3,0,13.0,1.0,2.0,8.0,167.94,False,False,False,False,True,False,False,False,True,False,True,False,False,False,False,True
0.0,1,7.0,2.0,4,3,2,0,12.0,1.0,1.0,2.0,146.17,False,True,False,False,False,True,False,False,True,False,True,False,False,False,False,True
18.0,3,8.0,2.0,5,3,1,0,13.0,1.0,3.0,1.0,166.32,True,False,True,False,False,False,False,False,True,False,True,False,False,False,False,True
0.0,3,14.0,2.0,3,1,1,0,13.0,1.0,2.0,1.0,124.0,False,False,False,False,False,False,False,False,True,False,False,True,False,False,True,False
5.0,1,15.0,4.0,4,4,5,0,12.0,1.0,2.0,1.0,289.22,True,False,False,False,False,True,False,False,False,True,False,False,False,False,False,True
2.0,1,14.0,3.0,4,1,2,1,15.0,1.0,1.0,2.0,150.56,True,False,False,False,True,False,False,False,True,False,True,False,False,False,True,False
5.0,3,14.0,3.0,5,3,5,0,16.0,4.0,6.0,3.0,148.29,False,True,False,False,False,True,False,False,True,False,False,False,True,False,False,False
20.0,3,8.0,2.0,3,2,1,1,22.0,5.0,7.0,7.0,145.37,False,True,False,False,False,False,True,False,False,False,True,False,False,False,False,False
7.0,3,6.0,3.0,1,1,1,0,11.0,0.0,1.0,9.0,197.25,True,False,False,False,False,False,True,False,True,False,True,False,False,False,True,False
4.0,3,29.0,4.0,4,5,2,0,12.0,3.0,8.0,9.0,209.12,False,False,False,False,False,False,False,True,False,False,False,False,False,False,False,False
15.0,1,11.0,3.0,4,3,11,1,13.0,2.0,3.0,8.0,149.61,True,False,False,False,False,True,False,False,True,False,False,False,True,False,False,False
3.0,1,11.0,3.0,4,2,10,0,12.0,0.0,1.0,3.0,137.61,False,False,False,False,False,True,False,False,True,False,False,False,True,False,True,False
5.0,1,15.0,3.0,3,1,2,1,12.0,1.0,1.0,5.0,163.22,True,False,False,False,False,True,False,False,False,False,True,False,False,False,True,False
7.0,1,11.0,2.0,4,5,3,0,12.0,2.0,5.0,3.0,216.31,True,False,False,False,True,False,False,False,False,False,False,False,False,False,False,True
1.0,3,20.0,4.0,5,5,7,1,14.0,2.0,3.0,3.0,186.34,True,False,False,False,False,False,True,False,True,False,True,False,False,False,True,False
10.0,3,25.0,2.0,3,4,2,1,13.0,0.0,1.0,9.0,176.42,False,False,False,False,True,False,False,False,True,False,False,False,False,False,False,True
20.0,1,13.0,2.0,4,5,8,1,14.0,1.0,5.0,9.0,200.08,True,False,False,False,True,False,False,False,False,False,False,False,False,False,True,False
9.0,1,16.0,2.0,3,5,8,1,13.0,1.0,5.0,7.0,183.21,True,False,False,False,False,True,False,False,True,False,False,False,False,False,True,False
14.0,3,35.0,3.0,5,5,6,1,14.0,1.0,2.0,1.0,233.54000000000002,True,False,False,False,False,False,True,False,True,False,False,False,False,False,True,False
1.0,2,29.0,3.0,5,4,3,0,13.0,2.0,2.0,1.0,153.63,False,False,False,False,False,False,False,True,False,False,False,False,True,False,True,False
19.0,1,30.0,3.0,4,5,3,1,16.0,2.0,2.0,9.0,161.33,False,False,False,False,False,True,False,False,True,False,True,False,False,False,False,False
5.0,3,12.0,3.0,4,4,3,0,12.0,1.0,3.0,3.0,152.89,False,False,False,False,False,False,True,False,False,False,False,False,True,False,True,False
1.0,1,21.0,3.0,5,4,3,1,25.0,2.0,2.0,3.0,162.43,True,False,False,False,False,False,False,True,True,False,False,False,True,False,True,False
15.0,2,8.0,3.0,3,3,1,1,11.0,1.0,1.0,0.0,126.96000000000001,False,True,True,False,False,False,False,False,True,False,False,True,False,False,True,False
7.0,3,23.0,3.0,4,1,3,1,26.0,1.0,2.0,3.0,178.68,False,False,False,False,False,True,False,False,False,False,True,False,False,False,True,False
5.0,3,12.0,4.0,4,1,3,0,12.0,1.0,2.0,3.0,179.76,True,False,False,False,False,True,False,False,False,False,True,False,False,False,True,False
31.0,3,23.0,3.0,4,5,10,0,15.0,2.0,3.0,3.0,179.05,True,False,False,False,False,False,True,False,True,False,True,False,False,False,False,True
2.0,1,36.0,4.0,6,4,3,0,15.0,2.0,2.0,8.0,190.49,True,False,False,False,False,True,False,False,True,False,True,False,False,False,False,False
17.0,2,6.0,2.0,4,3,5,0,11.0,1.0,1.0,2.0,159.85,True,False,False,False,False,True,False,False,False,False,True,False,False,False,False,True
1.0,3,9.0,3.0,6,1,5,0,21.0,1.0,2.0,1.0,175.71,False,False,False,False,False,True,False,False,True,False,True,False,False,False,False,True
15.0,2,17.0,4.0,5,2,5,0,15.0,13.0,13.0,7.0,316.41,True,False,False,False,False,False,False,True,True,False,False,False,False,True,True,False
1.0,3,7.0,3.0,4,3,3,0,18.0,1.0,8.0,8.0,177.96,True,False,False,False,False,True,False,False,True,False,True,False,False,False,True,False
3.0,3,11.0,1.0,4,3,2,0,13.0,1.0,1.0,2.0,161.18,True,False,False,False,False,False,True,False,False,False,True,False,False,False,True,False
6.0,3,12.0,3.0,4,4,3,0,15.0,3.0,6.0,4.0,190.24,False,False,False,False,False,True,False,False,True,False,True,False,False,False,False,False
7.0,1,16.0,3.0,4,3,2,0,14.0,2.0,7.0,7.0,150.63,False,False,True,False,False,False,False,False,True,False,True,False,False,False,True,False
9.0,1,33.0,3.0,3,4,3,0,15.0,0.0,1.0,2.0,123.11000000000001,False,True,False,False,False,False,False,False,False,False,False,True,False,False,False,True
15.0,3,11.0,2.0,3,3,7,0,13.0,1.0,1.0,0.0,283.03,True,False,False,False,False,False,True,False,True,False,False,False,False,True,False,False
26.0,3,9.0,4.0,5,3,3,1,15.0,8.0,16.0,13.0,315.68,False,False,False,False,False,True,False,False,True,False,False,False,False,True,False,True
10.0,1,31.0,2.0,4,1,8,0,13.0,1.0,1.0,3.0,157.31,True,False,False,False,True,False,False,False,False,False,True,False,False,False,True,False
19.0,1,14.0,3.0,4,5,4,0,18.0,1.0,2.0,3.0,222.24,True,False,False,False,False,True,False,False,True,False,False,False,False,False,True,False
9.0,1,7.0,3.0,4,3,2,0,14.0,0.0,1.0,0.0,115.63,True,False,False,False,False,True,False,False,True,False,False,False,True,False,True,False
8.0,3,22.0,3.0,3,4,1,0,15.0,3.0,6.0,9.0,180.2,True,False,False,False,False,False,True,False,True,False,False,False,False,False,False,False
5.0,1,9.0,3.0,6,1,3,1,12.0,2.0,2.0,1.0,136.29,False,True,False,False,True,False,False,False,False,False,False,False,True,False,True,False
10.0,1,13.0,3.0,3,5,6,1,22.0,0.0,1.0,4.0,142.84,False,True,False,False,True,False,False,False,True,False,True,False,False,False,True,False
2.0,1,16.0,3.0,3,4,1,0,14.0,1.0,1.0,1.0,132.91,False,False,False,False,False,True,False,False,False,False,False,True,False,False,True,False
4.0,1,7.0,4.0,4,4,2,1,22.0,2.0,6.0,8.0,160.79,True,False,False,False,True,False,False,False,True,False,False,False,True,False,False,False
1.0,1,14.0,4.0,6,3,3,1,25.0,2.0,2.0,7.0,185.74,False,False,False,False,False,True,False,False,True,False,True,False,False,False,False,True
19.0,1,12.0,3.0,6,5,3,1,15.0,2.0,2.0,5.0,182.69,True,False,False,False,True,False,False,False,False,False,True,False,False,False,False,True
9.0,1,9.0,3.0,1,5,7,0,20.0,1.0,1.0,4.0,168.42,True,False,False,False,False,True,False,False,True,False,True,False,False,False,True,False
11.0,2,6.0,3.0,1,3,2,0,13.0,3.0,5.0,0.0,128.44,False,True,False,False,False,False,False,True,True,False,False,True,False,False,True,False
28.0,1,20.0,3.0,1,4,9,0,11.0,1.0,2.0,15.0,287.22,True,False,False,False,True,False,False,False,True,False,False,False,False,True,False,True
15.0,1,14.0,3.0,6,3,3,0,23.0,6.0,6.0,11.0,324.73,False,False,False,False,False,True,False,False,False,False,False,False,False,True,True,False
11.0,3,7.0,3.0,4,5,5,0,14.0,1.0,1.0,0.0,128.58,False,True,False,False,False,True,False,False,True,False,False,True,False,False,False,True
1.0,1,5.0,3.0,5,4,3,0,16.0,1.0,2.0,1.0,150.96,False,False,False,False,True,False,False,False,True,False,False,False,True,False,True,False
13.0,1,20.0,4.0,5,4,8,1,15.0,14.0,16.0,3.0,296.23,True,False,False,False,True,False,False,False,False,True,False,False,False,False,True,False
1.0,1,16.0,4.0,5,3,2,1,18.0,1.0,2.0,1.0,158.88,True,False,False,False,True,False,False,False,True,False,False,False,True,False,False,False
4.0,3,12.0,3.0,4,1,4,0,13.0,2.0,8.0,3.0,219.19,True,False,False,False,False,True,False,False,False,False,False,False,False,False,True,False
13.0,1,20.0,2.0,4,3,2,0,15.0,3.0,4.0,9.0,296.26,True,False,False,False,True,False,False,False,True,False,False,False,False,True,False,True
16.0,1,14.0,3.0,3,3,5,1,14.0,1.0,1.0,2.0,145.22,False,True,False,False,False,False,False,True,False,False,True,False,False,False,True,False
1.0,3,17.0,3.0,4,1,3,0,14.0,2.0,2.0,3.0,171.84,True,False,False,False,True,False,False,False,True,False,True,False,False,False,False,True
5.0,3,14.0,4.0,4,5,4,0,15.0,3.0,3.0,3.0,221.37,False,False,False,False,False,False,True,False,False,False,False,False,False,False,True,False
2.0,1,14.0,3.0,3,5,8,1,21.0,1.0,2.0,2.0,124.03999999999999,False,True,False,False,False,False,False,False,True,False,False,True,False,False,False,False
9.0,3,6.0,3.0,4,4,1,0,14.0,0.0,2.0,2.0,122.69,False,True,False,False,False,False,False,False,True,False,False,True,False,False,True,False
11.0,1,12.0,4.0,4,1,9,0,17.0,2.0,2.0,5.0,188.47,True,False,False,False,True,False,False,False,True,False,True,False,False,False,True,False
5.0,1,14.0,3.0,1,3,6,0,12.0,1.0,1.0,3.0,151.75,True,False,False,False,True,False,False,False,False,False,True,False,False,False,True,False
9.0,3,11.0,2.0,3,2,4,0,14.0,0.0,1.0,0.0,120.86000000000001,False,True,False,True,False,False,False,False,True,False,True,False,False,False,False,False
8.0,3,8.0,3.0,4,1,3,0,22.0,3.0,3.0,3.0,223.88,True,False,False,False,False,False,True,False,True,False,False,False,False,False,False,True
23.0,1,14.0,3.0,4,4,5,0,15.0,1.0,2.0,3.0,229.66,True,False,False,False,False,True,False,False,True,False,False,False,False,False,True,False
21.0,1,12.0,3.0,4,3,6,0,15.0,2.0,2.0,2.0,308.0,True,False,False,False,False,True,False,False,True,False,False,False,False,True,True,False
13.0,3,22.0,4.0,4,5,2,0,13.0,5.0,2.0,11.0,258.41,True,False,False,False,False,False,True,False,True,True,False,False,False,False,False,True
1.0,3,9.0,3.0,5,3,3,0,14.0,1.0,2.0,3.0,145.44,False,True,False,False,True,False,False,False,False,False,False,False,True,False,False,True
1.0,3,17.0,3.0,5,5,11,0,18.0,5.0,7.0,3.0,228.06,True,False,False,False,True,False,False,False,True,False,False,False,False,False,True,False
10.0,3,7.0,3.0,4,2,3,1,15.0,3.0,5.0,12.0,187.01,True,False,False,False,False,True,False,False,True,False,True,False,False,False,False,False
0.0,1,14.0,2.0,3,1,3,0,13.0,0.0,1.0,2.0,125.80000000000001,False,False,False,False,False,False,False,False,True,False,False,True,False,False,False,True
21.0,3,9.0,3.0,4,4,9,0,12.0,1.0,2.0,1.0,174.78,False,False,False,False,False,False,True,False,True,False,True,False,False,False,True,False
15.0,1,16.0,4.0,4,5,3,0,21.0,1.0,2.0,5.0,147.89,False,True,False,False,False,True,False,False,True,False,False,False,True,False,True,False
7.0,3,9.0,3.0,4,1,4,1,12.0,0.0,1.0,1.0,181.03,True,False,False,False,True,False,False,False,False,False,True,False,False,False,True,False
31.0,1,10.0,4.0,5,2,5,0,18.0,1.0,2.0,1.0,146.77,False,True,False,False,False,True,False,False,True,False,False,False,True,False,False,False
2.0,1,22.0,3.0,4,3,3,0,17.0,1.0,3.0,3.0,147.07,False,True,False,False,False,True,False,False,True,False,False,False,True,False,True,False
5.0,3,12.0,4.0,4,1,3,0,12.0,1.0,2.0,3.0,179.76,True,False,False,False,False,True,False,False,False,False,True,False,False,False,True,False
8.0,1,14.0,2.0,1,4,1,0,13.0,1.0,1.0,3.0,124.25999999999999,False,True,False,False,False,False,False,False,True,False,False,True,False,False,True,False
25.0,1,10.0,1.0,3,1,3,0,13.0,1.0,1.0,4.0,265.55,True,False,False,False,False,True,False,False,False,True,False,False,False,False,True,False
12.0,1,6.0,3.0,4,1,2,0,16.0,9.0,11.0,3.0,227.42000000000002,True,False,False,False,False,True,False,False,False,True,False,False,False,False,True,False
12.0,1,9.0,3.0,5,3,5,1,20.0,1.0,2.0,3.0,202.56,True,False,False,False,True,False,False,False,False,False,False,False,False,False,True,False
7.0,1,16.0,3.0,4,1,2,0,14.0,1.0,5.0,11.0,152.81,True,False,False,False,True,False,False,False,True,False,False,False,True,False,True,False
1.0,1,14.0,4.0,4,3,3,0,19.0,1.0,2.0,2.0,173.83,True,False,False,False,False,True,False,False,True,False,True,False,False,False,True,False
1.0,1,15.0,4.0,4,1,3,0,12.0,2.0,2.0,5.0,159.45,True,False,False,False,True,False,False,False,False,False,False,False,True,False,False,True
8.0,1,15.0,2.0,3,3,2,0,19.0,0.0,1.0,8.0,150.98,True,False,False,False,True,False,False,False,True,False,True,False,False,False,False,True
6.0,1,11.0,2.0,4,1,5,0,15.0,1.0,1.0,2.0,171.19,True,False,False,False,False,True,False,False,True,False,False,False,False,False,True,False
6.0,1,9.0,3.0,4,4,2,0,14.0,1.0,2.0,7.0,179.7,True,False,False,False,True,False,False,False,True,False,True,False,False,False,True,False
9.0,3,26.0,2.0,3,1,2,0,15.0,0.0,1.0,2.0,121.57,False,False,False,True,False,False,False,False,False,False,False,True,False,False,True,False
19.0,3,8.0,3.0,3,1,5,1,12.0,0.0,1.0,3.0,203.68,True,False,False,False,False,True,False,False,True,False,False,False,False,False,True,False
8.0,1,10.0,3.0,4,5,6,0,13.0,2.0,2.0,3.0,148.62,False,True,False,False,False,True,False,False,True,False,False,False,True,False,False,False
3.0,1,9.0,3.0,4,1,9,0,12.0,11.0,2.0,6.0,246.69,False,False,False,False,False,True,False,False,True,True,False,False,False,False,True,False
2.0,1,7.0,3.0,1,3,9,1,12.0,1.0,1.0,2.0,162.94,False,False,False,False,False,True,False,False,True,False,True,False,False,False,False,True
9.0,3,9.0,2.0,4,1,5,0,11.0,0.0,1.0,12.0,196.99,False,False,False,False,True,False,False,False,True,False,False,False,False,False,True,False
0.0,2,15.0,3.0,3,3,2,0,15.0,2.0,2.0,2.0,127.41999999999999,False,True,True,False,False,False,False,False,False,False,False,True,False,False,True,False
6.0,1,16.0,4.0,4,2,3,1,13.0,2.0,2.0,6.0,188.22,True,False,False,False,False,True,False,False,False,False,True,False,False,False,False,False
8.0,1,16.0,3.0,5,4,3,0,15.0,5.0,8.0,3.0,211.21,True,False,False,False,True,False,False,False,False,False,False,False,False,False,False,True
21.0,3,8.0,2.0,3,1,3,0,14.0,6.0,6.0,7.0,140.51,False,True,False,False,False,False,True,False,False,False,True,False,False,False,True,False
1.0,1,14.0,4.0,6,3,3,1,25.0,2.0,2.0,7.0,185.74,False,False,False,False,False,True,False,False,True,False,True,False,False,False,False,True
1.0,1,13.0,4.0,2,1,2,0,19.0,3.0,8.0,8.0,150.44,False,False,False,False,False,False,False,True,True,False,False,False,True,False,True,False
1.0,1,14.0,4.0,4,1,3,0,21.0,1.0,6.0,8.0,150.7,False,False,False,False,True,False,False,False,True,False,False,False,True,False,False,True
10.0,1,19.0,3.0,5,2,2,0,12.0,6.0,8.0,3.0,213.58,True,False,False,False,True,False,False,False,False,False,False,False,False,False,False,True
14.0,2,13.0,3.0,4,1,3,1,22.0,1.0,8.0,8.0,289.37,True,False,False,False,True,False,False,False,True,True,False,False,False,False,False,True
9.0,3,8.0,2.0,3,1,4,0,15.0,6.0,6.0,7.0,145.02,False,True,False,False,False,True,False,False,False,False,True,False,False,False,False,True
29.0,1,6.0,2.0,3,3,2,0,21.0,0.0,1.0,9.0,163.06,False,False,False,False,False,True,False,False,True,False,True,False,False,False,True,False
6.0,3,11.0,3.0,4,4,4,0,12.0,2.0,2.0,3.0,164.31,True,False,False,False,False,True,False,False,False,False,False,False,True,False,True,False
12.0,1,24.0,4.0,5,3,2,0,19.0,2.0,2.0,3.0,213.23,True,False,False,False,False,True,False,False,False,False,False,False,False,False,True,False
8.0,1,26.0,3.0,4,4,6,0,14.0,1.0,6.0,11.0,169.44,False,False,False,False,True,False,False,False,False,False,True,False,False,False,True,False
23.0,1,16.0,3.0,4,2,7,0,15.0,0.0,1.0,3.0,204.96,True,False,False,True,False,False,False,False,True,False,False,False,False,False,False,True
0.0,1,6.0,3.0,4,4,2,0,13.0,0.0,1.0,0.0,128.36,False,True,False,False,False,True,False,False,False,False,False,True,False,False,False,True
11.0,3,6.0,2.0,4,2,5,0,22.0,1.0,1.0,1.0,186.86,True,False,False,False,False,True,False,False,False,False,True,False,False,False,False,True
9.0,3,33.0,4.0,4,5,4,0,15.0,1.0,2.0,1.0,167.86,False,False,False,False,False,True,False,False,False,False,True,False,False,False,False,False
0.0,3,27.0,3.0,1,2,2,0,17.0,0.0,2.0,2.0,126.78,False,True,False,False,False,False,True,False,True,False,False,True,False,False,False,True
10.0,1,25.0,2.0,3,3,4,0,17.0,0.0,1.0,2.0,157.68,True,False,False,False,False,True,False,False,True,False,True,False,False,False,True,False
4.0,1,7.0,2.0,5,5,2,0,21.0,6.0,8.0,7.0,150.03,False,False,False,False,False,True,False,False,True,False,True,False,False,False,True,False
12.0,1,31.0,3.0,3,3,4,0,21.0,0.0,1.0,5.0,209.2,False,False,False,False,False,True,False,False,True,False,False,False,False,False,False,False
0.0,1,16.0,2.0,3,5,2,0,21.0,0.0,1.0,7.0,187.93,False,False,False,False,False,True,False,False,True,False,False,False,False,False,True,False
6.0,1,7.0,3.0,4,1,3,1,23.0,6.0,8.0,9.0,186.62,True,False,False,False,True,False,False,False,True,False,True,False,False,False,True,False
12.0,1,16.0,3.0,3,5,3,0,13.0,4.0,7.0,7.0,153.77,True,False,False,False,True,False,False,False,True,False,True,False,False,False,True,False
22.0,3,14.0,2.0,4,4,7,0,17.0,1.0,2.0,3.0,231.2,True,False,False,True,False,False,False,False,True,True,False,False,False,False,True,False
15.0,1,30.0,2.0,3,5,2,1,21.0,4.0,5.0,8.0,174.06,True,False,False,False,True,False,False,False,True,False,False,False,False,False,False,False
15.0,3,18.0,3.0,3,1,4,1,12.0,0.0,1.0,0.0,150.87,True,False,False,False,False,False,True,False,True,False,True,False,False,False,True,False
14.0,3,12.0,3.0,3,2,4,1,18.0,0.0,2.0,0.0,235.91000000000003,True,False,False,False,False,True,False,False,False,False,False,False,False,False,False,True
10.0,3,15.0,4.0,5,5,3,0,16.0,1.0,2.0,10.0,200.87,False,False,False,False,False,True,False,False,True,False,False,False,False,False,False,True
3.0,1,8.0,3.0,4,5,1,0,16.0,0.0,1.0,7.0,149.68,False,False,True,False,False,False,False,False,False,False,False,False,True,False,False,True
6.0,1,15.0,3.0,3,1,1,0,13.0,0.0,4.0,10.0,127.81,False,True,False,False,False,False,False,False,True,False,False,True,False,False,True,False
18.0,1,7.0,2.0,3,3,5,0,12.0,0.0,1.0,3.0,153.99,False,False,False,False,True,False,False,False,True,False,True,False,False,False,False,True
16.0,1,9.0,3.0,4,2,3,0,14.0,3.0,3.0,3.0,165.89,True,False,False,False,False,True,False,False,False,False,True,False,False,False,False,False
13.0,1,22.0,2.0,4,3,7,0,14.0,1.0,1.0,0.0,150.94,False,False,False,False,True,False,False,False,True,False,True,False,False,False,False,True
0.0,3,6.0,2.0,4,3,6,0,11.0,5.0,11.0,46.0,206.08999999999997,True,False,False,False,False,True,False,False,True,False,False,False,False,False,True,False
23.0,1,34.0,3.0,2,3,2,1,11.0,3.0,3.0,8.0,132.21,False,True,False,False,False,False,False,False,True,False,False,True,False,False,False,False
1.0,1,9.0,3.0,4,5,8,1,15.0,2.0,2.0,3.0,145.42,False,False,False,False,False,True,False,False,True,False,False,False,True,False,False,False
1.0,1,10.0,4.0,5,3,3,1,16.0,1.0,2.0,2.0,150.66,False,False,False,False,True,False,False,False,True,False,False,False,True,False,True,False
9.0,1,10.0,3.0,3,4,8,0,13.0,0.0,1.0,2.0,151.31,False,False,False,False,False,True,False,False,False,False,True,False,False,False,True,False
0.0,1,12.0,3.0,4,2,2,1,18.0,1.0,1.0,0.0,129.26,False,False,False,False,False,True,False,False,False,False,False,True,False,False,False,True
0.0,3,15.0,2.0,3,1,2,0,14.0,0.0,1.0,7.0,141.05,False,True,False,False,False,False,True,False,True,False,True,False,False,False,False,True
20.0,1,9.0,3.0,4,1,5,0,15.0,1.0,5.0,3.0,210.78,True,False,False,False,False,True,False,False,True,False,False,False,False,False,True,False
10.0,3,22.0,3.0,4,3,5,0,19.0,1.0,1.0,0.0,163.34,True,False,False,False,False,False,True,False,True,False,True,False,False,False,True,False
13.0,1,19.0,4.0,4,4,6,0,22.0,2.0,2.0,1.0,177.95,True,False,False,False,True,False,False,False,True,False,True,False,False,False,True,False
1.0,3,23.0,4.0,4,5,4,1,21.0,1.0,2.0,3.0,210.64,True,False,False,False,False,True,False,False,False,False,False,False,False,False,False,True
12.0,1,22.0,4.0,5,2,2,1,15.0,2.0,2.0,10.0,240.10000000000002,True,False,False,False,False,True,False,False,True,False,False,False,False,False,True,False
20.0,3,10.0,2.0,3,2,2,1,17.0,1.0,1.0,7.0,141.63,False,True,False,False,False,True,False,False,False,False,True,False,False,False,False,True
14.0,3,15.0,3.0,4,3,5,1,15.0,1.0,2.0,4.0,192.96,False,False,False,True,False,False,False,False,True,False,True,False,False,False,True,False
1.0,1,17.0,3.0,6,2,9,0,14.0,1.0,2.0,4.0,159.08,True,False,False,False,True,False,False,False,True,False,False,False,True,False,True,False
0.0,1,10.0,3.0,1,5,3,0,16.0,0.0,1.0,2.0,128.19,False,True,False,False,False,False,False,False,True,False,False,True,False,False,True,False
0.0,1,10.0,2.0,1,4,2,1,20.0,1.0,1.0,3.0,161.42,True,False,False,False,False,True,False,False,True,False,True,False,False,False,True,False
17.0,1,22.0,4.0,5,3,3,0,15.0,5.0,7.0,12.0,301.03,True,False,False,False,False,True,False,False,True,True,False,False,False,False,True,False
3.0,3,28.0,3.0,4,3,3,1,12.0,1.0,1.0,0.0,163.8,True,False,False,False,False,False,True,False,True,False,True,False,False,False,True,False
17.0,1,18.0,2.0,4,3,3,0,18.0,2.0,2.0,10.0,200.1,True,False,False,False,False,True,False,False,True,False,False,False,False,False,True,False
1.0,1,29.0,4.0,4,3,3,1,16.0,6.0,7.0,8.0,186.79,True,False,False,False,True,False,False,False,True,False,True,False,False,False,True,False
7.0,1,8.0,3.0,3,3,3,0,11.0,1.0,1.0,2.0,140.33,False,False,False,False,False,True,False,False,True,False,True,False,False,False,False,True
6.0,1,14.0,2.0,4,4,7,0,21.0,0.0,1.0,1.0,126.22,False,True,False,False,False,False,False,False,False,False,False,True,False,False,True,False
1.0,1,10.0,4.0,4,4,3,0,15.0,2.0,2.0,1.0,139.83,False,True,False,False,True,False,False,False,False,False,False,False,True,False,False,True
26.0,3,36.0,3.0,4,1,4,0,16.0,2.0,2.0,1.0,159.82,False,False,False,False,False,True,False,False,True,False,False,False,True,False,True,False
1.0,1,12.0,3.0,2,5,3,0,13.0,2.0,2.0,6.0,165.0,False,False,False,False,False,True,False,False,True,False,True,False,False,False,True,False
5.0,1,13.0,3.0,1,4,2,0,20.0,0.0,1.0,3.0,127.94,False,False,False,False,False,True,False,False,True,False,False,True,False,False,True,False
9.0,3,15.0,4.0,4,1,3,0,17.0,2.0,2.0,3.0,150.72,True,False,False,False,False,True,False,False,False,False,False,False,True,False,True,False
24.0,1,9.0,2.0,4,5,4,0,15.0,1.0,3.0,3.0,303.56,False,False,False,False,True,False,False,False,False,True,False,False,False,False,True,False
17.0,3,34.0,2.0,1,2,4,1,18.0,1.0,2.0,11.0,233.2,True,False,False,False,True,False,False,False,False,True,False,False,False,False,False,False
1.0,1,19.0,4.0,4,2,3,1,12.0,2.0,2.0,1.0,150.15,True,False,False,False,False,True,False,False,False,False,False,False,True,False,False,False
16.0,1,25.0,3.0,4,5,8,1,18.0,2.0,2.0,3.0,179.1,True,False,False,False,False,True,False,False,True,False,True,False,False,False,True,False
0.0,1,8.0,2.0,4,2,2,0,22.0,0.0,1.0,0.0,111.02000000000001,True,False,False,False,False,True,False,False,True,False,False,False,True,False,False,True
18.0,1,6.0,3.0,2,2,1,0,15.0,1.0,1.0,7.0,292.02,True,False,False,False,False,False,False,True,True,False,False,False,False,True,False,False
15.0,1,8.0,2.0,3,1,3,1,14.0,12.0,13.0,9.0,201.24,False,False,False,False,False,True,False,False,True,False,False,False,False,False,True,False
1.0,3,31.0,3.0,2,5,3,0,18.0,1.0,2.0,1.0,135.91,False,False,True,False,False,False,False,False,True,False,False,False,True,False,False,True
7.0,3,14.0,2.0,3,3,2,1,18.0,1.0,1.0,6.0,125.78999999999999,False,True,True,False,False,False,False,False,False,False,False,True,False,False,True,False
5.0,3,36.0,4.0,5,1,3,0,15.0,1.0,6.0,8.0,179.68,True,False,False,False,False,False,True,False,False,False,True,False,False,False,True,False
23.0,1,25.0,4.0,4,1,3,1,16.0,1.0,2.0,8.0,193.04,False,False,False,False,False,True,False,False,True,False,True,False,False,False,True,False
2.0,3,9.0,3.0,3,3,2,0,14.0,0.0,1.0,2.0,155.61,True,False,False,False,True,False,False,False,False,False,True,False,False,False,False,False
4.0,3,8.0,2.0,3,5,8,0,13.0,0.0,1.0,3.0,153.32,False,False,False,False,False,False,False,True,True,False,True,False,False,False,False,True
8.0,1,8.0,3.0,4,1,11,0,18.0,1.0,3.0,2.0,179.84,True,False,False,False,False,True,False,False,True,False,True,False,False,False,True,False
20.0,1,21.0,4.0,4,4,11,1,19.0,4.0,5.0,4.0,174.63,True,False,False,False,False,True,False,False,False,False,False,False,True,False,True,False
9.0,1,10.0,2.0,3,1,10,1,23.0,1.0,1.0,0.0,122.85,False,False,True,False,False,False,False,False,True,False,False,True,False,False,False,True
25.0,1,9.0,3.0,6,4,7,0,19.0,1.0,2.0,3.0,179.82,True,False,False,False,True,False,False,False,True,False,True,False,False,False,True,False
1.0,2,17.0,3.0,4,1,2,0,15.0,1.0,3.0,2.0,146.45,False,False,False,False,True,False,False,False,True,False,False,False,True,False,True,False
3.0,3,9.0,4.0,4,3,3,0,15.0,2.0,2.0,3.0,171.49,False,False,False,False,False,True,False,False,True,False,True,False,False,False,False,False
1.0,3,16.0,3.0,5,5,9,0,24.0,1.0,2.0,4.0,159.07,True,False,False,False,False,True,False,False,True,False,True,False,False,False,False,True
27.0,1,7.0,2.0,3,3,8,0,17.0,0.0,1.0,4.0,205.02,False,False,False,False,False,True,False,False,False,False,False,False,False,False,True,False
10.0,2,9.0,4.0,5,1,3,0,22.0,2.0,2.0,9.0,163.86,False,False,False,False,False,False,False,True,True,False,True,False,False,False,False,True
20.0,1,8.0,2.0,3,4,8,1,15.0,7.0,13.0,8.0,292.46,True,False,False,False,False,True,False,False,True,False,False,False,False,True,False,True
9.0,1,11.0,2.0,3,5,5,0,12.0,1.0,1.0,2.0,180.08,True,False,False,False,False,True,False,False,False,False,False,False,False,False,True,False
9.0,1,27.0,2.0,4,5,1,0,14.0,0.0,1.0,0.0,122.96000000000001,False,True,True,False,False,False,False,False,True,False,False,True,False,False,True,False
9.0,1,7.0,3.0,3,1,2,0,15.0,1.0,1.0,0.0,116.11000000000001,False,False,False,False,False,True,False,False,False,False,False,False,True,False,False,True
1.0,1,14.0,3.0,3,1,2,0,21.0,1.0,1.0,2.0,133.1,False,True,False,False,False,True,False,False,False,False,False,True,False,False,False,True
12.0,2,7.0,3.0,4,4,2,1,12.0,2.0,2.0,3.0,154.91,False,False,False,False,False,False,False,True,True,False,False,False,True,False,True,False
9.0,1,9.0,3.0,5,4,4,0,19.0,7.0,7.0,3.0,227.74,True,False,False,False,False,True,False,False,True,False,False,False,False,False,True,False
30.0,1,30.0,2.0,1,1,4,1,16.0,1.0,1.0,4.0,194.39,True,False,False,False,False,True,False,False,True,False,False,False,False,False,True,False
2.0,1,35.0,3.0,5,3,9,0,17.0,1.0,1.0,6.0,163.84,True,False,False,False,False,True,False,False,True,False,True,False,False,False,True,False
14.0,1,34.0,2.0,4,4,1,0,23.0,1.0,2.0,10.0,235.7,True,False,False,False,False,True,False,False,False,True,False,False,False,False,True,False
16.0,1,14.0,3.0,3,3,5,1,14.0,0.0,1.0,2.0,145.22,False,True,False,False,False,False,False,True,False,False,True,False,False,False,True,False
7.0,1,11.0,2.0,4,1,2,0,14.0,0.0,4.0,13.0,139.86,False,True,False,False,True,False,False,False,True,False,True,False,False,False,True,False
0.0,3,8.0,3.0,3,5,1,0,11.0,0.0,1.0,2.0,130.41,False,True,False,False,False,False,True,False,True,False,False,True,False,False,True,False
13.0,1,17.0,4.0,4,3,9,0,22.0,3.0,2.0,3.0,259.64,True,False,False,False,True,False,False,False,True,False,False,False,False,False,False,True
0.0,1,14.0,3.0,3,3,2,0,19.0,0.0,1.0,0.0,123.18,False,True,False,False,False,True,False,False,False,False,False,True,False,False,False,True
2.0,1,23.0,3.0,4,3,3,0,15.0,1.0,2.0,5.0,146.44,False,False,False,False,True,False,False,False,True,False,False,False,True,False,False,True
0.0,1,14.0,2.0,3,3,2,0,20.0,1.0,1.0,0.0,123.77000000000001,False,True,False,False,False,False,False,False,True,False,False,True,False,False,True,False
0.0,1,14.0,3.0,4,3,2,1,11.0,1.0,1.0,2.0,139.89,False,True,False,False,True,False,False,False,True,False,False,False,True,False,False,True
21.0,3,9.0,3.0,4,1,2,1,23.0,4.0,8.0,8.0,170.37,True,False,False,False,False,False,True,False,False,False,True,False,False,False,True,False
5.0,1,7.0,3.0,6,3,2,0,13.0,2.0,2.0,5.0,168.45,False,False,False,False,True,False,False,False,True,False,True,False,False,False,False,False
11.0,1,8.0,3.0,5,1,3,0,14.0,1.0,4.0,12.0,189.74,True,False,False,False,False,True,False,False,False,False,True,False,False,False,True,False
0.0,1,14.0,3.0,3,1,1,0,14.0,2.0,2.0,1.0,125.22999999999999,False,True,True,False,False,False,False,False,True,False,False,True,False,False,True,False
30.0,1,16.0,3.0,4,2,9,0,12.0,1.0,2.0,2.0,236.02999999999997,True,False,False,False,True,False,False,False,True,True,False,False,False,False,False,False
16.0,1,9.0,3.0,5,5,2,1,12.0,5.0,8.0,9.0,150.93,True,False,False,False,True,False,False,False,False,False,False,False,True,False,True,False
9.0,1,12.0,3.0,4,3,1,0,12.0,1.0,1.0,3.0,121.87,False,True,False,False,False,False,False,False,False,False,False,True,False,False,True,False
22.0,3,9.0,3.0,2,4,5,0,13.0,1.0,3.0,3.0,206.2,True,False,False,False,False,False,True,False,True,False,True,False,False,False,True,False
5.0,1,14.0,3.0,3,4,2,0,13.0,0.0,1.0,7.0,123.69999999999999,False,True,False,False,False,False,False,False,False,False,False,True,False,False,True,False
1.0,3,19.0,4.0,5,5,3,0,19.0,2.0,2.0,1.0,145.33,False,False,False,False,False,True,False,False,True,False,False,False,True,False,False,False
1.0,1,7.0,4.0,2,4,3,0,12.0,4.0,5.0,8.0,199.46,False,False,False,False,False,True,False,False,False,False,False,False,False,False,False,True
5.0,1,30.0,3.0,3,2,2,0,15.0,2.0,4.0,7.0,153.09,False,False,False,False,False,True,False,False,True,False,True,False,False,False,False,False
22.0,1,16.0,2.0,3,5,10,1,11.0,1.0,1.0,2.0,286.65,False,False,False,False,False,True,False,False,False,False,False,False,False,True,False,True
1.0,1,14.0,3.0,5,3,4,0,18.0,2.0,2.0,1.0,186.32,True,False,False,False,True,False,False,False,True,False,True,False,False,False,False,False
7.0,1,8.0,3.0,1,1,1,1,14.0,0.0,1.0,2.0,129.32,False,True,False,False,False,False,False,False,True,False,False,True,False,False,True,False
2.0,1,14.0,3.0,4,2,7,0,14.0,1.0,1.0,3.0,125.32,False,True,False,False,False,False,False,False,False,False,False,True,False,False,True,False
13.0,3,9.0,3.0,4,3,2,1,14.0,1.0,1.0,2.0,126.83000000000001,False,True,False,False,False,False,True,False,True,False,False,True,False,False,True,False
18.0,1,15.0,4.0,2,2,4,1,25.0,2.0,2.0,3.0,153.18,True,False,False,False,False,True,False,False,True,False,False,False,True,False,False,False
0.0,1,14.0,2.0,3,5,6,1,11.0,0.0,1.0,4.0,126.57,False,True,True,False,False,False,False,False,False,False,False,True,False,False,False,True
10.0,1,12.0,4.0,4,4,10,0,17.0,1.0,4.0,8.0,184.14,True,False,False,False,False,True,False,False,True,False,True,False,False,False,False,True
5.0,1,6.0,3.0,3,1,1,0,12.0,1.0,1.0,2.0,123.13999999999999,False,False,False,False,False,True,False,False,True,False,False,True,False,False,True,False
1.0,3,12.0,3.0,5,3,3,1,12.0,2.0,2.0,4.0,182.44,True,False,False,False,False,False,True,False,True,False,True,False,False,False,False,True
19.0,3,9.0,3.0,4,1,6,0,17.0,2.0,8.0,4.0,176.6,True,False,False,False,True,False,False,False,True,False,True,False,False,False,False,True
0.0,1,16.0,3.0,3,3,7,0,11.0,0.0,1.0,0.0,200.48,False,False,False,False,True,False,False,False,True,False,False,False,False,False,True,False
12.0,1,9.0,3.0,4,1,3,1,24.0,2.0,2.0,1.0,142.02,False,False,False,False,False,True,False,False,True,False,False,False,True,False,True,False
1.0,1,10.0,3.0,2,2,3,0,23.0,2.0,2.0,8.0,169.2,True,False,False,False,True,False,False,False,True,False,False,False,True,False,False,False
5.0,1,16.0,3.0,5,4,2,1,17.0,3.0,3.0,3.0,151.57,True,False,False,False,False,True,False,False,True,False,False,False,True,False,False,True
10.0,1,18.0,4.0,5,4,3,0,14.0,2.0,2.0,4.0,189.99,False,False,False,False,False,True,False,False,True,False,True,False,False,False,False,True
9.0,1,7.0,2.0,3,5,3,0,11.0,1.0,1.0,2.0,120.80000000000001,False,True,False,True,False,False,False,False,True,False,False,True,False,False,False,True
14.0,1,15.0,4.0,4,5,4,1,17.0,1.0,2.0,1.0,190.16,True,False,False,False,False,True,False,False,False,False,True,False,False,False,True,False
1.0,1,30.0,3.0,5,3,5,1,14.0,2.0,2.0,2.0,184.16,True,False,False,False,False,True,False,False,True,False,True,False,False,False,False,False
7.0,3,35.0,2.0,3,4,4,0,12.0,1.0,1.0,3.0,192.5,True,False,True,False,False,False,False,False,True,False,False,False,False,False,True,False
24.0,1,17.0,2.0,4,4,4,0,16.0,0.0,1.0,3.0,231.42000000000002,True,False,False,True,False,False,False,False,False,True,False,False,False,False,False,True
9.0,3,14.0,2.0,3,1,5,0,13.0,1.0,1.0,7.0,150.79,False,False,True,False,False,False,False,False,True,False,True,False,False,False,True,False
31.0,1,16.0,4.0,5,4,6,1,21.0,2.0,2.0,1.0,158.46,True,False,False,False,True,False,False,False,False,False,False,False,True,False,True,False
50.0,1,6.0,3.0,1,3,1,0,24.0,1.0,2.0,8.0,149.0,False,True,False,False,False,True,False,False,True,False,True,False,False,False,False,False
7.0,1,8.0,2.0,4,5,7,0,13.0,0.0,5.0,9.0,159.57,True,False,False,False,False,True,False,False,True,False,True,False,False,False,False,False
1.0,1,11.0,4.0,4,3,3,0,20.0,2.0,2.0,1.0,148.18,False,True,False,False,False,True,False,False,False,False,False,False,True,False,False,True
4.0,1,12.0,3.0,4,5,7,0,15.0,1.0,3.0,31.0,157.04,True,False,True,False,False,False,False,False,False,False,False,False,True,False,True,False
27.0,1,9.0,3.0,2,4,6,0,13.0,1.0,9.0,9.0,290.98,True,False,False,False,True,False,False,False,True,True,False,False,False,False,False,True
0.0,1,6.0,3.0,3,5,2,0,11.0,0.0,1.0,7.0,174.12,True,False,False,False,False,True,False,False,False,False,False,False,False,False,True,False
4.0,1,23.0,3.0,4,1,3,0,13.0,1.0,2.0,9.0,153.62,True,False,False,False,False,True,False,False,True,False,False,False,True,False,True,False
13.0,1,15.0,2.0,3,3,10,0,17.0,1.0,2.0,13.0,234.99,False,False,False,False,True,False,False,False,False,False,False,False,False,False,False,True
26.0,3,127.0,3.0,4,1,4,0,16.0,2.0,2.0,1.0,159.82,False,False,False,False,False,True,False,False,True,False,False,False,True,False,True,False
15.0,1,21.0,3.0,4,3,6,0,13.0,2.0,2.0,9.0,149.51,False,True,False,False,False,True,False,False,True,False,False,False,True,False,True,False
14.0,3,17.0,4.0,5,4,4,0,13.0,2.0,2.0,3.0,222.05,True,False,False,False,False,False,True,False,True,False,False,False,False,False,True,False
14.0,1,9.0,4.0,4,3,4,0,15.0,2.0,2.0,3.0,145.01,False,True,False,False,True,False,False,False,False,False,False,False,True,False,True,False
1.0,1,7.0,4.0,6,2,5,0,15.0,3.0,3.0,1.0,168.64,False,False,False,False,False,True,False,False,False,False,False,False,True,False,True,False
5.0,1,12.0,4.0,5,5,8,0,18.0,1.0,2.0,1.0,146.07,False,False,False,False,False,True,False,False,True,False,False,False,True,False,True,False
1.0,3,7.0,3.0,5,3,7,0,12.0,6.0,12.0,3.0,231.08999999999997,True,False,False,False,False,True,False,False,True,False,False,False,False,False,True,False
0.0,3,15.0,3.0,3,5,4,1,17.0,0.0,1.0,3.0,182.24,True,False,False,False,False,False,True,False,False,False,True,False,False,False,False,True
20.0,1,13.0,2.0,4,5,8,1,14.0,4.0,5.0,9.0,200.08,True,False,False,False,True,False,False,False,False,False,False,False,False,False,False,False
23.0,1,13.0,3.0,5,3,4,1,20.0,1.0,3.0,13.0,264.66,True,False,False,False,False,True,False,False,False,True,False,False,False,False,True,False
28.0,1,8.0,3.0,4,1,9,0,20.0,0.0,1.0,4.0,126.62,False,True,True,False,False,False,False,False,True,False,False,True,False,False,True,False
0.0,3,15.0,2.0,4,5,8,0,23.0,0.0,1.0,3.0,134.07,False,True,False,False,False,True,False,False,True,False,False,True,False,False,False,True
1.0,3,23.0,4.0,4,5,4,1,21.0,2.0,2.0,3.0,210.64,True,False,False,False,False,True,False,False,False,False,False,False,False,False,False,True
16.0,1,25.0,3.0,4,5,8,1,18.0,1.0,2.0,3.0,179.1,True,False,False,False,False,True,False,False,True,False,True,False,False,False,True,False
8.0,3,22.0,3.0,3,4,1,0,15.0,3.0,6.0,9.0,180.2,True,False,False,False,False,False,True,False,True,False,False,False,False,False,True,False
8.0,3,30.0,4.0,4,3,2,0,21.0,1.0,9.0,8.0,170.68,False,False,False,False,False,False,True,False,True,False,True,False,False,False,False,True
8.0,1,17.0,3.0,4,3,3,1,18.0,3.0,3.0,1.0,163.15,False,False,False,False,True,False,False,False,True,False,False,False,True,False,True,False
1.0,3,30.0,3.0,5,3,3,0,22.0,4.0,6.0,9.0,160.4,True,False,False,False,True,False,False,False,False,False,True,False,False,False,True,False
26.0,3,6.0,2.0,3,5,8,0,20.0,4.0,8.0,10.0,183.81,True,False,False,False,True,False,False,False,False,False,True,False,False,False,False,True
2.0,1,28.0,3.0,2,4,8,0,18.0,5.0,6.0,3.0,219.95999999999998,True,False,False,False,False,True,False,False,False,False,False,False,False,False,True,False
9.0,1,13.0,3.0,6,2,3,0,14.0,12.0,12.0,9.0,191.46,True,False,False,False,False,True,False,False,True,False,True,False,False,False,False,True
19.0,3,6.0,2.0,1,5,2,0,15.0,1.0,1.0,12.0,275.67,True,False,False,False,False,True,False,False,True,True,False,False,False,False,False,True
23.0,1,7.0,3.0,4,5,4,0,17.0,2.0,2.0,3.0,160.8,True,False,True,False,False,False,False,False,False,False,False,False,True,False,False,False
15.0,1,8.0,3.0,4,4,5,0,14.0,0.0,1.0,0.0,148.41,False,True,False,False,True,False,False,False,True,False,False,False,True,False,True,False
13.0,1,16.0,3.0,4,5,3,0,26.0,5.0,8.0,10.0,176.51,True,False,False,False,True,False,False,False,True,False,True,False,False,False,True,False
1.0,1,22.0,3.0,4,3,9,1,13.0,1.0,8.0,8.0,261.1,True,False,False,False,True,False,False,False,True,False,False,False,False,False,True,False
0.0,3,30.0,2.0,4,4,1,1,23.0,4.0,10.0,10.0,145.99,False,True,False,False,True,False,False,False,False,False,True,False,False,False,False,True
3.0,1,9.0,3.0,5,5,4,1,24.0,1.0,2.0,1.0,161.46,False,False,False,False,False,True,False,False,False,False,False,False,True,False,False,True
4.0,1,17.0,4.0,4,3,11,0,15.0,1.0,2.0,3.0,221.67,True,False,False,False,True,False,False,False,False,False,False,False,False,False,False,True
30.0,1,15.0,3.0,4,4,5,1,20.0,1.0,1.0,0.0,133.46,False,True,False,False,False,False,False,False,False,False,False,True,False,False,True,False
9.0,3,15.0,4.0,4,2,3,0,17.0,1.0,2.0,3.0,150.72,True,False,False,False,False,True,False,False,False,False,False,False,True,False,False,False
14.0,1,23.0,3.0,4,1,8,1,16.0,2.0,4.0,4.0,204.45,True,False,False,False,False,True,False,False,False,False,False,False,False,False,False,True
12.0,3,7.0,3.0,5,2,6,0,23.0,2.0,2.0,3.0,211.86,True,False,False,False,False,True,False,False,False,False,True,False,False,False,False,True
18.0,1,34.0,2.0,4,4,2,0,11.0,1.0,8.0,6.0,267.04,True,False,False,True,False,False,False,False,False,True,False,False,False,False,False,True
10.0,3,17.0,3.0,4,2,3,0,15.0,2.0,10.0,3.0,224.8,False,False,False,False,True,False,False,False,True,False,False,False,False,False,False,True
10.0,3,10.0,3.0,5,1,6,0,12.0,1.0,2.0,3.0,221.99,False,False,False,False,True,False,False,False,True,False,False,False,False,False,True,False
1.0,1,21.0,3.0,4,5,3,1,15.0,6.0,7.0,9.0,147.35,False,True,False,False,False,True,False,False,True,False,False,False,True,False,True,False
9.0,3,13.0,3.0,3,1,2,1,21.0,1.0,1.0,2.0,122.75,False,True,False,False,False,True,False,False,True,False,False,True,False,False,True,False
27.0,1,12.0,3.0,4,3,6,0,15.0,2.0,5.0,9.0,315.94,True,False,False,False,False,False,False,True,False,False,False,False,False,True,True,False
10.0,1,11.0,4.0,4,4,9,0,14.0,2.0,2.0,3.0,176.31,False,False,False,False,False,True,False,False,False,False,True,False,False,False,True,False
11.0,2,14.0,3.0,3,4,6,0,13.0,3.0,3.0,8.0,125.91999999999999,False,False,False,False,False,False,False,True,True,False,False,True,False,False,True,False
1.0,1,7.0,3.0,4,3,2,0,15.0,1.0,2.0,6.0,145.58,False,True,True,False,False,False,False,False,True,False,False,False,True,False,False,True
18.0,1,14.0,3.0,3,1,10,0,14.0,8.0,9.0,8.0,136.97,False,True,False,False,False,False,False,True,True,False,True,False,False,False,True,False
25.0,3,33.0,4.0,4,3,4,0,15.0,1.0,5.0,18.0,288.07,True,False,False,False,False,False,True,False,False,True,False,False,False,False,True,False
14.0,3,7.0,3.0,3,5,1,0,17.0,0.0,1.0,7.0,141.03,False,False,False,False,False,False,True,False,False,False,True,False,False,False,True,False
17.0,1,18.0,2.0,4,3,3,0,18.0,2.0,2.0,10.0,200.1,True,False,False,False,False,True,False,False,True,False,False,False,False,False,True,False
24.0,3,15.0,3.0,4,4,9,0,16.0,2.0,3.0,3.0,163.75,True,False,False,False,False,False,True,False,True,False,False,False,True,False,False,False
9.0,1,30.0,2.0,4,3,6,1,14.0,0.0,1.0,3.0,120.28,False,True,False,False,False,True,False,False,True,False,False,True,False,False,False,True
15.0,3,17.0,3.0,4,2,9,0,15.0,1.0,2.0,11.0,187.3,False,False,False,False,False,True,False,False,True,False,True,False,False,False,False,True
28.0,1,16.0,4.0,4,3,5,0,12.0,1.0,3.0,4.0,153.97,True,False,False,False,False,True,False,False,False,False,True,False,False,False,True,False
1.0,1,15.0,3.0,2,3,9,0,18.0,1.0,2.0,3.0,160.17,True,False,False,False,True,False,False,False,False,False,False,False,True,False,True,False
26.0,1,26.0,3.0,4,1,2,0,19.0,2.0,2.0,3.0,167.58,False,False,False,False,True,False,False,False,True,False,False,False,True,False,True,False
10.0,1,10.0,4.0,2,5,8,0,21.0,2.0,2.0,5.0,193.42,True,False,False,False,False,True,False,False,True,False,True,False,False,False,True,False
11.0,1,10.0,3.0,4,4,5,0,16.0,2.0,2.0,2.0,166.07,True,False,False,False,False,False,False,True,False,False,True,False,False,False,False,True
15.0,1,14.0,2.0,3,1,6,1,14.0,1.0,2.0,2.0,125.15,False,False,False,False,False,False,False,False,True,False,False,True,False,False,False,True
8.0,1,13.0,3.0,4,1,2,0,18.0,1.0,1.0,1.0,126.9,False,True,False,False,False,True,False,False,True,False,False,True,False,False,True,False
12.0,3,17.0,3.0,4,1,3,1,14.0,2.0,2.0,4.0,181.66,False,False,True,False,False,False,False,False,False,False,True,False,False,False,False,True
1.0,1,13.0,3.0,4,5,4,0,12.0,1.0,2.0,4.0,154.6,True,False,False,False,True,False,False,False,True,False,False,False,True,False,False,True
2.0,1,8.0,4.0,4,5,3,0,26.0,2.0,2.0,3.0,160.91,True,False,False,False,True,False,False,False,False,False,False,False,True,False,True,False
0.0,1,9.0,3.0,3,5,6,0,13.0,1.0,1.0,2.0,140.31,False,True,False,False,True,False,False,False,True,False,False,False,True,False,True,False
30.0,3,27.0,3.0,3,1,5,1,13.0,1.0,1.0,0.0,278.75,True,False,False,False,False,True,False,False,False,True,False,False,False,False,True,False
0.0,3,8.0,2.0,5,2,4,0,20.0,1.0,1.0,0.0,150.71,False,False,False,False,False,True,False,False,True,False,True,False,False,False,False,True
8.0,3,23.0,3.0,3,5,4,1,15.0,0.0,1.0,7.0,189.66,True,False,False,False,False,True,False,False,True,False,True,False,False,False,True,False
14.0,1,27.0,4.0,4,1,6,0,21.0,4.0,12.0,3.0,228.22,True,False,False,True,False,False,False,False,True,False,False,False,False,False,True,False
1.0,1,10.0,3.0,4,1,3,0,12.0,1.0,2.0,1.0,142.06,False,False,False,False,True,False,False,False,True,False,False,False,True,False,True,False
1.0,3,16.0,3.0,3,4,2,0,22.0,1.0,1.0,0.0,110.52000000000001,True,False,False,False,True,False,False,False,True,False,False,False,True,False,False,False
1.0,3,19.0,3.0,4,1,5,1,25.0,4.0,7.0,8.0,170.81,False,False,False,False,False,False,False,True,True,False,True,False,False,False,False,True
12.0,1,15.0,2.0,3,1,3,0,15.0,0.0,1.0,3.0,294.31,False,False,False,False,False,True,False,False,True,False,False,False,False,True,False,True
9.0,1,6.0,2.0,3,4,2,0,18.0,1.0,2.0,1.0,120.96000000000001,False,True,False,False,False,False,False,False,False,False,False,True,False,False,False,True
5.0,1,8.0,2.0,3,3,5,1,14.0,1.0,1.0,7.0,149.98,False,False,False,False,False,True,False,False,False,False,True,False,False,False,False,True
20.0,3,8.0,3.0,4,2,2,1,18.0,1.0,1.0,2.0,132.94,False,True,False,False,False,True,False,False,False,False,False,True,False,False,False,True
26.0,3,14.0,3.0,3,2,6,0,14.0,0.0,2.0,3.0,218.36,True,False,False,False,False,False,True,False,True,True,False,False,False,False,False,False
6.0,1,14.0,3.0,1,5,7,0,19.0,6.0,7.0,6.0,131.43,False,True,False,False,False,True,False,False,True,False,False,True,False,False,True,False
1.0,1,26.0,4.0,4,2,3,0,25.0,1.0,3.0,3.0,148.23,False,True,False,False,True,False,False,False,True,False,False,False,True,False,False,False
19.0,1,13.0,1.0,3,3,3,0,14.0,0.0,1.0,0.0,152.58,False,False,False,False,True,False,False,False,False,False,True,False,False,False,False,False
13.0,1,6.0,3.0,5,2,3,0,15.0,10.0,14.0,4.0,317.72,False,False,False,False,True,False,False,False,True,False,False,False,False,True,False,False
3.0,3,31.0,2.0,4,4,3,1,12.0,0.0,1.0,0.0,190.94,True,False,False,False,False,False,True,False,True,False,False,False,False,False,False,True
20.0,1,25.0,3.0,4,3,7,0,12.0,2.0,2.0,3.0,230.27,False,False,False,False,True,False,False,False,False,False,False,False,False,False,False,False
1.0,1,10.0,3.0,5,2,2,1,12.0,1.0,2.0,1.0,153.53,False,False,False,False,False,True,False,False,True,False,False,False,True,False,False,False
0.0,3,6.0,3.0,4,3,7,1,19.0,0.0,1.0,2.0,128.0,False,True,False,False,False,False,False,False,False,False,False,True,False,False,True,False
4.0,3,11.0,2.0,3,3,2,0,19.0,1.0,1.0,2.0,183.46,True,False,True,False,False,False,False,False,True,False,True,False,False,False,True,False
27.0,1,28.0,3.0,3,3,4,0,25.0,1.0,4.0,7.0,274.26,True,False,False,False,True,False,False,False,False,True,False,False,False,False,True,False
4.0,1,30.0,1.0,3,1,3,0,20.0,1.0,1.0,4.0,152.38,False,False,True,False,False,False,False,False,False,False,True,False,False,False,False,True
1.0,1,32.0,3.0,5,4,6,1,21.0,1.0,3.0,3.0,148.13,False,True,False,False,True,False,False,False,True,False,False,False,True,False,False,True
7.0,2,10.0,3.0,4,4,5,1,12.0,1.0,2.0,4.0,147.77,False,True,False,False,False,False,False,True,True,False,False,False,True,False,True,False
6.0,3,9.0,4.0,4,5,3,0,13.0,2.0,2.0,1.0,153.27,False,False,False,False,False,True,False,False,False,False,False,False,True,False,True,False
4.0,1,18.0,3.0,3,1,9,1,23.0,1.0,1.0,2.0,139.29,False,True,False,False,True,False,False,False,False,False,False,False,True,False,True,False
9.0,1,10.0,2.0,4,2,2,0,16.0,1.0,1.0,8.0,158.1,True,False,False,False,False,True,False,False,True,False,True,False,False,False,False,True
1.0,1,33.0,2.0,5,5,1,0,21.0,1.0,1.0,0.0,148.77,False,True,False,False,True,False,False,False,False,False,True,False,False,False,True,False
13.0,3,8.0,3.0,3,4,6,0,12.0,1.0,1.0,0.0,143.27,False,False,False,False,True,False,False,False,True,False,True,False,False,False,True,False
6.0,1,22.0,3.0,4,1,7,0,19.0,1.0,2.0,3.0,191.67,False,False,False,False,True,False,False,False,False,False,True,False,False,False,True,False
18.0,3,8.0,3.0,3,4,1,0,19.0,3.0,3.0,7.0,148.05,False,True,False,False,False,False,False,True,True,False,True,False,False,False,False,False
0.0,3,14.0,2.0,4,4,2,1,18.0,0.0,1.0,0.0,124.13,False,True,False,False,False,False,True,False,True,False,False,True,False,False,False,False
2.0,1,26.0,4.0,5,5,3,0,13.0,2.0,4.0,4.0,156.96,True,False,False,False,True,False,False,False,True,False,False,False,True,False,False,False
18.0,3,7.0,4.0,4,5,7,1,22.0,2.0,2.0,4.0,179.54,True,False,False,False,False,False,True,False,False,False,True,False,False,False,True,False
16.0,2,17.0,3.0,4,5,2,0,15.0,1.0,2.0,10.0,292.99,True,False,False,False,False,False,False,True,False,True,False,False,False,False,True,False
16.0,1,12.0,3.0,4,3,2,1,14.0,1.0,1.0,8.0,140.81,False,True,False,False,True,False,False,False,False,False,True,False,False,False,False,True
15.0,1,7.0,4.0,4,1,5,0,23.0,1.0,2.0,1.0,152.82,True,False,False,False,False,True,False,False,True,False,False,False,True,False,True,False
0.0,1,10.0,3.0,2,5,3,0,16.0,0.0,1.0,2.0,128.19,False,True,False,False,False,False,False,False,True,False,False,True,False,False,False,False
1.0,3,28.0,3.0,5,4,3,1,14.0,1.0,2.0,1.0,146.21,False,True,False,False,False,False,False,True,True,False,False,False,True,False,False,True
20.0,1,11.0,2.0,3,3,5,0,11.0,1.0,1.0,1.0,283.0,True,False,False,False,False,True,False,False,True,False,False,False,False,True,False,False
8.0,1,31.0,2.0,4,1,5,0,14.0,1.0,1.0,2.0,136.81,False,True,False,False,False,False,False,True,True,False,True,False,False,False,False,True
0.0,1,10.0,3.0,3,5,2,0,19.0,1.0,1.0,0.0,129.73,False,True,True,False,False,False,False,False,True,False,False,True,False,False,False,True
8.0,3,13.0,2.0,3,1,2,1,11.0,1.0,1.0,9.0,152.04,True,False,False,False,False,True,False,False,False,False,True,False,False,False,True,False
6.0,3,14.0,4.0,4,2,6,0,13.0,2.0,2.0,3.0,217.04,True,False,False,False,False,False,True,False,True,False,True,False,False,False,False,False
16.0,3,33.0,4.0,4,4,7,0,15.0,4.0,2.0,9.0,260.25,False,False,False,False,False,False,True,False,False,True,False,False,False,False,True,False
9.0,3,19.0,3.0,3,4,2,0,13.0,0.0,1.0,0.0,120.33000000000001,False,False,False,False,False,True,False,False,False,False,False,True,False,False,True,False
10.0,1,30.0,3.0,2,1,6,0,18.0,1.0,2.0,4.0,150.71,False,False,False,False,True,False,False,False,True,False,True,False,False,False,True,False
14.0,3,10.0,3.0,5,3,3,1,15.0,1.0,2.0,3.0,151.83,True,False,False,False,False,False,True,False,True,False,False,False,True,False,False,False
19.0,1,35.0,3.0,5,4,3,0,15.0,4.0,9.0,7.0,292.04,True,False,False,True,False,False,False,False,False,True,False,False,False,False,False,True
1.0,3,11.0,2.0,3,5,1,0,18.0,0.0,1.0,3.0,184.63,True,False,False,False,True,False,False,False,True,False,True,False,False,False,False,True
31.0,1,9.0,4.0,5,2,5,1,14.0,1.0,5.0,4.0,262.26,True,False,False,False,False,True,False,False,False,True,False,False,False,False,False,True
28.0,3,24.0,2.0,3,4,4,0,23.0,1.0,7.0,7.0,268.35,True,False,False,False,False,True,False,False,False,True,False,False,False,False,False,True
1.0,3,16.0,3.0,4,1,3,0,14.0,1.0,2.0,1.0,135.81,False,True,False,False,True,False,False,False,True,False,False,False,True,False,False,True
16.0,3,22.0,3.0,3,2,6,1,22.0,0.0,2.0,9.0,260.64,True,False,False,False,False,False,True,False,False,True,False,False,False,False,False,False
1.0,1,32.0,4.0,4,4,3,1,20.0,7.0,8.0,9.0,145.22,False,False,False,False,False,True,False,False,False,False,False,False,True,False,True,False
12.0,3,30.0,2.0,4,1,1,0,11.0,1.0,9.0,3.0,220.31,True,False,False,False,False,False,True,False,False,True,False,False,False,False,True,False
1.0,1,31.0,3.0,5,3,7,1,15.0,1.0,2.0,4.0,145.28,False,True,False,False,False,True,False,False,True,False,False,False,True,False,False,True
27.0,1,7.0,2.0,3,1,7,0,19.0,1.0,12.0,7.0,273.28,True,False,False,False,True,False,False,False,False,True,False,False,False,False,False,True
22.0,3,8.0,3.0,4,4,3,0,14.0,1.0,1.0,8.0,153.9,False,False,False,False,True,False,False,False,True,False,True,False,False,False,True,False
18.0,1,14.0,3.0,5,1,5,0,15.0,1.0,6.0,3.0,227.48,True,False,False,False,True,False,False,False,False,False,False,False,False,False,True,False
2.0,1,7.0,3.0,4,3,2,1,12.0,1.0,2.0,3.0,146.54,False,False,False,False,True,False,False,False,True,False,False,False,True,False,False,True
0.0,3,14.0,2.0,4,4,2,1,18.0,0.0,1.0,0.0,124.13,False,True,False,False,False,False,True,False,True,False,False,True,False,False,True,False
8.0,1,17.0,3.0,2,1,3,0,14.0,4.0,8.0,3.0,172.24,False,False,False,False,False,True,False,False,True,False,True,False,False,False,True,False
5.0,1,11.0,3.0,4,4,4,0,12.0,1.0,2.0,5.0,158.78,True,False,False,False,False,True,False,False,False,False,True,False,False,False,True,False
15.0,3,8.0,2.0,5,1,2,0,15.0,3.0,6.0,9.0,298.45,True,False,False,False,False,False,True,False,False,False,False,False,False,True,True,False
9.0,3,6.0,2.0,3,2,2,1,14.0,2.0,4.0,11.0,162.01,True,False,False,False,False,True,False,False,True,False,True,False,False,False,False,False
17.0,1,26.0,2.0,3,4,2,0,13.0,1.0,1.0,3.0,134.2,False,True,False,False,False,True,False,False,True,False,False,True,False,False,False,True
17.0,1,10.0,3.0,1,5,2,0,14.0,1.0,14.0,13.0,291.9,True,False,False,False,False,True,False,False,True,False,False,False,False,True,True,False
10.0,1,6.0,3.0,3,4,7,0,12.0,3.0,4.0,3.0,164.47,True,False,False,False,False,True,False,False,False,False,True,False,False,False,False,False
9.0,1,15.0,3.0,3,2,2,0,23.0,1.0,1.0,4.0,120.69999999999999,False,True,False,False,False,False,False,False,True,False,False,True,False,False,False,False
0.0,1,11.0,2.0,2,5,2,0,12.0,1.0,1.0,5.0,140.0,False,False,False,False,False,True,False,False,True,False,True,False,False,False,True,False
13.0,3,13.0,2.0,3,4,2,0,15.0,1.0,12.0,8.0,298.33,True,False,False,False,True,False,False,False,True,False,False,False,False,True,False,True
18.0,1,8.0,3.0,4,2,10,0,23.0,1.0,11.0,8.0,267.92,False,False,False,False,True,False,False,False,True,True,False,False,False,False,False,False
19.0,1,8.0,4.0,5,3,5,0,24.0,5.0,2.0,5.0,232.48000000000002,False,False,False,False,False,True,False,False,True,False,False,False,False,False,True,False
13.0,1,15.0,2.0,3,4,9,1,14.0,0.0,1.0,0.0,136.17,False,False,False,False,True,False,False,False,True,False,False,False,True,False,True,False
1.0,1,13.0,4.0,4,3,2,0,21.0,3.0,3.0,3.0,152.73,True,False,False,False,True,False,False,False,True,False,False,False,True,False,False,False
22.0,1,27.0,3.0,4,3,6,0,18.0,2.0,2.0,1.0,147.59,False,True,False,False,True,False,False,False,True,False,False,False,True,False,True,False
5.0,1,12.0,3.0,3,3,4,0,20.0,0.0,1.0,4.0,130.38,False,True,False,False,False,True,False,False,True,False,False,True,False,False,False,True
1.0,1,7.0,3.0,5,5,3,0,17.0,2.0,2.0,4.0,164.55,True,False,False,False,True,False,False,False,True,False,False,False,True,False,True,False
20.0,1,20.0,3.0,4,4,8,0,15.0,2.0,2.0,10.0,180.62,True,False,False,False,False,True,False,False,True,False,True,False,False,False,False,True
25.0,1,12.0,3.0,3,5,4,1,12.0,2.0,6.0,9.0,155.77,True,False,True,False,False,False,False,False,True,False,True,False,False,False,True,False
13.0,1,8.0,3.0,4,3,7,0,22.0,1.0,1.0,0.0,134.48,False,True,False,False,False,False,False,False,False,False,True,False,False,False,True,False
9.0,1,29.0,2.0,3,1,10,0,16.0,0.0,1.0,2.0,122.00999999999999,False,True,False,False,False,True,False,False,True,False,False,True,False,False,False,True
20.0,1,14.0,4.0,4,3,8,0,14.0,1.0,2.0,8.0,233.45,True,False,False,False,True,False,False,False,True,False,False,False,False,False,True,False
1.0,1,13.0,4.0,5,3,2,0,13.0,2.0,2.0,4.0,146.87,False,True,False,False,True,False,False,False,False,False,False,False,True,False,True,False
1.0,3,15.0,3.0,3,4,2,0,23.0,1.0,2.0,3.0,173.51,True,False,False,False,False,True,False,False,True,False,True,False,False,False,False,False
2.0,3,7.0,3.0,5,1,3,1,13.0,1.0,2.0,8.0,193.34,False,False,False,False,False,True,False,False,True,False,True,False,False,False,True,False
4.0,1,16.0,2.0,3,3,5,0,20.0,3.0,4.0,3.0,210.31,False,False,False,False,True,False,False,False,False,False,False,False,False,False,True,False
15.0,1,10.0,2.0,3,2,2,0,15.0,0.0,11.0,15.0,292.32,True,False,False,True,False,False,False,False,True,False,False,False,False,True,False,False
9.0,3,8.0,3.0,3,3,7,0,18.0,1.0,1.0,2.0,122.31,False,False,False,False,False,False,True,False,False,False,False,True,False,False,False,False
26.0,1,26.0,3.0,4,2,2,0,19.0,2.0,2.0,3.0,167.58,False,False,False,False,True,False,False,False,True,False,False,False,True,False,False,False
0.0,1,6.0,2.0,4,5,2,0,16.0,0.0,1.0,3.0,139.55,False,True,False,False,True,False,False,False,True,False,False,False,True,False,False,False
8.0,3,11.0,4.0,4,1,4,1,14.0,1.0,2.0,3.0,222.13,True,False,False,False,False,True,False,False,True,False,False,False,False,False,True,False
14.0,1,9.0,3.0,5,2,2,1,21.0,3.0,3.0,4.0,148.42,False,True,False,False,True,False,False,False,False,False,False,False,True,False,False,True
8.0,3,22.0,4.0,4,5,3,0,13.0,5.0,10.0,7.0,186.25,True,False,False,False,True,False,False,False,False,False,True,False,False,False,False,True
5.0,3,27.0,3.0,4,3,3,0,14.0,2.0,2.0,1.0,194.32,False,False,False,False,False,False,True,False,False,False,True,False,False,False,False,False
1.0,1,25.0,4.0,4,2,3,0,20.0,2.0,2.0,1.0,151.93,True,False,False,False,False,False,False,True,False,False,False,False,True,False,False,True
0.0,1,10.0,2.0,4,1,1,0,17.0,0.0,3.0,4.0,131.62,False,False,False,False,False,True,False,False,True,False,False,True,False,False,True,False
0.0,3,26.0,2.0,3,3,2,0,14.0,1.0,1.0,7.0,199.81,False,False,False,False,False,True,False,False,False,False,True,False,False,False,False,True
1.0,3,13.0,3.0,6,3,2,0,17.0,2.0,2.0,1.0,148.51,False,False,False,False,False,False,True,False,False,False,False,False,True,False,True,False
1.0,1,23.0,3.0,6,5,3,1,24.0,1.0,4.0,1.0,148.07,False,False,True,False,False,False,False,False,True,False,False,False,True,False,True,False
17.0,1,30.0,2.0,5,3,3,0,14.0,0.0,1.0,4.0,137.08,False,False,False,False,True,False,False,False,True,False,False,False,True,False,False,True
6.0,1,10.0,4.0,4,5,3,0,13.0,2.0,7.0,4.0,192.25,True,False,False,False,True,False,False,False,False,False,True,False,False,False,True,False
10.0,1,9.0,4.0,4,3,6,0,14.0,2.0,3.0,3.0,150.43,True,False,False,False,False,True,False,False,False,False,False,False,True,False,False,False
2.0,1,9.0,3.0,4,4,6,0,12.0,1.0,2.0,5.0,173.55,True,False,False,False,True,False,False,False,True,False,True,False,False,False,True,False
9.0,1,7.0,2.0,3,1,2,0,11.0,0.0,1.0,3.0,120.44,False,True,False,False,False,True,False,False,True,False,False,True,False,False,True,False
21.0,1,8.0,4.0,4,1,9,0,13.0,2.0,2.0,3.0,159.2,True,False,True,False,False,False,False,False,True,False,False,False,True,False,True,False
18.0,3,10.0,1.0,3,5,5,1,11.0,0.0,1.0,3.0,150.06,True,False,False,False,False,True,False,False,False,False,True,False,False,False,True,False
1.0,1,16.0,3.0,4,5,4,1,12.0,1.0,2.0,1.0,156.72,False,False,False,False,True,False,False,False,True,False,False,False,True,False,False,True
8.0,3,10.0,3.0,6,5,5,0,19.0,3.0,4.0,13.0,172.59,True,False,False,False,False,False,False,True,True,False,True,False,False,False,False,True
16.0,1,28.0,3.0,4,3,4,0,17.0,1.0,2.0,3.0,177.65,False,False,False,False,True,False,False,False,False,False,True,False,False,False,True,False
7.0,3,15.0,3.0,5,1,2,0,20.0,1.0,3.0,3.0,148.42,False,False,False,False,False,True,False,False,False,False,False,False,True,False,False,True
15.0,1,15.0,3.0,3,1,2,0,13.0,4.0,5.0,8.0,136.73,False,False,False,False,True,False,False,False,False,False,False,False,True,False,False,True
15.0,1,16.0,4.0,4,5,4,0,22.0,1.0,2.0,5.0,147.38,False,True,False,False,False,True,False,False,True,False,False,False,True,False,True,False
0.0,3,30.0,3.0,5,2,2,1,14.0,1.0,1.0,0.0,111.18,False,False,False,False,False,True,False,False,True,False,False,False,True,False,False,True
15.0,1,29.0,2.0,3,1,3,0,14.0,0.0,2.0,0.0,259.92,True,False,False,False,False,True,False,False,False,True,False,False,False,False,False,True
10.0,1,10.0,2.0,4,4,6,0,13.0,5.0,8.0,3.0,145.88,False,False,False,False,True,False,False,False,True,False,False,False,True,False,False,True
13.0,3,18.0,3.0,4,2,3,0,19.0,1.0,8.0,8.0,201.54,True,False,False,False,False,False,True,False,False,False,False,False,False,False,False,False
8.0,1,17.0,4.0,5,3,3,0,15.0,3.0,8.0,8.0,175.63,False,False,True,False,False,False,False,False,True,False,True,False,False,False,True,False
0.0,1,15.0,3.0,3,5,5,0,17.0,0.0,1.0,7.0,153.46,False,False,False,False,False,True,False,False,True,False,True,False,False,False,True,False
9.0,3,13.0,2.0,3,3,1,1,25.0,0.0,5.0,7.0,123.08000000000001,False,True,True,False,False,False,False,False,True,False,False,True,False,False,True,False
15.0,3,14.0,2.0,3,4,1,0,11.0,2.0,4.0,2.0,168.25,True,False,False,False,False,False,True,False,True,False,True,False,False,False,True,False
1.0,1,24.0,4.0,4,4,3,0,14.0,2.0,2.0,1.0,147.1,False,True,False,False,False,True,False,False,False,False,False,False,True,False,True,False
1.0,1,27.0,3.0,3,1,2,0,11.0,0.0,1.0,2.0,127.13,False,True,False,False,False,False,False,False,True,False,False,True,False,False,True,False
1.0,3,16.0,3.0,6,4,3,0,14.0,2.0,3.0,3.0,152.6,True,False,False,False,False,False,True,False,False,False,False,False,True,False,False,True
11.0,1,11.0,3.0,4,3,9,1,16.0,2.0,2.0,4.0,154.96,True,False,False,False,False,True,False,False,True,False,False,False,True,False,False,False
7.0,3,9.0,4.0,4,1,3,0,15.0,2.0,2.0,5.0,180.05,True,False,False,False,True,False,False,False,True,False,True,False,False,False,True,False
12.0,1,16.0,3.0,3,3,8,0,21.0,2.0,2.0,2.0,234.64,True,False,False,False,True,False,False,False,True,False,False,False,False,False,False,True
10.0,3,16.0,2.0,4,2,3,1,14.0,0.0,1.0,0.0,166.94,True,False,False,False,False,True,False,False,False,False,True,False,False,False,True,False
10.0,3,17.0,4.0,5,3,3,1,14.0,2.0,2.0,8.0,181.73,True,False,True,False,False,False,False,False,False,False,True,False,False,False,True,False
10.0,3,15.0,4.0,5,5,3,0,16.0,1.0,2.0,10.0,200.87,False,False,False,False,False,True,False,False,True,False,False,False,False,False,False,True
24.0,1,36.0,3.0,5,3,2,0,15.0,16.0,16.0,8.0,295.46,True,False,False,False,False,True,False,False,True,True,False,False,False,False,True,False
3.0,3,17.0,3.0,5,3,11,0,12.0,2.0,2.0,5.0,183.69,True,False,False,False,True,False,False,False,True,False,True,False,False,False,False,True
0.0,3,6.0,3.0,3,3,4,0,15.0,1.0,1.0,2.0,129.09,False,False,True,False,False,False,False,False,True,False,False,True,False,False,False,False
9.0,3,12.0,2.0,3,3,3,1,20.0,0.0,4.0,5.0,123.06,False,True,False,False,False,False,True,False,True,False,True,False,False,False,False,False
13.0,3,8.0,2.0,3,4,8,0,12.0,0.0,1.0,3.0,157.15,True,False,False,False,False,False,True,False,False,False,True,False,False,False,True,False
5.0,1,35.0,3.0,3,3,10,0,12.0,6.0,7.0,7.0,140.25,False,False,False,False,True,False,False,False,False,False,False,False,True,False,False,True
19.0,3,10.0,2.0,4,4,3,0,14.0,1.0,1.0,8.0,287.89,True,False,False,False,False,False,True,False,False,False,False,False,False,True,True,False
0.0,1,14.0,2.0,4,4,2,0,15.0,0.0,1.0,0.0,125.96000000000001,False,False,False,False,False,False,False,False,True,False,False,True,False,False,True,False
1.0,3,16.0,3.0,4,2,3,1,15.0,1.0,2.0,3.0,148.23,False,False,False,False,False,False,True,False,False,False,False,False,True,False,False,True
11.0,3,26.0,3.0,4,4,3,1,14.0,1.0,2.0,10.0,201.42,False,False,False,False,True,False,False,False,True,False,False,False,False,False,False,True
12.0,1,8.0,3.0,4,3,2,0,11.0,1.0,11.0,10.0,145.53,False,True,True,False,False,False,False,False,False,False,True,False,False,False,False,True
13.0,1,30.0,3.0,3,2,2,0,17.0,2.0,4.0,7.0,133.19,False,True,True,False,False,False,False,False,True,False,True,False,False,False,True,False
9.0,1,7.0,2.0,3,3,1,1,11.0,1.0,1.0,2.0,121.53999999999999,False,False,False,False,False,False,False,False,True,False,False,True,False,False,False,True
5.0,1,14.0,3.0,4,1,3,1,15.0,5.0,5.0,11.0,196.43,True,False,False,False,True,False,False,False,False,False,False,False,False,False,False,True
20.0,1,10.0,3.0,4,4,9,1,12.0,5.0,14.0,10.0,203.33,True,False,False,False,False,True,False,False,False,False,False,False,False,False,True,False
6.0,3,15.0,3.0,2,2,3,0,16.0,1.0,2.0,9.0,187.09,True,False,False,False,True,False,False,False,True,False,True,False,False,False,False,False
0.0,1,9.0,3.0,4,1,1,1,11.0,0.0,1.0,0.0,128.53,False,False,False,False,False,True,False,False,True,False,False,True,False,False,True,False
11.0,3,9.0,3.0,3,3,1,0,12.0,1.0,5.0,13.0,206.08999999999997,True,False,False,False,False,True,False,False,True,False,False,False,False,False,True,False
24.0,1,17.0,4.0,5,1,8,0,16.0,2.0,2.0,3.0,229.96,True,False,False,True,False,False,False,False,True,False,False,False,False,False,False,True
12.0,1,36.0,3.0,4,1,3,0,12.0,7.0,10.0,10.0,149.06,False,False,False,False,False,True,False,False,False,False,True,False,False,False,False,True
14.0,1,14.0,2.0,3,3,5,0,12.0,1.0,1.0,8.0,124.50999999999999,False,True,False,False,False,True,False,False,True,False,False,True,False,False,True,False
0.0,3,18.0,2.0,3,1,4,1,24.0,3.0,6.0,7.0,145.81,False,False,False,False,False,False,False,True,True,False,True,False,False,False,False,True
5.0,3,8.0,3.0,3,5,2,0,12.0,1.0,1.0,0.0,128.27,False,False,False,False,False,True,False,False,False,False,False,True,False,False,True,False
27.0,3,8.0,2.0,4,3,7,0,11.0,6.0,7.0,0.0,206.86,True,False,False,False,False,True,False,False,False,False,False,False,False,False,False,False
8.0,1,17.0,4.0,5,3,3,0,15.0,2.0,8.0,8.0,175.63,False,False,True,False,False,False,False,False,True,False,True,False,False,False,True,False
27.0,1,6.0,2.0,3,2,7,0,19.0,1.0,12.0,7.0,273.28,True,False,False,False,True,False,False,False,False,True,False,False,False,False,False,True
0.0,3,22.0,3.0,3,5,3,1,20.0,0.0,1.0,0.0,185.64,True,False,False,False,False,True,False,False,False,False,False,False,False,False,False,True
9.0,2,19.0,2.0,3,4,4,0,13.0,1.0,1.0,4.0,121.43,False,True,False,False,False,False,False,True,True,False,False,True,False,False,False,False
17.0,3,11.0,3.0,5,2,5,0,15.0,11.0,16.0,3.0,227.31,True,False,False,False,False,False,True,False,False,False,False,False,False,False,False,True
13.0,3,16.0,3.0,4,4,3,0,12.0,1.0,1.0,0.0,197.05,True,False,False,False,False,False,True,False,True,False,False,False,False,False,True,False
11.0,1,32.0,4.0,4,3,5,1,16.0,4.0,11.0,8.0,169.49,False,False,False,False,True,False,False,False,False,False,True,False,False,False,False,False
13.0,3,9.0,3.0,2,3,2,0,19.0,2.0,2.0,8.0,203.8,True,False,False,False,False,True,False,False,True,False,False,False,False,False,False,True
22.0,1,24.0,3.0,3,2,2,1,15.0,0.0,1.0,7.0,168.04,False,False,False,False,False,True,False,False,True,False,True,False,False,False,True,False
23.0,3,18.0,4.0,4,1,5,0,13.0,1.0,2.0,5.0,170.07,True,False,False,False,False,False,True,False,False,False,True,False,False,False,False,True
1.0,3,31.0,4.0,6,1,3,1,15.0,2.0,2.0,1.0,136.18,False,False,False,False,False,True,False,False,True,False,False,False,True,False,False,True
9.0,1,13.0,2.0,4,4,2,0,12.0,0.0,1.0,1.0,121.41,False,True,False,False,False,False,False,False,True,False,False,True,False,False,True,False
5.0,1,14.0,3.0,5,3,3,0,25.0,8.0,9.0,3.0,214.43,False,False,False,False,False,True,False,False,False,False,False,False,False,False,True,False
9.0,1,33.0,3.0,3,4,3,0,15.0,1.0,1.0,2.0,123.11000000000001,False,True,False,False,False,False,False,False,False,False,False,True,False,False,False,True
16.0,1,30.0,3.0,4,2,4,0,15.0,1.0,2.0,1.0,284.92,True,False,False,False,False,True,False,False,False,True,False,False,False,False,False,True
7.0,3,7.0,2.0,3,1,2,0,21.0,2.0,2.0,1.0,198.88,True,False,False,False,False,False,True,False,True,False,False,False,False,False,False,True
17.0,3,34.0,2.0,1,1,4,1,18.0,4.0,2.0,11.0,233.2,True,False,False,False,True,False,False,False,False,True,False,False,False,False,True,False
10.0,1,16.0,4.0,2,4,3,0,23.0,2.0,2.0,3.0,153.1,False,False,False,False,False,True,False,False,True,False,False,False,True,False,True,False
18.0,3,8.0,4.0,4,3,9,0,13.0,1.0,2.0,1.0,172.68,False,False,False,False,False,False,True,False,False,False,True,False,False,False,True,False
9.0,1,7.0,4.0,5,5,3,0,20.0,1.0,2.0,3.0,149.5,False,True,False,False,True,False,False,False,True,False,False,False,True,False,False,True
1.0,3,16.0,3.0,4,5,3,0,12.0,1.0,2.0,3.0,152.28,True,False,False,False,False,True,False,False,True,False,False,False,True,False,False,True
29.0,1,9.0,3.0,6,3,6,0,15.0,6.0,10.0,12.0,316.87,True,False,False,False,True,False,False,False,False,False,False,False,False,True,False,False
1.0,2,27.0,4.0,4,4,2,1,12.0,1.0,2.0,5.0,146.48,False,True,False,False,True,False,False,False,False,False,False,False,True,False,True,False
15.0,3,11.0,3.0,4,3,2,1,14.0,1.0,14.0,3.0,229.47,True,False,False,False,False,False,True,False,False,False,False,False,False,False,True,False
4.0,1,16.0,3.0,5,3,3,0,14.0,1.0,2.0,9.0,147.06,False,True,False,False,True,False,False,False,True,False,False,False,True,False,False,True
9.0,1,9.0,3.0,4,4,7,0,12.0,1.0,2.0,3.0,169.25,False,False,False,False,True,False,False,False,False,False,True,False,False,False,False,True
2.0,1,33.0,3.0,3,3,5,0,12.0,0.0,1.0,1.0,143.35,False,True,False,False,True,False,False,False,False,False,True,False,False,False,True,False
1.0,1,9.0,4.0,4,4,3,0,13.0,2.0,2.0,1.0,138.93,False,True,False,False,False,True,False,False,True,False,False,False,True,False,False,True
8.0,1,29.0,1.0,3,5,4,1,15.0,0.0,2.0,2.0,140.14,False,True,False,False,True,False,False,False,False,False,False,False,True,False,True,False
14.0,3,6.0,2.0,2,5,2,0,16.0,1.0,1.0,7.0,183.92,True,False,False,False,False,False,True,False,True,False,False,False,False,False,False,False
9.0,1,15.0,4.0,3,4,2,0,16.0,0.0,1.0,3.0,122.78999999999999,False,True,False,False,False,False,False,False,False,False,False,True,False,False,False,True
2.0,1,34.0,3.0,4,5,2,0,14.0,0.0,1.0,4.0,137.85,False,True,False,False,True,False,False,False,False,False,False,False,True,False,False,True
4.0,3,13.0,3.0,3,5,3,0,14.0,2.0,2.0,2.0,196.37,False,False,False,False,False,False,True,False,False,False,False,False,False,False,True,False
10.0,1,13.0,3.0,6,3,3,0,15.0,2.0,2.0,8.0,152.41,True,False,False,False,False,True,False,False,True,False,False,False,True,False,True,False
9.0,1,28.0,2.0,3,3,5,1,11.0,0.0,1.0,1.0,121.32,False,True,False,False,False,True,False,False,False,False,False,True,False,False,True,False
12.0,2,9.0,2.0,2,4,10,0,15.0,3.0,3.0,6.0,163.89,True,False,False,False,False,False,False,True,False,False,True,False,False,False,False,False
17.0,1,22.0,4.0,5,3,3,0,15.0,3.0,7.0,12.0,301.03,True,False,False,False,False,True,False,False,True,True,False,False,False,False,True,False
5.0,3,9.0,3.0,4,3,2,0,20.0,2.0,2.0,3.0,155.67,True,False,False,False,False,True,False,False,True,False,False,False,True,False,True,False
30.0,2,8.0,2.0,4,1,10,0,21.0,1.0,2.0,2.0,288.44,False,False,False,False,False,False,False,True,False,False,False,False,False,True,True,False
29.0,1,9.0,3.0,5,5,10,0,15.0,2.0,2.0,1.0,315.38,True,False,False,False,True,False,False,False,True,False,False,False,False,True,True,False
7.0,1,7.0,3.0,5,2,2,0,15.0,1.0,2.0,5.0,194.49,True,False,False,False,False,True,False,False,False,False,True,False,False,False,False,True
22.0,1,24.0,3.0,3,1,2,1,15.0,0.0,1.0,7.0,168.04,False,False,False,False,False,True,False,False,True,False,True,False,False,False,True,False
30.0,1,16.0,4.0,4,3,4,0,20.0,1.0,2.0,4.0,154.42,False,False,False,False,True,False,False,False,False,False,False,False,True,False,False,False
9.0,1,7.0,2.0,3,3,2,0,22.0,1.0,1.0,1.0,112.22999999999999,True,False,False,False,False,True,False,False,True,False,False,False,True,False,True,False
4.0,3,26.0,2.0,3,3,2,0,13.0,1.0,1.0,0.0,169.32,False,False,False,False,False,False,True,False,False,False,True,False,False,False,True,False
30.0,1,7.0,3.0,5,1,4,0,20.0,1.0,1.0,0.0,208.82999999999998,True,False,False,False,True,False,False,False,True,False,False,False,False,False,True,False
12.0,1,6.0,3.0,3,1,2,1,15.0,3.0,5.0,8.0,164.72,False,False,False,False,False,True,False,False,True,False,True,False,False,False,True,False
0.0,3,15.0,2.0,3,1,2,0,13.0,0.0,1.0,0.0,110.81,True,False,False,False,True,False,False,False,True,False,False,False,True,False,False,True
31.0,1,7.0,3.0,4,3,4,0,12.0,1.0,2.0,3.0,192.55,True,False,False,False,True,False,False,False,True,False,True,False,False,False,True,False
17.0,3,31.0,4.0,4,5,8,1,14.0,3.0,3.0,3.0,229.48,True,False,False,False,False,True,False,False,True,False,False,False,False,False,False,True
8.0,3,20.0,3.0,4,3,3,0,19.0,1.0,2.0,3.0,211.28,True,False,False,False,True,False,False,False,True,False,False,False,False,False,True,False
9.0,1,15.0,2.0,3,4,2,0,16.0,1.0,1.0,3.0,122.78999999999999,False,True,False,False,False,False,False,False,False,False,False,True,False,False,False,True
5.0,1,18.0,3.0,4,1,5,1,20.0,1.0,2.0,3.0,148.56,False,True,False,False,False,True,False,False,True,False,False,False,True,False,True,False
9.0,1,14.0,3.0,5,5,2,1,11.0,0.0,1.0,7.0,121.19,False,True,False,False,False,False,False,True,True,False,False,True,False,False,True,False
3.0,1,15.0,3.0,3,3,8,1,18.0,0.0,1.0,7.0,146.95,False,False,False,False,True,False,False,False,False,False,True,False,False,False,False,True
6.0,1,15.0,3.0,3,2,1,0,13.0,1.0,4.0,10.0,127.81,False,True,False,False,False,False,False,False,True,False,False,True,False,False,False,False
11.0,1,8.0,3.0,3,3,7,1,13.0,0.0,1.0,1.0,130.57,False,True,False,False,False,False,False,False,True,False,False,True,False,False,False,False
4.0,3,11.0,3.0,3,4,2,0,11.0,0.0,2.0,2.0,127.88999999999999,False,False,False,False,False,False,True,False,False,False,False,True,False,False,True,False
5.0,3,10.0,2.0,3,4,3,0,11.0,1.0,1.0,2.0,139.31,False,True,False,False,False,True,False,False,False,False,False,False,True,False,True,False
11.0,1,12.0,2.0,4,3,2,0,11.0,1.0,1.0,4.0,137.02,False,True,False,False,False,False,False,True,False,False,False,False,True,False,True,False
2.0,3,5.0,2.0,3,2,1,0,19.0,0.0,1.0,1.0,143.42,False,False,False,False,False,False,True,False,True,False,True,False,False,False,False,False
0.0,1,14.0,2.0,4,1,2,1,13.0,0.0,1.0,1.0,123.88999999999999,False,True,False,False,False,False,False,False,True,False,False,True,False,False,False,True
19.0,1,7.0,4.0,5,3,5,0,24.0,4.0,2.0,5.0,232.48000000000002,False,False,False,False,False,True,False,False,True,False,False,False,False,False,True,False
12.0,1,17.0,4.0,4,3,2,0,18.0,1.0,2.0,3.0,151.84,False,False,False,False,True,False,False,False,True,False,False,False,True,False,False,False
1.0,3,8.0,2.0,3,4,2,1,20.0,6.0,7.0,5.0,147.79,False,True,False,False,False,False,True,False,False,False,True,False,False,False,True,False
1.0,1,9.0,3.0,5,2,3,0,23.0,1.0,2.0,1.0,136.02,False,True,False,False,False,True,False,False,True,False,False,False,True,False,False,True
24.0,3,19.0,4.0,4,1,6,0,12.0,2.0,3.0,3.0,217.08,False,False,False,False,False,False,True,False,False,False,False,False,False,False,False,True
9.0,1,23.0,3.0,5,4,2,1,12.0,2.0,2.0,3.0,172.88,True,False,False,False,False,False,False,True,False,False,True,False,False,False,True,False
13.0,1,16.0,4.0,4,4,11,0,16.0,2.0,2.0,4.0,192.82,False,False,False,False,False,True,False,False,True,False,True,False,False,False,False,True
9.0,3,16.0,2.0,3,3,2,1,19.0,0.0,1.0,0.0,122.19999999999999,False,True,False,False,False,True,False,False,False,False,False,True,False,False,True,False
9.0,1,12.0,3.0,1,5,4,1,13.0,1.0,1.0,2.0,155.62,False,False,False,False,False,True,False,False,True,False,True,False,False,False,True,False
23.0,3,15.0,3.0,5,4,8,0,18.0,2.0,2.0,4.0,256.2,True,False,False,True,False,False,False,False,True,True,False,False,False,False,False,False
0.0,1,14.0,3.0,3,3,2,0,12.0,1.0,2.0,2.0,126.1,False,False,False,False,False,False,False,False,True,False,False,True,False,False,True,False
1.0,1,10.0,3.0,4,3,3,0,13.0,7.0,8.0,8.0,165.84,False,False,False,False,False,True,False,False,False,False,False,False,True,False,False,True
17.0,1,17.0,3.0,4,1,2,0,20.0,1.0,2.0,8.0,149.55,False,False,False,False,False,True,False,False,False,False,False,False,True,False,False,True
10.0,1,10.0,3.0,4,4,3,0,13.0,2.0,2.0,8.0,161.92,False,False,True,False,False,False,False,False,True,False,False,False,True,False,False,False
20.0,1,9.0,3.0,4,3,8,0,15.0,1.0,2.0,2.0,303.61,True,False,False,False,False,True,False,False,True,True,False,False,False,False,False,False
14.0,3,7.0,3.0,6,1,4,1,23.0,2.0,2.0,3.0,199.57,True,False,False,False,True,False,False,False,True,False,True,False,False,False,True,False
2.0,1,22.0,3.0,4,3,3,0,17.0,3.0,3.0,3.0,147.07,False,True,False,False,False,True,False,False,True,False,False,False,True,False,True,False
1.0,3,11.0,3.0,6,1,3,0,12.0,7.0,10.0,3.0,229.0,True,False,False,False,True,False,False,False,True,False,False,False,False,False,True,False
5.0,3,6.0,2.0,3,1,2,0,19.0,3.0,5.0,7.0,204.22,True,False,False,False,False,False,True,False,False,False,False,False,False,False,True,False
9.0,3,25.0,3.0,4,3,3,0,17.0,2.0,2.0,1.0,171.01,True,False,False,False,True,False,False,False,False,False,True,False,False,False,True,False
1.0,1,7.0,4.0,6,4,9,1,14.0,2.0,4.0,8.0,147.16,False,True,False,False,False,True,False,False,False,False,False,False,True,False,False,True
1.0,2,13.0,4.0,4,5,6,1,23.0,2.0,2.0,3.0,145.73,False,True,False,False,False,False,False,True,True,False,False,False,True,False,True,False
7.0,1,8.0,3.0,3,1,2,0,11.0,4.0,4.0,11.0,166.87,True,False,True,False,False,False,False,False,False,False,True,False,False,False,False,True
13.0,1,10.0,2.0,3,3,2,0,14.0,1.0,9.0,9.0,290.33,True,False,False,False,True,False,False,False,False,False,False,False,False,True,False,False
15.0,1,15.0,3.0,6,2,4,0,16.0,1.0,2.0,4.0,231.5,False,False,False,False,False,True,False,False,True,False,False,False,False,False,False,True
9.0,1,8.0,4.0,6,1,3,0,13.0,2.0,2.0,2.0,154.77,True,False,False,False,False,True,False,False,False,False,False,False,True,False,True,False
24.0,3,20.0,2.0,3,2,5,0,11.0,0.0,1.0,7.0,149.36,False,True,False,False,False,True,False,False,False,False,True,False,False,False,False,False
5.0,1,9.0,2.0,3,2,4,0,15.0,3.0,7.0,3.0,211.58999999999997,True,False,False,False,False,True,False,False,False,False,False,False,False,False,False,True
9.0,1,24.0,3.0,3,1,3,0,20.0,0.0,1.0,9.0,177.79,False,False,False,False,False,True,False,False,True,False,True,False,False,False,False,True
19.0,1,7.0,3.0,4,3,6,0,13.0,2.0,2.0,4.0,178.99,False,False,False,False,True,False,False,False,True,False,True,False,False,False,False,True
8.0,3,24.0,3.0,3,5,1,0,16.0,1.0,1.0,4.0,155.61,True,False,False,False,True,False,False,False,True,False,True,False,False,False,True,False
13.0,3,18.0,3.0,4,1,3,0,19.0,1.0,8.0,8.0,201.54,True,False,False,False,False,False,True,False,False,False,False,False,False,False,True,False
16.0,3,9.0,3.0,6,2,3,0,16.0,6.0,7.0,10.0,323.45,True,False,False,False,False,False,True,False,False,False,False,False,False,True,False,False
3.0,1,30.0,3.0,2,3,3,0,25.0,2.0,2.0,8.0,152.0,True,False,False,False,False,True,False,False,True,False,False,False,True,False,False,False
13.0,2,10.0,3.0,3,4,11,0,16.0,4.0,4.0,7.0,188.89,True,False,False,False,False,False,False,True,False,False,True,False,False,False,False,False
10.0,1,8.0,3.0,4,1,6,0,14.0,1.0,1.0,0.0,151.63,False,False,False,False,False,True,False,False,True,False,True,False,False,False,True,False
7.0,3,9.0,2.0,5,1,6,0,12.0,2.0,2.0,2.0,160.29,True,False,False,False,False,True,False,False,False,False,True,False,False,False,False,True
3.0,2,15.0,2.0,3,1,1,1,19.0,4.0,4.0,7.0,163.47,True,False,False,False,False,False,False,True,True,False,True,False,False,False,True,False
1.0,2,20.0,3.0,5,5,6,1,16.0,3.0,3.0,1.0,148.35,False,True,False,False,False,False,False,True,True,False,False,False,True,False,True,False
12.0,1,10.0,2.0,3,3,1,0,13.0,3.0,3.0,8.0,150.42,False,False,False,False,True,False,False,False,False,False,True,False,False,False,False,True
1.0,1,31.0,3.0,5,3,7,1,15.0,1.0,2.0,4.0,145.28,False,True,False,False,False,True,False,False,True,False,False,False,True,False,False,True
1.0,1,7.0,4.0,4,3,2,0,13.0,2.0,2.0,3.0,173.98,True,False,False,False,False,True,False,False,False,False,True,False,False,False,False,False
5.0,1,14.0,3.0,4,5,3,0,13.0,4.0,4.0,13.0,168.06,True,False,False,False,True,False,False,False,False,False,True,False,False,False,True,False
9.0,1,21.0,3.0,3,1,2,0,14.0,1.0,1.0,0.0,112.32,True,False,False,False,False,True,False,False,True,False,False,False,True,False,False,True
14.0,1,16.0,3.0,4,5,5,0,13.0,1.0,7.0,7.0,271.81,False,False,False,False,False,True,False,False,True,True,False,False,False,False,True,False
0.0,3,19.0,2.0,3,5,3,0,17.0,0.0,1.0,2.0,142.33,False,True,False,False,True,False,False,False,True,False,True,False,False,False,True,False
7.0,1,8.0,2.0,4,5,7,0,13.0,0.0,5.0,9.0,159.57,True,False,False,False,False,True,False,False,True,False,True,False,False,False,True,False
13.0,1,31.0,3.0,4,1,9,0,14.0,2.0,2.0,8.0,166.08,True,False,False,False,False,True,False,False,True,False,True,False,False,False,False,True
12.0,1,32.0,3.0,5,4,5,0,18.0,2.0,2.0,2.0,245.61,True,False,False,False,False,True,False,False,False,False,False,False,False,False,False,False
1.0,1,9.0,3.0,5,1,3,0,23.0,2.0,2.0,1.0,136.02,False,True,False,False,False,True,False,False,True,False,False,False,True,False,False,True
10.0,3,14.0,3.0,2,5,4,0,17.0,6.0,7.0,14.0,171.39,False,False,False,False,False,False,True,False,False,False,True,False,False,False,False,False
9.0,1,15.0,3.0,3,5,2,0,20.0,0.0,1.0,4.0,122.88999999999999,False,True,False,False,False,True,False,False,True,False,False,True,False,False,True,False
9.0,3,16.0,3.0,4,3,2,0,12.0,0.0,1.0,0.0,112.0,True,False,False,False,True,False,False,False,False,False,False,False,True,False,False,True
6.0,3,16.0,2.0,1,3,1,1,14.0,1.0,1.0,8.0,183.8,True,False,False,False,False,False,True,False,True,False,False,False,False,False,True,False
1.0,3,7.0,3.0,5,5,3,0,13.0,2.0,2.0,8.0,167.94,False,False,False,False,True,False,False,False,True,False,True,False,False,False,False,True
1.0,3,11.0,3.0,3,1,2,0,14.0,0.0,1.0,2.0,149.08,False,True,False,False,True,False,False,False,True,False,True,False,False,False,False,True
8.0,1,15.0,3.0,4,3,2,1,20.0,2.0,5.0,15.0,206.85000000000002,True,False,False,False,False,True,False,False,False,False,False,False,False,False,False,False
9.0,3,8.0,3.0,3,3,7,0,18.0,0.0,1.0,2.0,122.31,False,False,False,False,False,False,True,False,False,False,False,True,False,False,True,False
11.0,1,10.0,2.0,3,3,8,0,19.0,0.0,1.0,0.0,133.06,False,True,False,False,False,False,False,False,False,False,False,True,False,False,True,False
11.0,1,14.0,2.0,1,3,2,0,11.0,0.0,1.0,3.0,126.1,False,False,False,False,False,True,False,False,True,False,False,True,False,False,True,False
4.0,1,14.0,3.0,4,3,3,0,14.0,9.0,9.0,10.0,159.91,True,False,False,False,False,True,False,False,True,False,True,False,False,False,True,False
15.0,1,23.0,2.0,1,5,4,1,13.0,1.0,1.0,2.0,165.45,True,False,False,False,False,True,False,False,False,False,True,False,False,False,False,True
0.0,1,14.0,2.0,1,3,4,1,14.0,0.0,1.0,3.0,124.32,False,False,False,False,False,True,False,False,False,False,False,True,False,False,False,True
4.0,3,23.0,4.0,4,3,10,0,16.0,1.0,3.0,3.0,178.01,True,False,False,False,False,True,False,False,True,False,True,False,False,False,False,False
6.0,1,10.0,2.0,4,4,9,0,11.0,1.0,1.0,2.0,138.38,False,True,False,False,True,False,False,False,False,False,False,False,True,False,True,False
6.0,1,11.0,3.0,4,2,2,0,13.0,0.0,1.0,2.0,129.11,False,True,False,False,False,True,False,False,False,False,False,True,False,False,False,False
4.0,1,30.0,4.0,6,3,3,0,26.0,1.0,2.0,10.0,151.13,False,False,False,False,False,True,False,False,True,False,False,False,True,False,True,False
8.0,1,26.0,3.0,5,1,3,0,13.0,4.0,9.0,8.0,154.29,True,False,False,False,False,True,False,False,False,False,False,False,True,False,True,False
9.0,1,8.0,3.0,1,1,2,0,13.0,1.0,7.0,7.0,120.11000000000001,True,False,False,False,False,True,False,False,False,False,False,True,False,False,True,False
7.0,3,14.0,3.0,3,5,6,0,17.0,1.0,1.0,2.0,165.0,True,False,False,False,False,True,False,False,False,False,True,False,False,False,True,False
0.0,1,6.0,2.0,4,5,2,0,16.0,1.0,1.0,3.0,139.55,False,True,False,False,True,False,False,False,True,False,False,False,True,False,True,False
23.0,1,13.0,3.0,5,3,4,1,20.0,1.0,3.0,13.0,264.66,True,False,False,False,False,True,False,False,False,True,False,False,False,False,True,False
10.0,1,6.0,2.0,4,2,2,0,13.0,3.0,3.0,11.0,164.74,True,False,False,False,False,True,False,False,False,False,True,False,False,False,False,False
7.0,3,16.0,3.0,6,3,10,0,14.0,1.0,2.0,4.0,178.46,True,False,False,False,False,False,True,False,False,False,True,False,False,False,False,True
1.0,1,32.0,3.0,2,1,3,1,13.0,1.0,2.0,2.0,154.94,True,False,False,False,False,True,False,False,False,False,False,False,True,False,False,True
8.0,3,36.0,3.0,4,4,5,0,13.0,2.0,2.0,3.0,217.5,True,False,False,True,False,False,False,False,True,False,False,False,False,False,True,False
1.0,3,10.0,4.0,4,1,3,1,13.0,1.0,2.0,1.0,140.69,False,False,False,False,True,False,False,False,False,False,False,False,True,False,False,True
20.0,1,25.0,3.0,4,3,7,0,12.0,1.0,2.0,3.0,230.27,False,False,False,False,True,False,False,False,False,False,False,False,False,False,True,False
7.0,1,6.0,2.0,3,1,10,0,17.0,1.0,2.0,1.0,154.84,True,False,False,False,False,True,False,False,True,False,True,False,False,False,True,False
12.0,1,7.0,3.0,4,3,6,1,15.0,1.0,2.0,1.0,203.61,True,False,False,False,False,True,False,False,False,False,False,False,False,False,False,True
9.0,1,16.0,2.0,4,5,2,0,13.0,1.0,1.0,0.0,114.16,True,False,False,False,False,True,False,False,False,False,False,False,True,False,False,True
11.0,1,14.0,2.0,4,4,2,0,22.0,1.0,3.0,3.0,124.4,False,False,False,False,False,False,False,False,False,False,False,True,False,False,False,True
1.0,3,20.0,3.0,4,3,3,0,12.0,2.0,2.0,7.0,145.96,False,True,False,False,True,False,False,False,True,False,False,False,True,False,True,False
4.0,1,14.0,3.0,5,4,3,0,13.0,2.0,2.0,2.0,146.41,False,True,False,False,True,False,False,False,True,False,False,False,True,False,True,False
1.0,1,7.0,4.0,5,5,8,0,14.0,1.0,2.0,8.0,148.62,False,True,True,False,False,False,False,False,True,False,False,False,True,False,False,True
5.0,3,12.0,3.0,4,4,3,0,12.0,1.0,3.0,3.0,152.89,False,False,False,False,False,False,True,False,False,False,False,False,True,False,True,False
3.0,1,26.0,2.0,3,5,1,0,15.0,1.0,1.0,2.0,199.57,True,False,False,False,False,False,False,True,True,False,True,False,False,False,False,False
7.0,3,7.0,3.0,4,3,2,1,14.0,7.0,8.0,6.0,170.83,True,False,True,False,False,False,False,False,True,False,False,False,False,False,True,False
15.0,1,8.0,3.0,4,4,5,0,14.0,1.0,1.0,0.0,148.41,False,True,False,False,True,False,False,False,True,False,False,False,True,False,True,False
1.0,1,8.0,2.0,4,2,2,1,12.0,2.0,2.0,2.0,138.67,False,False,False,False,False,True,False,False,True,False,False,False,True,False,False,False
6.0,3,16.0,2.0,3,3,2,0,14.0,0.0,1.0,9.0,154.87,True,False,False,False,False,False,True,False,True,False,True,False,False,False,False,True
11.0,3,16.0,3.0,3,1,2,0,11.0,0.0,1.0,9.0,153.43,True,False,False,False,False,True,False,False,False,False,True,False,False,False,True,False
0.0,1,7.0,3.0,4,3,2,1,13.0,0.0,1.0,0.0,129.33,False,True,False,False,False,True,False,False,False,False,False,True,False,False,True,False
2.0,3,10.0,4.0,4,4,3,0,20.0,2.0,2.0,1.0,153.56,True,False,False,False,True,False,False,False,False,False,False,False,True,False,True,False
3.0,1,8.0,3.0,4,5,1,0,16.0,0.0,1.0,7.0,149.68,False,False,True,False,False,False,False,False,False,False,False,False,True,False,False,True
20.0,1,7.0,3.0,3,4,1,0,18.0,0.0,5.0,3.0,219.57,False,False,False,False,True,False,False,False,False,False,False,False,False,False,True,False
4.0,1,8.0,3.0,5,2,5,1,13.0,0.0,1.0,0.0,127.78,False,True,False,False,False,True,False,False,False,False,False,True,False,False,True,False
0.0,3,16.0,3.0,3,3,2,1,12.0,0.0,1.0,3.0,142.6,False,True,False,False,False,False,True,False,False,False,True,False,False,False,True,False
3.0,1,22.0,4.0,6,1,2,1,19.0,2.0,2.0,4.0,146.68,False,True,False,False,False,True,False,False,False,False,False,False,True,False,True,False
19.0,3,9.0,4.0,4,4,2,0,20.0,4.0,4.0,8.0,173.05,True,False,False,False,False,False,False,True,True,False,True,False,False,False,False,False
1.0,3,9.0,3.0,4,3,3,0,20.0,1.0,3.0,3.0,152.83,True,False,False,False,True,False,False,False,False,False,False,False,True,False,False,True
2.0,1,6.0,2.0,4,2,4,0,14.0,1.0,1.0,7.0,261.24,True,False,False,False,False,True,False,False,False,True,False,False,False,False,True,False
29.0,1,15.0,3.0,5,4,3,1,16.0,4.0,16.0,1.0,260.77,False,False,False,False,True,False,False,False,True,True,False,False,False,False,True,False
28.0,1,28.0,3.0,4,4,6,0,12.0,1.0,1.0,2.0,135.37,False,True,True,False,False,False,False,False,True,False,False,True,False,False,True,False
9.0,1,6.0,3.0,5,4,8,1,13.0,1.0,3.0,7.0,122.16,False,True,False,False,False,True,False,False,False,False,False,True,False,False,False,True
3.0,3,17.0,3.0,4,4,3,0,15.0,3.0,3.0,3.0,147.97,False,True,False,False,False,False,True,False,True,False,False,False,True,False,True,False
9.0,1,13.0,4.0,4,3,2,1,15.0,2.0,3.0,3.0,160.06,True,False,False,False,False,True,False,False,True,False,False,False,True,False,True,False
15.0,3,8.0,2.0,5,2,2,0,15.0,5.0,6.0,9.0,298.45,True,False,False,False,False,False,True,False,False,False,False,False,False,True,False,False
10.0,1,10.0,2.0,4,4,6,0,13.0,7.0,8.0,8.0,169.85,True,False,True,False,False,False,False,False,True,False,True,False,False,False,False,True
5.0,3,13.0,3.0,3,2,5,0,12.0,1.0,1.0,3.0,192.04,True,False,False,False,False,False,True,False,True,False,True,False,False,False,False,False
0.0,1,14.0,2.0,3,1,3,0,13.0,0.0,1.0,2.0,125.80000000000001,False,False,False,False,False,False,False,False,True,False,False,True,False,False,False,True
17.0,1,9.0,4.0,5,1,2,0,17.0,2.0,2.0,3.0,226.69,True,False,False,True,False,False,False,False,False,False,False,False,False,False,True,False
20.0,1,14.0,4.0,4,3,8,0,14.0,2.0,2.0,8.0,233.45,True,False,False,False,True,False,False,False,True,False,False,False,False,False,True,False
4.0,1,13.0,2.0,3,1,4,0,22.0,0.0,1.0,7.0,159.15,True,False,False,False,False,True,False,False,True,False,True,False,False,False,True,False
0.0,1,14.0,2.0,4,3,2,1,14.0,0.0,1.0,7.0,123.66,False,False,False,False,False,False,False,False,False,False,False,True,False,False,True,False
1.0,3,17.0,4.0,4,3,3,1,13.0,1.0,2.0,4.0,167.6,True,False,False,False,False,False,True,False,False,False,True,False,False,False,True,False
27.0,1,25.0,3.0,3,5,10,1,11.0,0.0,1.0,4.0,154.85,True,False,False,False,True,False,False,False,False,False,True,False,False,False,True,False
8.0,1,24.0,2.0,3,2,3,0,11.0,0.0,2.0,2.0,193.62,False,False,False,False,False,True,False,False,True,False,False,False,False,False,False,True
3.0,2,13.0,3.0,5,4,3,0,12.0,2.0,2.0,1.0,153.04,True,False,False,False,True,False,False,False,True,False,False,False,True,False,True,False
8.0,1,7.0,4.0,4,5,7,0,15.0,2.0,2.0,4.0,154.96,False,False,False,False,False,False,False,True,True,False,False,False,True,False,True,False
2.0,1,8.0,2.0,3,1,2,0,19.0,1.0,1.0,3.0,188.53,False,False,False,False,False,True,False,False,True,False,True,False,False,False,True,False
2.0,1,23.0,4.0,3,5,2,0,20.0,1.0,2.0,8.0,181.61,True,False,False,False,True,False,False,False,True,False,True,False,False,False,False,True
21.0,1,14.0,3.0,5,5,9,1,15.0,5.0,6.0,3.0,225.08,True,False,False,False,True,False,False,False,False,False,False,False,False,False,False,False
20.0,3,20.0,2.0,3,5,3,0,12.0,1.0,1.0,7.0,149.6,True,False,False,False,False,False,True,False,True,False,True,False,False,False,False,True
13.0,1,14.0,2.0,4,4,3,0,11.0,4.0,2.0,8.0,237.57,False,False,False,False,True,False,False,False,True,False,False,False,False,False,True,False
11.0,3,20.0,3.0,3,4,1,0,11.0,5.0,7.0,7.0,199.24,True,False,False,False,False,True,False,False,True,False,True,False,False,False,True,False
4.0,1,35.0,4.0,4,2,3,0,14.0,1.0,2.0,10.0,182.75,True,False,False,False,True,False,False,False,False,False,True,False,False,False,False,False
14.0,3,14.0,2.0,3,4,6,0,21.0,1.0,1.0,4.0,143.93,False,True,False,False,False,False,True,False,False,False,True,False,False,False,True,False
16.0,1,14.0,4.0,2,4,8,1,17.0,1.0,2.0,1.0,148.72,False,True,False,False,True,False,False,False,False,False,True,False,False,False,True,False
0.0,3,22.0,3.0,3,5,3,1,20.0,1.0,1.0,0.0,185.64,True,False,False,False,False,True,False,False,False,False,False,False,False,False,False,True
11.0,3,8.0,2.0,3,5,4,0,15.0,0.0,1.0,7.0,168.93,True,False,False,False,False,True,False,False,False,False,True,False,False,False,True,False
24.0,3,15.0,3.0,4,4,9,0,16.0,1.0,3.0,3.0,163.75,True,False,False,False,False,False,True,False,True,False,False,False,True,False,True,False
2.0,3,8.0,2.0,3,2,2,0,18.0,0.0,1.0,9.0,145.54,False,False,False,False,False,True,False,False,True,False,True,False,False,False,False,True
11.0,3,8.0,2.0,3,4,8,0,16.0,1.0,1.0,0.0,173.51,True,False,False,False,False,False,True,False,True,False,False,False,False,False,False,True
3.0,3,14.0,3.0,3,4,2,0,18.0,1.0,1.0,0.0,124.75999999999999,False,True,True,False,False,False,False,False,True,False,False,True,False,False,False,False
20.0,1,22.0,3.0,1,3,2,1,19.0,0.0,2.0,7.0,150.67,False,False,False,False,True,False,False,False,True,False,True,False,False,False,True,False
1.0,3,35.0,4.0,4,4,3,0,21.0,1.0,2.0,5.0,187.72,True,False,False,False,False,False,True,False,True,False,True,False,False,False,True,False
9.0,1,6.0,2.0,3,5,3,0,22.0,1.0,1.0,0.0,120.66,False,True,False,False,False,True,False,False,False,False,False,True,False,False,False,False
7.0,3,15.0,3.0,3,3,2,0,20.0,0.0,1.0,3.0,157.14,True,False,False,False,False,True,False,False,False,False,True,False,False,False,True,False
14.0,3,21.0,3.0,4,5,3,0,16.0,1.0,2.0,3.0,171.39,True,False,False,False,False,True,False,False,False,False,True,False,False,False,True,False
7.0,2,6.0,3.0,4,5,10,0,14.0,2.0,3.0,6.0,204.82,True,False,False,False,True,False,False,False,True,False,False,False,False,False,False,False
7.0,1,14.0,3.0,4,1,2,0,16.0,1.0,1.0,3.0,125.53,False,False,False,False,False,True,False,False,False,False,False,True,False,False,False,True
9.0,1,12.0,2.0,3,1,1,0,11.0,1.0,10.0,11.0,132.1,False,True,False,False,False,True,False,False,True,False,False,True,False,False,True,False
8.0,1,11.0,3.0,3,4,1,0,13.0,1.0,1.0,13.0,180.95,True,False,True,False,False,False,False,False,True,False,False,False,False,False,False,True
1.0,1,14.0,3.0,3,3,6,0,18.0,0.0,2.0,2.0,123.77000000000001,False,True,False,False,False,False,False,False,False,False,False,True,False,False,True,False
9.0,3,27.0,2.0,4,4,2,1,13.0,0.0,1.0,0.0,121.21000000000001,False,True,False,False,False,False,False,True,True,False,False,True,False,False,False,True
19.0,1,13.0,3.0,3,3,7,0,13.0,0.0,1.0,7.0,208.45,True,False,False,False,True,False,False,False,True,False,False,False,False,False,True,False
25.0,1,13.0,3.0,5,3,2,0,15.0,8.0,8.0,8.0,153.38,False,False,False,False,True,False,False,False,False,False,False,False,True,False,False,True
22.0,1,9.0,4.0,2,4,7,0,12.0,1.0,2.0,1.0,150.59,True,False,True,False,False,False,False,False,True,False,False,False,True,False,False,True
1.0,1,23.0,3.0,3,5,2,0,12.0,0.0,1.0,8.0,145.58,False,True,False,False,True,False,False,False,True,False,True,False,False,False,True,False
5.0,1,14.0,3.0,4,1,5,0,23.0,1.0,2.0,8.0,184.15,True,False,False,False,False,True,False,False,True,False,True,False,False,False,True,False
6.0,1,7.0,4.0,5,4,8,0,21.0,1.0,2.0,3.0,148.32,False,False,False,False,False,True,False,False,False,False,False,False,True,False,True,False
3.0,1,22.0,4.0,6,2,2,1,19.0,2.0,2.0,4.0,146.68,False,True,False,False,False,True,False,False,False,False,False,False,True,False,False,False
13.0,1,14.0,3.0,5,1,3,0,15.0,7.0,14.0,4.0,317.72,False,False,False,False,True,False,False,False,True,False,False,False,False,True,True,False
7.0,3,10.0,3.0,3,1,3,1,13.0,0.0,1.0,0.0,197.13,True,False,False,False,False,True,False,False,True,False,False,False,False,False,True,False
19.0,2,6.0,2.0,3,5,7,0,12.0,3.0,5.0,7.0,134.23,False,True,False,False,False,True,False,False,False,False,False,True,False,False,False,True
6.0,1,36.0,3.0,5,4,3,0,14.0,4.0,5.0,2.0,153.37,True,False,False,False,False,True,False,False,False,False,False,False,True,False,False,True
6.0,3,9.0,4.0,4,5,3,0,13.0,1.0,2.0,1.0,153.27,False,False,False,False,False,True,False,False,False,False,False,False,True,False,True,False
4.0,1,6.0,2.0,5,3,1,0,12.0,1.0,1.0,4.0,143.45,False,False,False,False,True,False,False,False,True,False,True,False,False,False,False,False
14.0,3,35.0,3.0,6,5,5,0,16.0,2.0,2.0,2.0,234.32,False,False,False,False,False,False,False,True,True,False,False,False,False,False,True,False
9.0,1,9.0,2.0,3,3,2,0,13.0,0.0,1.0,0.0,114.19999999999999,True,False,False,False,False,True,False,False,True,False,False,False,True,False,False,True
19.0,1,24.0,2.0,3,3,3,0,14.0,1.0,1.0,8.0,148.1,False,True,False,False,True,False,False,False,False,False,True,False,False,False,True,False
0.0,1,9.0,3.0,4,2,1,1,11.0,0.0,1.0,0.0,128.53,False,False,False,False,False,True,False,False,True,False,False,True,False,False,False,False
8.0,1,9.0,3.0,5,5,8,0,14.0,1.0,6.0,10.0,184.57,True,False,False,False,False,True,False,False,True,False,True,False,False,False,True,False
1.0,2,32.0,4.0,4,3,3,0,24.0,3.0,6.0,8.0,154.42,True,False,False,False,False,True,False,False,False,False,False,False,True,False,True,False
9.0,1,8.0,3.0,3,3,3,0,14.0,0.0,1.0,2.0,120.00999999999999,True,False,False,False,False,False,False,False,False,False,False,True,False,False,True,False
0.0,3,32.0,2.0,3,2,2,0,23.0,0.0,1.0,4.0,161.8,True,False,False,False,True,False,False,False,False,False,True,False,False,False,False,True
7.0,1,13.0,2.0,4,2,5,0,24.0,5.0,5.0,8.0,202.25,False,False,False,False,False,True,False,False,True,False,True,False,False,False,True,False
13.0,1,7.0,4.0,4,3,9,0,15.0,1.0,2.0,3.0,147.32,False,True,False,False,True,False,False,False,False,False,False,False,True,False,True,False
5.0,1,25.0,3.0,1,3,7,1,12.0,0.0,2.0,2.0,127.59,False,False,False,False,False,False,False,False,True,False,False,True,False,False,True,False
3.0,3,16.0,3.0,4,3,2,0,18.0,0.0,1.0,4.0,165.78,True,False,False,False,False,False,True,False,True,False,True,False,False,False,True,False
0.0,3,7.0,3.0,4,5,2,0,11.0,1.0,6.0,7.0,197.14,True,False,False,False,False,True,False,False,True,False,True,False,False,False,True,False
16.0,1,12.0,4.0,4,3,6,0,18.0,1.0,3.0,1.0,145.93,False,False,False,False,False,False,False,True,True,False,False,False,True,False,True,False
20.0,3,10.0,3.0,4,3,5,0,15.0,2.0,5.0,10.0,299.65,True,False,False,False,False,False,True,False,True,True,False,False,False,False,False,False
28.0,3,32.0,2.0,4,1,2,0,15.0,2.0,2.0,13.0,295.86,True,False,False,False,False,False,True,False,True,False,False,False,False,True,True,False
12.0,1,16.0,4.0,4,1,3,0,13.0,2.0,3.0,2.0,147.88,False,True,False,False,False,True,False,False,False,False,False,False,True,False,False,True
24.0,1,7.0,4.0,4,4,5,1,15.0,1.0,2.0,8.0,306.72,False,False,False,False,False,True,False,False,False,False,False,False,False,True,True,False
9.0,3,18.0,3.0,4,5,2,0,18.0,1.0,1.0,0.0,120.33000000000001,False,False,False,False,False,True,False,False,True,False,False,True,False,False,False,False
28.0,1,8.0,2.0,4,5,9,0,12.0,1.0,1.0,0.0,290.38,True,False,False,False,True,False,False,False,True,False,False,False,False,True,True,False
9.0,1,10.0,3.0,4,5,2,0,13.0,0.0,1.0,0.0,121.09,False,True,False,True,False,False,False,False,False,False,False,True,False,False,True,False
13.0,1,10.0,2.0,3,3,2,0,14.0,1.0,9.0,9.0,290.33,True,False,False,False,True,False,False,False,False,False,False,False,False,True,True,False
4.0,1,10.0,4.0,4,3,3,0,21.0,2.0,2.0,1.0,145.83,False,False,False,False,True,False,False,False,False,False,False,False,True,False,True,False
9.0,1,9.0,3.0,4,1,4,0,15.0,1.0,2.0,8.0,182.62,False,False,False,False,True,False,False,False,True,False,True,False,False,False,True,False
6.0,1,12.0,4.0,2,4,2,1,13.0,2.0,2.0,6.0,157.98,True,False,False,False,False,True,False,False,True,False,False,False,True,False,True,False
14.0,2,10.0,2.0,5,4,7,0,19.0,0.0,1.0,2.0,164.3,False,False,False,False,False,False,False,True,True,False,True,False,False,False,True,False
14.0,1,23.0,3.0,5,3,8,0,15.0,1.0,2.0,1.0,175.94,False,False,False,False,True,False,False,False,True,False,True,False,False,False,False,True
0.0,1,14.0,3.0,3,1,2,1,11.0,1.0,1.0,0.0,125.15,False,True,False,False,False,True,False,False,False,False,False,True,False,False,True,False
18.0,1,7.0,3.0,3,4,2,0,12.0,3.0,7.0,7.0,174.41,True,False,True,False,False,False,False,False,True,False,False,False,False,False,True,False
11.0,1,31.0,2.0,4,4,4,0,17.0,0.0,1.0,3.0,220.61,True,False,False,False,False,True,False,False,False,False,False,False,False,False,True,False
1.0,3,11.0,4.0,5,1,3,1,12.0,1.0,2.0,4.0,169.87,True,False,False,False,False,True,False,False,False,False,True,False,False,False,False,True
8.0,1,22.0,4.0,4,5,9,0,15.0,3.0,7.0,10.0,295.07,False,False,False,False,True,False,False,False,True,True,False,False,False,False,True,False
12.0,3,7.0,3.0,5,5,6,0,15.0,1.0,2.0,1.0,153.58,True,False,False,False,False,True,False,False,True,False,False,False,True,False,False,True
11.0,1,16.0,3.0,4,2,3,1,13.0,1.0,2.0,3.0,148.26,False,False,False,False,True,False,False,False,True,False,False,False,True,False,False,False
30.0,1,24.0,3.0,3,2,7,0,12.0,1.0,5.0,4.0,205.12,True,False,False,False,True,False,False,False,True,False,False,False,False,False,False,True
9.0,1,8.0,2.0,3,4,2,0,11.0,0.0,1.0,2.0,122.25999999999999,False,True,True,False,False,False,False,False,True,False,False,True,False,False,True,False
12.0,1,34.0,3.0,4,5,4,0,20.0,0.0,1.0,3.0,142.84,False,False,False,False,False,True,False,False,True,False,True,False,False,False,False,True
13.0,1,9.0,4.0,4,3,2,0,26.0,11.0,2.0,9.0,234.38,False,False,False,True,False,False,False,False,False,False,False,False,False,False,False,True
11.0,3,16.0,3.0,4,3,1,1,14.0,1.0,2.0,7.0,187.4,True,False,False,False,False,False,True,False,True,False,False,False,False,False,True,False
13.0,1,9.0,4.0,5,3,3,0,12.0,2.0,12.0,11.0,170.53,True,False,True,False,False,False,False,False,False,False,True,False,False,False,False,True
18.0,1,11.0,4.0,2,5,3,0,15.0,2.0,15.0,14.0,316.9,True,False,False,False,False,True,False,False,True,False,False,False,False,True,True,False
7.0,1,12.0,4.0,5,2,3,0,14.0,1.0,2.0,3.0,154.11,True,False,False,False,False,True,False,False,False,False,False,False,True,False,False,False
26.0,1,15.0,3.0,4,5,11,0,14.0,2.0,2.0,5.0,154.5,True,False,False,False,False,False,False,True,False,False,False,False,True,False,False,False
1.0,1,32.0,4.0,4,4,3,1,20.0,1.0,8.0,9.0,145.22,False,False,False,False,False,True,False,False,False,False,False,False,True,False,True,False
4.0,1,14.0,3.0,4,3,3,0,14.0,5.0,9.0,10.0,159.91,True,False,False,False,False,True,False,False,True,False,True,False,False,False,True,False
18.0,1,11.0,3.0,4,4,11,0,13.0,2.0,3.0,4.0,184.33,True,False,False,False,True,False,False,False,True,False,True,False,False,False,False,True
1.0,3,12.0,3.0,4,5,3,1,12.0,2.0,2.0,3.0,148.8,False,True,False,False,True,False,False,False,True,False,False,False,True,False,False,True
12.0,3,16.0,4.0,5,4,2,0,20.0,1.0,2.0,3.0,153.99,True,False,False,False,False,False,True,False,True,False,False,False,True,False,False,False
1.0,1,7.0,3.0,4,4,3,0,19.0,2.0,3.0,2.0,145.96,False,True,False,False,True,False,False,False,False,False,False,False,True,False,False,True
30.0,1,6.0,2.0,5,3,3,1,13.0,1.0,1.0,2.0,156.6,False,False,False,False,False,True,False,False,True,False,True,False,False,False,True,False
0.0,1,6.0,2.0,4,5,6,0,19.0,0.0,2.0,0.0,142.98,False,False,True,False,False,False,False,False,True,False,True,False,False,False,False,False
19.0,1,14.0,3.0,4,3,6,1,20.0,2.0,2.0,3.0,169.77,True,False,False,False,True,False,False,False,False,False,False,False,True,False,False,False
1.0,1,7.0,4.0,5,3,3,0,14.0,2.0,2.0,4.0,145.07,False,False,False,False,True,False,False,False,False,False,False,False,True,False,True,False
31.0,1,31.0,3.0,3,2,5,1,17.0,2.0,2.0,3.0,219.39,True,False,False,False,False,True,False,False,True,False,False,False,False,False,True,False
27.0,3,15.0,4.0,4,2,7,0,15.0,1.0,2.0,3.0,243.36,True,False,False,False,False,False,True,False,True,True,False,False,False,False,False,False
3.0,3,35.0,3.0,3,5,9,0,19.0,1.0,1.0,3.0,141.15,False,True,False,False,False,True,False,False,True,False,True,False,False,False,True,False
23.0,1,7.0,3.0,4,3,6,0,15.0,1.0,2.0,1.0,278.79,True,False,False,False,False,True,False,False,True,True,False,False,False,False,False,True
3.0,3,7.0,3.0,4,1,3,0,15.0,5.0,5.0,2.0,204.18,False,False,False,False,True,False,False,False,False,False,False,False,False,False,True,False
5.0,3,9.0,4.0,4,2,6,1,14.0,2.0,2.0,6.0,190.82,True,False,False,False,False,True,False,False,True,False,True,False,False,False,False,True
15.0,1,10.0,2.0,3,1,2,0,15.0,0.0,11.0,15.0,292.32,True,False,False,True,False,False,False,False,True,False,False,False,False,True,True,False
9.0,1,21.0,2.0,3,3,2,0,16.0,0.0,2.0,2.0,122.07,False,True,False,False,False,True,False,False,True,False,False,True,False,False,True,False
1.0,3,28.0,3.0,5,4,3,1,14.0,2.0,2.0,1.0,146.21,False,True,False,False,False,False,False,True,True,False,False,False,True,False,False,True
8.0,3,14.0,3.0,4,1,5,1,11.0,3.0,4.0,12.0,203.77,False,False,False,False,False,False,True,False,False,False,False,False,False,False,True,False
16.0,1,15.0,4.0,4,2,3,0,15.0,1.0,15.0,10.0,309.3,False,False,False,False,False,True,False,False,True,False,False,False,False,True,True,False
28.0,1,7.0,2.0,1,1,3,0,13.0,0.0,2.0,0.0,247.32,True,False,False,False,True,False,False,False,True,True,False,False,False,False,True,False
19.0,1,16.0,3.0,4,4,10,0,19.0,2.0,2.0,16.0,148.48,False,True,False,False,False,True,False,False,True,False,True,False,False,False,True,False
16.0,1,12.0,2.0,4,3,8,0,15.0,3.0,6.0,14.0,293.92,True,False,False,False,True,False,False,False,False,False,False,False,False,True,True,False
9.0,2,12.0,3.0,3,5,5,1,22.0,0.0,1.0,2.0,120.72999999999999,False,True,False,False,False,False,False,True,True,False,False,True,False,False,True,False
1.0,1,13.0,4.0,4,1,3,1,14.0,1.0,2.0,3.0,81.0,True,False,False,False,False,True,False,False,False,False,False,False,True,False,True,False
0.0,1,14.0,3.0,4,5,7,0,13.0,0.0,1.0,7.0,123.62,False,True,True,False,False,False,False,False,True,False,False,True,False,False,False,True
0.0,1,9.0,2.0,3,3,2,0,12.0,6.0,7.0,7.0,140.84,False,False,False,False,False,True,False,False,False,False,False,False,True,False,False,True
9.0,1,34.0,3.0,4,3,4,0,17.0,2.0,2.0,8.0,193.83,True,False,False,False,False,True,False,False,True,False,True,False,False,False,True,False
9.0,3,8.0,2.0,4,3,2,0,13.0,0.0,1.0,2.0,120.44,False,True,False,False,False,False,False,False,False,False,False,True,False,False,False,True
3.0,1,8.0,3.0,4,5,2,0,13.0,1.0,2.0,3.0,178.73,True,False,False,False,False,True,False,False,True,False,True,False,False,False,True,False
8.0,3,6.0,3.0,3,3,2,0,14.0,1.0,1.0,8.0,187.89,False,False,False,False,False,False,True,False,False,False,False,False,False,False,False,True
23.0,1,32.0,3.0,4,5,3,0,15.0,2.0,2.0,5.0,157.11,True,False,False,False,False,True,False,False,False,False,False,False,True,False,True,False
3.0,1,15.0,3.0,3,3,8,1,18.0,1.0,1.0,7.0,146.95,False,False,False,False,True,False,False,False,False,False,True,False,False,False,False,True
9.0,3,23.0,2.0,4,4,3,0,16.0,1.0,1.0,3.0,155.07,True,False,False,False,False,False,True,False,True,False,True,False,False,False,True,False
13.0,3,6.0,2.0,5,2,3,1,22.0,1.0,1.0,2.0,174.57,True,False,False,False,True,False,False,False,True,False,True,False,False,False,False,False
24.0,1,12.0,3.0,4,3,1,0,14.0,3.0,7.0,7.0,128.38,False,False,False,False,False,False,False,False,False,False,False,True,False,False,False,True
20.0,1,29.0,3.0,3,2,2,0,12.0,11.0,15.0,6.0,203.12,True,False,False,False,True,False,False,False,False,False,False,False,False,False,False,False
13.0,1,17.0,4.0,4,3,9,0,22.0,3.0,2.0,3.0,259.64,True,False,False,False,True,False,False,False,True,False,False,False,False,False,False,True
9.0,3,16.0,2.0,3,3,2,1,19.0,0.0,1.0,0.0,122.19999999999999,False,True,False,False,False,True,False,False,False,False,False,True,False,False,False,False
1.0,1,17.0,3.0,6,1,9,0,14.0,1.0,2.0,4.0,159.08,True,False,False,False,True,False,False,False,True,False,False,False,True,False,True,False
28.0,1,6.0,2.0,3,5,1,1,14.0,1.0,4.0,13.0,290.45,True,False,False,False,True,False,False,False,True,False,False,False,False,True,False,True
16.0,1,20.0,3.0,3,5,7,0,24.0,1.0,1.0,0.0,271.59,True,False,False,False,False,True,False,False,True,True,False,False,False,False,True,False
9.0,1,9.0,3.0,3,4,2,0,14.0,1.0,1.0,0.0,114.83000000000001,True,False,False,False,True,False,False,False,False,False,False,False,True,False,False,True
1.0,1,15.0,3.0,6,3,3,0,20.0,2.0,2.0,3.0,171.21,False,False,False,False,False,True,False,False,True,False,False,False,True,False,True,False
0.0,1,15.0,3.0,4,4,2,0,11.0,1.0,1.0,0.0,126.94,False,False,False,False,False,True,False,False,True,False,False,True,False,False,True,False
10.0,1,16.0,4.0,2,4,3,0,23.0,2.0,2.0,3.0,153.1,False,False,False,False,False,True,False,False,True,False,False,False,True,False,True,False
9.0,3,15.0,3.0,4,1,2,0,16.0,3.0,4.0,7.0,196.19,True,False,False,False,True,False,False,False,True,False,False,False,False,False,False,True
8.0,1,34.0,4.0,4,4,4,0,16.0,2.0,2.0,3.0,148.11,False,True,False,False,True,False,False,False,False,False,False,False,True,False,False,True
9.0,1,6.0,3.0,4,4,2,1,11.0,1.0,2.0,2.0,120.69999999999999,False,True,False,True,False,False,False,False,False,False,False,True,False,False,False,True
22.0,1,14.0,3.0,4,4,2,0,23.0,0.0,1.0,7.0,151.3,False,False,False,False,False,True,False,False,True,False,True,False,False,False,True,False
10.0,3,10.0,4.0,5,1,2,0,20.0,1.0,4.0,5.0,201.44,True,False,False,False,True,False,False,False,False,False,False,False,False,False,True,False
19.0,1,17.0,4.0,4,1,5,0,22.0,1.0,2.0,3.0,151.54,True,False,False,False,False,True,False,False,True,False,False,False,True,False,True,False
9.0,1,15.0,2.0,4,4,3,1,11.0,1.0,1.0,2.0,188.47,True,False,False,False,True,False,False,False,True,False,True,False,False,False,True,False
14.0,3,9.0,4.0,4,3,2,0,15.0,1.0,2.0,13.0,305.41,True,False,False,False,False,True,False,False,False,False,False,False,False,True,False,False
12.0,1,25.0,2.0,3,1,9,0,14.0,1.0,2.0,2.0,139.02,False,True,False,False,False,False,False,True,True,False,True,False,False,False,True,False
0.0,1,14.0,2.0,4,3,2,0,20.0,1.0,2.0,2.0,126.25,False,False,False,False,False,True,False,False,False,False,False,True,False,False,False,True
27.0,3,7.0,3.0,4,5,9,0,21.0,7.0,9.0,11.0,208.81,True,False,False,False,True,False,False,False,False,False,True,False,False,False,False,True
21.0,1,10.0,2.0,3,1,2,0,11.0,1.0,1.0,8.0,178.98,True,False,False,False,False,True,False,False,True,False,False,False,False,False,False,True
1.0,1,9.0,3.0,4,4,11,0,13.0,2.0,3.0,3.0,159.68,True,False,False,False,True,False,False,False,True,False,False,False,True,False,True,False
14.0,1,9.0,3.0,4,5,6,0,18.0,2.0,2.0,3.0,158.77,True,False,False,False,False,True,False,False,False,False,False,False,True,False,True,False
0.0,1,16.0,2.0,3,5,2,0,15.0,0.0,1.0,8.0,142.13,False,True,False,False,True,False,False,False,True,False,True,False,False,False,False,True
1.0,1,7.0,3.0,5,5,3,1,12.0,1.0,2.0,1.0,148.19,False,True,False,False,False,True,False,False,False,False,False,False,True,False,False,False
10.0,1,10.0,4.0,2,5,8,0,21.0,1.0,2.0,5.0,193.42,True,False,False,False,False,True,False,False,True,False,True,False,False,False,True,False
9.0,1,24.0,3.0,3,2,2,0,13.0,1.0,1.0,7.0,121.53,False,False,False,False,False,False,False,False,False,False,False,True,False,False,False,True
5.0,3,14.0,4.0,4,1,6,0,13.0,1.0,2.0,8.0,200.47,True,False,False,False,False,False,True,False,True,False,True,False,False,False,True,False
4.0,3,14.0,2.0,3,2,2,0,18.0,2.0,9.0,9.0,207.93,True,False,False,False,False,True,False,False,True,False,False,False,False,False,True,False
4.0,3,11.0,3.0,3,4,2,0,11.0,0.0,2.0,2.0,127.88999999999999,False,False,False,False,False,False,True,False,False,False,False,True,False,False,True,False
1.0,1,36.0,4.0,5,4,2,0,12.0,1.0,2.0,5.0,159.79,False,False,False,False,True,False,False,False,True,False,False,False,True,False,False,True
12.0,1,7.0,3.0,3,2,2,0,14.0,2.0,2.0,9.0,201.25,True,False,False,False,False,True,False,False,False,False,True,False,False,False,False,True
18.0,1,7.0,3.0,4,3,4,0,23.0,4.0,14.0,4.0,207.48000000000002,False,False,False,False,False,True,False,False,True,False,False,False,False,False,True,False
19.0,3,9.0,2.0,3,3,4,0,12.0,1.0,4.0,9.0,274.65,True,False,False,False,False,False,True,False,True,True,False,False,False,False,True,False
28.0,1,14.0,4.0,4,1,6,0,16.0,2.0,2.0,8.0,193.54,True,False,False,False,True,False,False,False,False,False,True,False,False,False,True,False
29.0,1,21.0,4.0,3,4,10,0,15.0,1.0,3.0,16.0,312.22,True,False,False,False,True,False,False,False,True,False,False,False,False,True,False,True
8.0,1,29.0,3.0,5,3,1,0,16.0,0.0,1.0,3.0,127.05000000000001,False,True,False,False,False,False,False,False,True,False,False,True,False,False,True,False
0.0,3,15.0,3.0,3,5,1,1,17.0,0.0,1.0,3.0,182.24,True,False,False,False,False,False,True,False,False,False,True,False,False,False,False,True
3.0,1,22.0,3.0,3,1,2,0,12.0,0.0,1.0,8.0,128.62,False,True,False,False,False,True,False,False,True,False,False,True,False,False,True,False
28.0,3,6.0,3.0,3,1,4,0,14.0,0.0,1.0,0.0,202.39,True,False,False,False,False,True,False,False,True,False,False,False,False,False,True,False
24.0,1,11.0,4.0,4,4,5,0,15.0,1.0,2.0,7.0,316.44,True,False,False,False,False,True,False,False,True,False,False,False,False,True,True,False
21.0,3,35.0,3.0,3,3,4,0,21.0,0.0,1.0,3.0,225.04000000000002,True,False,False,False,True,False,False,False,False,False,False,False,False,False,True,False
13.0,3,11.0,2.0,4,5,6,1,21.0,0.0,1.0,12.0,204.75,False,False,False,False,False,True,False,False,True,False,False,False,False,False,False,False
6.0,1,13.0,2.0,3,3,1,0,11.0,1.0,3.0,3.0,216.91000000000003,True,False,False,False,True,False,False,False,True,False,False,False,False,False,True,False
23.0,3,6.0,3.0,3,1,4,0,15.0,1.0,1.0,6.0,295.17,True,False,False,False,True,False,False,False,False,False,False,False,False,True,True,False
2.0,1,29.0,3.0,1,3,2,0,24.0,1.0,1.0,7.0,127.0,False,True,False,False,False,True,False,False,True,False,False,True,False,False,True,False
1.0,1,17.0,3.0,4,3,3,1,12.0,2.0,2.0,2.0,135.09,False,True,False,False,True,False,False,False,True,False,False,True,False,False,False,True
17.0,1,16.0,3.0,4,3,6,0,14.0,1.0,2.0,3.0,149.38,False,False,False,False,False,True,False,False,True,False,False,False,True,False,False,True
18.0,1,26.0,3.0,5,5,3,1,18.0,1.0,1.0,7.0,208.51,True,False,False,False,True,False,False,False,True,False,False,False,False,False,True,False
0.0,1,10.0,2.0,3,2,2,1,15.0,5.0,5.0,6.0,136.91,False,True,True,False,False,False,False,False,True,False,False,False,True,False,False,False
9.0,1,9.0,2.0,4,2,1,0,13.0,0.0,1.0,1.0,120.44999999999999,False,True,False,False,False,False,False,False,True,False,False,True,False,False,False,True
22.0,1,12.0,2.0,4,3,3,1,19.0,1.0,2.0,12.0,239.66000000000003,True,False,False,False,False,True,False,False,False,True,False,False,False,False,True,False
17.0,3,6.0,3.0,3,3,8,0,12.0,1.0,1.0,0.0,147.68,False,False,False,False,False,False,True,False,False,False,True,False,False,False,False,False
11.0,1,17.0,4.0,4,4,3,0,12.0,2.0,8.0,8.0,164.36,True,False,False,False,True,False,False,False,False,False,False,False,True,False,True,False
1.0,3,7.0,3.0,4,4,3,1,12.0,2.0,3.0,3.0,148.02,False,False,False,False,False,True,False,False,False,False,False,False,True,False,False,True
20.0,1,31.0,4.0,4,1,3,0,17.0,1.0,2.0,1.0,150.87,True,False,False,False,False,True,False,False,True,False,False,False,True,False,False,True
7.0,3,7.0,3.0,2,5,4,0,20.0,1.0,2.0,4.0,178.76,False,False,False,False,False,True,False,False,False,False,True,False,False,False,True,False
10.0,3,18.0,4.0,5,1,6,0,14.0,2.0,2.0,1.0,191.52,True,False,False,False,False,False,True,False,False,False,True,False,False,False,True,False
11.0,1,32.0,3.0,5,1,9,0,14.0,2.0,2.0,4.0,182.31,True,False,False,False,True,False,False,False,False,False,True,False,False,False,True,False
12.0,3,10.0,2.0,4,3,5,0,14.0,5.0,5.0,9.0,159.02,True,False,False,False,False,True,False,False,False,False,True,False,False,False,True,False
26.0,1,13.0,2.0,3,3,4,0,18.0,1.0,4.0,7.0,286.06,True,False,False,False,True,False,False,False,False,False,False,False,False,True,True,False
29.0,3,33.0,3.0,5,1,3,0,15.0,3.0,3.0,14.0,320.86,True,False,False,False,False,False,True,False,True,False,False,False,False,True,True,False
0.0,1,10.0,2.0,3,4,2,0,13.0,1.0,1.0,2.0,132.95,False,True,False,False,False,False,False,False,False,False,False,True,False,False,False,True
1.0,1,25.0,4.0,4,1,3,0,20.0,2.0,2.0,1.0,151.93,True,False,False,False,False,False,False,True,False,False,False,False,True,False,False,True
3.0,1,23.0,3.0,3,5,2,1,23.0,0.0,1.0,3.0,219.16000000000003,True,False,False,False,True,False,False,False,False,False,False,False,False,False,False,False
26.0,1,30.0,2.0,1,1,4,0,15.0,0.0,1.0,2.0,170.05,True,False,False,False,True,False,False,False,True,False,False,False,False,False,True,False
1.0,1,10.0,4.0,4,5,2,0,23.0,1.0,2.0,5.0,156.02,False,False,True,False,False,False,False,False,True,False,False,False,True,False,False,True
14.0,1,11.0,2.0,1,4,4,0,12.0,0.0,1.0,2.0,168.7,True,False,False,False,False,True,False,False,True,False,True,False,False,False,False,True
9.0,1,31.0,2.0,4,4,5,1,20.0,0.0,2.0,2.0,123.13,False,True,False,False,False,False,False,False,True,False,False,True,False,False,False,True
15.0,1,17.0,4.0,5,5,6,0,15.0,3.0,8.0,8.0,296.81,False,False,False,False,False,True,False,False,True,True,False,False,False,False,True,False
8.0,3,16.0,4.0,4,3,3,0,21.0,2.0,2.0,4.0,182.14,True,False,False,False,False,True,False,False,False,False,True,False,False,False,False,False
9.0,1,32.0,3.0,3,3,7,0,14.0,1.0,1.0,2.0,153.47,True,False,False,False,False,True,False,False,True,False,True,False,False,False,True,False
1.0,1,25.0,3.0,4,3,2,0,13.0,1.0,2.0,3.0,152.74,True,False,False,False,False,True,False,False,True,False,False,False,True,False,True,False
0.0,1,8.0,2.0,5,1,6,1,13.0,1.0,2.0,2.0,134.64,False,True,False,False,False,False,False,False,True,False,False,True,False,False,True,False
13.0,1,14.0,2.0,3,4,4,0,22.0,1.0,1.0,3.0,123.87,False,True,False,False,False,True,False,False,True,False,False,True,False,False,True,False
16.0,1,9.0,3.0,4,5,2,0,15.0,6.0,14.0,8.0,301.65,True,False,False,False,True,False,False,False,True,True,False,False,False,False,True,False
10.0,1,35.0,2.0,3,4,2,1,12.0,5.0,9.0,3.0,218.49,False,False,False,False,False,True,False,False,True,False,False,False,False,False,False,False
16.0,1,14.0,2.0,3,1,1,0,19.0,0.0,1.0,7.0,124.55000000000001,False,False,False,False,False,True,False,False,False,False,False,True,False,False,False,True
8.0,1,10.0,4.0,4,4,3,0,13.0,2.0,8.0,10.0,179.33,True,False,False,False,False,True,False,False,False,False,True,False,False,False,True,False
1.0,1,24.0,4.0,4,4,3,0,14.0,1.0,2.0,1.0,147.1,False,True,False,False,False,True,False,False,False,False,False,False,True,False,False,False
1.0,1,16.0,3.0,5,5,2,1,23.0,2.0,2.0,3.0,148.21,False,False,False,False,True,False,False,False,True,False,False,False,True,False,False,True
10.0,3,22.0,3.0,6,1,3,0,25.0,6.0,12.0,12.0,179.06,False,False,False,False,False,False,True,False,True,False,True,False,False,False,True,False
19.0,3,9.0,3.0,6,3,2,0,14.0,2.0,4.0,2.0,191.32,True,False,True,False,False,False,False,False,True,False,True,False,False,False,False,True
20.0,1,14.0,2.0,4,3,4,0,15.0,2.0,2.0,1.0,177.58,False,False,False,False,True,False,False,False,False,False,True,False,False,False,True,False
20.0,3,10.0,3.0,4,3,5,0,15.0,5.0,5.0,10.0,299.65,True,False,False,False,False,False,True,False,True,True,False,False,False,False,True,False
8.0,1,22.0,3.0,3,3,5,1,12.0,0.0,1.0,0.0,176.32,True,False,False,False,False,True,False,False,True,False,False,False,False,False,False,False
27.0,1,26.0,2.0,3,3,4,0,12.0,0.0,1.0,3.0,148.69,False,False,False,False,False,True,False,False,False,False,True,False,False,False,False,True
1.0,1,16.0,2.0,3,3,4,0,13.0,1.0,1.0,7.0,136.6,False,True,False,False,False,False,False,True,False,False,True,False,False,False,False,True
20.0,3,8.0,2.0,3,4,8,0,11.0,0.0,1.0,0.0,149.78,False,False,False,False,False,False,True,False,True,False,True,False,False,False,True,False
11.0,1,7.0,3.0,5,5,4,0,15.0,1.0,2.0,3.0,164.2,True,False,False,False,True,False,False,False,False,False,False,False,True,False,True,False
1.0,1,12.0,3.0,4,4,3,1,13.0,1.0,2.0,3.0,149.78,True,False,False,False,False,True,False,False,False,False,False,False,True,False,False,True
3.0,1,6.0,3.0,3,4,2,0,13.0,0.0,1.0,7.0,137.48,False,True,False,False,True,False,False,False,True,False,False,False,True,False,True,False
14.0,1,13.0,2.0,1,3,2,0,13.0,0.0,1.0,8.0,133.76,False,True,True,False,False,False,False,False,False,False,False,True,False,False,True,False
12.0,1,10.0,2.0,3,3,1,0,13.0,3.0,3.0,8.0,150.42,False,False,False,False,True,False,False,False,False,False,True,False,False,False,False,True
1.0,1,15.0,4.0,6,5,3,0,16.0,1.0,2.0,2.0,149.51,True,False,False,False,False,True,False,False,True,False,False,False,True,False,True,False
0.0,1,13.0,3.0,1,5,1,0,12.0,1.0,1.0,7.0,135.78,False,True,False,False,False,False,False,True,True,False,False,False,True,False,False,True
21.0,1,23.0,4.0,2,3,3,1,20.0,1.0,3.0,8.0,175.67,False,False,False,False,True,False,False,False,True,False,True,False,False,False,True,False
0.0,3,22.0,3.0,3,3,3,0,13.0,0.0,1.0,0.0,181.61,True,False,False,False,False,False,True,False,True,False,False,False,False,False,True,False
11.0,1,12.0,3.0,2,3,2,0,15.0,2.0,2.0,4.0,160.0,False,False,True,False,False,False,False,False,True,False,False,False,True,False,False,True
7.0,3,19.0,2.0,3,3,2,0,18.0,1.0,1.0,1.0,186.28,True,False,False,False,True,False,False,False,True,False,False,False,False,False,True,False
5.0,1,12.0,4.0,4,5,2,0,20.0,2.0,2.0,3.0,224.36,False,False,False,False,True,False,False,False,True,False,True,False,False,False,False,True
23.0,3,18.0,3.0,3,1,5,0,11.0,1.0,2.0,1.0,192.08,False,False,False,False,False,False,True,False,False,False,False,False,False,False,False,True
1.0,1,9.0,3.0,4,5,9,0,21.0,2.0,2.0,8.0,152.07,True,False,False,False,False,True,False,False,False,False,False,False,True,False,True,False
12.0,1,8.0,3.0,4,1,9,0,16.0,2.0,3.0,10.0,172.35,False,False,False,False,False,True,False,False,True,False,True,False,False,False,True,False
20.0,3,7.0,3.0,2,5,3,0,15.0,2.0,2.0,13.0,300.67,True,False,False,False,False,True,False,False,True,True,False,False,False,False,False,True
0.0,1,14.0,2.0,5,3,2,0,19.0,1.0,1.0,2.0,146.21,False,False,False,False,False,True,False,False,True,False,False,False,True,False,False,False
5.0,1,9.0,2.0,3,1,4,0,15.0,6.0,7.0,3.0,211.58999999999997,True,False,False,False,False,True,False,False,False,False,False,False,False,False,False,True
15.0,1,12.0,3.0,2,4,5,0,13.0,1.0,2.0,3.0,193.7,True,False,False,False,False,True,False,False,True,False,True,False,False,False,False,True
23.0,1,8.0,3.0,3,3,6,0,16.0,1.0,1.0,3.0,276.39,True,False,False,False,True,False,False,False,True,True,False,False,False,False,True,False
0.0,3,35.0,2.0,3,3,6,0,12.0,0.0,1.0,0.0,143.06,False,True,False,False,True,False,False,False,True,False,True,False,False,False,True,False
8.0,3,6.0,3.0,3,3,2,0,16.0,1.0,1.0,3.0,148.59,False,True,False,False,True,False,False,False,False,False,True,False,False,False,False,True
11.0,2,7.0,3.0,3,4,1,1,11.0,0.0,1.0,2.0,129.91,False,False,False,False,False,False,False,True,True,False,False,True,False,False,True,False
11.0,1,7.0,4.0,4,1,4,1,19.0,1.0,2.0,3.0,261.03,False,False,False,False,True,False,False,False,False,False,False,False,False,False,True,False
15.0,1,14.0,2.0,4,5,1,1,11.0,4.0,7.0,8.0,125.93,False,True,False,False,False,False,False,False,False,False,False,True,False,False,True,False
8.0,1,14.0,3.0,4,4,2,0,12.0,1.0,2.0,12.0,244.94,True,False,False,False,False,True,False,False,False,False,False,False,False,False,False,True
8.0,1,33.0,4.0,5,3,3,0,21.0,2.0,2.0,1.0,145.29,False,False,True,False,False,False,False,False,False,False,False,False,True,False,True,False
9.0,3,7.0,2.0,5,3,2,0,12.0,0.0,1.0,0.0,113.59,False,False,False,False,False,True,False,False,False,False,False,False,True,False,False,True
1.0,3,16.0,3.0,4,5,3,0,20.0,2.0,2.0,1.0,142.9,False,False,False,False,False,False,True,False,True,False,False,False,True,False,True,False
3.0,1,6.0,2.0,4,1,2,1,12.0,1.0,3.0,0.0,151.26,True,False,False,False,False,True,False,False,True,False,True,False,False,False,True,False
16.0,3,21.0,2.0,4,2,4,0,18.0,0.0,2.0,2.0,168.04,False,False,False,False,False,True,False,False,True,False,True,False,False,False,False,False
9.0,1,9.0,3.0,3,3,2,0,20.0,1.0,1.0,0.0,120.83000000000001,False,False,False,False,False,False,False,False,False,False,False,True,False,False,True,False
9.0,1,34.0,3.0,3,1,5,0,20.0,1.0,1.0,3.0,121.32,False,True,False,True,False,False,False,False,True,False,False,True,False,False,True,False
9.0,3,18.0,3.0,4,5,2,0,18.0,1.0,1.0,0.0,120.33000000000001,False,False,False,False,False,True,False,False,True,False,False,True,False,False,True,False
10.0,1,16.0,3.0,1,1,4,0,17.0,1.0,1.0,0.0,146.8,False,True,False,False,False,True,False,False,True,False,False,False,True,False,False,True
19.0,1,11.0,3.0,4,4,3,0,13.0,2.0,2.0,9.0,169.47,False,False,False,False,False,True,False,False,True,False,True,False,False,False,False,False
9.0,1,12.0,3.0,1,5,2,1,21.0,0.0,1.0,0.0,116.00999999999999,True,False,False,False,False,True,False,False,True,False,False,False,True,False,True,False
3.0,1,13.0,3.0,4,1,3,0,14.0,1.0,2.0,9.0,156.31,True,False,False,False,True,False,False,False,False,False,False,False,True,False,True,False
23.0,1,34.0,3.0,1,3,2,1,11.0,0.0,3.0,8.0,132.21,False,True,False,False,False,False,False,False,True,False,False,True,False,False,True,False
0.0,3,16.0,3.0,4,2,2,1,11.0,2.0,4.0,4.0,157.69,True,False,False,False,False,False,True,False,False,False,True,False,False,False,False,False
18.0,1,29.0,2.0,3,5,2,1,15.0,1.0,1.0,8.0,136.33,False,False,False,False,False,True,False,False,True,False,True,False,False,False,True,False
6.0,3,16.0,2.0,4,2,4,0,14.0,1.0,1.0,1.0,146.82,False,False,False,False,False,False,True,False,True,False,True,False,False,False,False,True
16.0,1,12.0,3.0,4,3,2,1,14.0,0.0,1.0,8.0,140.81,False,True,False,False,True,False,False,False,False,False,True,False,False,False,False,True
9.0,1,14.0,2.0,1,1,2,0,19.0,1.0,1.0,1.0,122.69,False,True,False,False,False,True,False,False,True,False,False,True,False,False,True,False
0.0,1,14.0,3.0,4,4,6,0,16.0,1.0,1.0,1.0,125.46000000000001,False,True,True,False,False,False,False,False,False,False,False,True,False,False,True,False
27.0,1,9.0,2.0,3,2,4,0,14.0,1.0,1.0,9.0,277.79,True,False,False,False,False,True,False,False,True,True,False,False,False,False,False,False
0.0,1,22.0,3.0,5,5,2,1,22.0,4.0,6.0,7.0,139.19,False,False,False,False,False,True,False,False,False,False,False,False,True,False,False,True
5.0,1,12.0,3.0,4,2,2,1,13.0,1.0,2.0,4.0,173.21,True,False,True,False,False,False,False,False,True,False,False,False,True,False,False,False
6.0,1,12.0,1.0,3,1,4,0,23.0,3.0,4.0,7.0,177.25,False,False,False,False,False,True,False,False,True,False,True,False,False,False,True,False
1.0,3,9.0,4.0,4,3,3,1,12.0,2.0,2.0,5.0,169.78,True,False,False,False,False,True,False,False,True,False,True,False,False,False,False,True
0.0,1,16.0,3.0,3,3,7,0,11.0,1.0,1.0,0.0,200.48,False,False,False,False,True,False,False,False,True,False,False,False,False,False,True,False
0.0,3,7.0,2.0,5,4,7,0,15.0,0.0,1.0,0.0,167.35,True,False,False,False,False,True,False,False,True,False,True,False,False,False,False,True
15.0,1,9.0,4.0,5,3,4,1,18.0,1.0,2.0,8.0,193.11,False,False,False,False,False,False,False,True,False,False,True,False,False,False,False,True
16.0,1,15.0,3.0,4,3,6,0,14.0,2.0,2.0,1.0,164.68,True,False,False,False,False,True,False,False,True,False,False,False,True,False,False,True
0.0,3,29.0,2.0,4,5,2,0,13.0,1.0,3.0,10.0,173.36,True,False,False,False,False,True,False,False,False,False,False,False,False,False,True,False
20.0,3,20.0,3.0,3,3,4,1,17.0,1.0,1.0,2.0,145.91,False,True,False,False,True,False,False,False,False,False,True,False,False,False,False,False
9.0,1,29.0,3.0,3,4,5,0,12.0,0.0,1.0,2.0,120.41999999999999,False,False,False,False,False,False,False,False,True,False,True,False,False,False,True,False
2.0,1,28.0,3.0,4,1,3,0,12.0,1.0,2.0,3.0,152.13,True,False,False,False,True,False,False,False,True,False,False,False,True,False,True,False
10.0,3,14.0,3.0,2,5,4,0,17.0,6.0,7.0,14.0,171.39,False,False,False,False,False,False,True,False,False,False,True,False,False,False,True,False
23.0,3,15.0,2.0,3,3,5,1,15.0,0.0,1.0,0.0,293.31,True,False,False,False,False,False,True,False,True,False,False,False,False,True,True,False
2.0,1,9.0,3.0,5,2,3,1,13.0,3.0,3.0,3.0,163.67,False,False,False,False,False,True,False,False,True,False,False,False,True,False,False,False
0.0,1,15.0,3.0,4,3,1,1,17.0,1.0,1.0,0.0,133.88,False,True,False,False,False,False,False,False,True,False,False,True,False,False,True,False
16.0,1,19.0,3.0,4,4,10,0,23.0,2.0,2.0,5.0,152.66,True,False,False,False,True,False,False,False,True,False,False,False,True,False,True,False
4.0,1,9.0,4.0,5,5,2,0,17.0,1.0,2.0,8.0,174.68,False,False,True,False,False,False,False,False,False,False,False,False,True,False,False,True
16.0,1,15.0,3.0,5,4,4,0,16.0,8.0,8.0,8.0,174.41,True,False,False,False,True,False,False,False,True,False,True,False,False,False,True,False
12.0,1,13.0,4.0,6,1,9,1,13.0,1.0,2.0,10.0,178.29,False,False,False,False,True,False,False,False,False,False,True,False,False,False,True,False
7.0,3,14.0,3.0,4,5,2,0,15.0,2.0,2.0,4.0,168.73,False,False,False,False,True,False,False,False,True,False,True,False,False,False,True,False
9.0,2,8.0,2.0,3,4,5,0,14.0,0.0,1.0,2.0,121.87,False,True,False,False,False,False,False,True,False,False,False,True,False,False,True,False
20.0,1,31.0,4.0,4,1,3,0,17.0,1.0,2.0,1.0,150.87,True,False,False,False,False,True,False,False,True,False,False,False,True,False,False,True
11.0,1,8.0,2.0,3,3,10,0,14.0,0.0,1.0,0.0,165.53,True,False,False,False,False,True,False,False,True,False,True,False,False,False,False,False
7.0,1,28.0,2.0,4,1,2,1,15.0,3.0,6.0,11.0,157.47,False,False,False,False,False,False,False,True,True,False,True,False,False,False,True,False
9.0,1,6.0,2.0,3,3,1,0,14.0,0.0,1.0,5.0,120.58000000000001,False,True,False,True,False,False,False,False,True,False,False,True,False,False,False,True
10.0,1,8.0,3.0,5,3,2,0,16.0,1.0,2.0,3.0,168.74,False,False,False,False,True,False,False,False,False,False,True,False,False,False,True,False
13.0,1,18.0,2.0,3,5,3,0,12.0,7.0,7.0,7.0,144.48,False,True,False,False,False,True,False,False,False,False,True,False,False,False,True,False
24.0,1,27.0,3.0,4,3,4,1,16.0,1.0,2.0,14.0,237.45,False,False,False,False,True,False,False,False,True,True,False,False,False,False,True,False
1.0,1,24.0,3.0,4,4,2,1,17.0,2.0,2.0,2.0,155.58,True,False,True,False,False,False,False,False,True,False,False,False,True,False,False,False
13.0,1,8.0,2.0,3,3,1,0,15.0,0.0,3.0,9.0,294.36,True,False,False,False,True,False,False,False,True,False,False,False,False,True,True,False
27.0,1,9.0,3.0,2,4,6,0,13.0,1.0,9.0,9.0,290.98,True,False,False,False,True,False,False,False,True,True,False,False,False,False,False,True
9.0,1,6.0,3.0,3,1,4,0,14.0,1.0,1.0,2.0,122.69999999999999,False,True,False,False,False,False,False,False,False,False,False,True,False,False,True,False
1.0,1,23.0,4.0,6,5,3,1,23.0,1.0,7.0,8.0,164.19,False,False,False,False,False,True,False,False,False,False,False,False,True,False,False,True
1.0,3,9.0,3.0,4,5,2,0,12.0,2.0,2.0,3.0,155.41,True,False,False,False,False,False,True,False,True,False,False,False,True,False,True,False
4.0,3,29.0,4.0,5,3,4,1,13.0,2.0,2.0,1.0,188.8,True,False,False,False,False,False,True,False,True,False,True,False,False,False,True,False
1.0,3,34.0,3.0,4,1,3,1,19.0,1.0,8.0,8.0,183.13,True,False,False,False,False,True,False,False,True,False,True,False,False,False,False,True
30.0,1,21.0,2.0,3,3,3,1,14.0,2.0,2.0,2.0,257.87,False,False,False,False,False,True,False,False,True,True,False,False,False,False,True,False
0.0,1,15.0,2.0,3,5,3,1,11.0,0.0,1.0,0.0,131.72,False,False,False,False,False,False,False,False,True,False,False,True,False,False,False,True
7.0,1,8.0,2.0,4,5,2,0,11.0,1.0,1.0,3.0,143.81,False,True,False,False,True,False,False,False,False,False,False,False,True,False,False,True
28.0,1,8.0,3.0,4,1,8,0,15.0,7.0,13.0,8.0,298.28,True,False,False,False,True,False,False,False,False,True,False,False,False,False,False,True
6.0,1,9.0,3.0,5,5,6,0,14.0,1.0,2.0,5.0,146.76,False,True,True,False,False,False,False,False,True,False,True,False,False,False,False,True
17.0,1,8.0,3.0,1,1,2,1,19.0,6.0,6.0,7.0,178.79,True,False,False,False,False,True,False,False,False,False,False,False,False,False,True,False
17.0,1,6.0,3.0,1,5,3,0,15.0,2.0,2.0,2.0,150.33,True,False,False,False,False,True,False,False,True,False,True,False,False,False,True,False
22.0,1,6.0,2.0,3,3,5,0,14.0,1.0,2.0,0.0,253.79000000000002,True,False,False,False,False,True,False,False,True,True,False,False,False,False,False,True
15.0,3,10.0,2.0,3,5,8,0,13.0,1.0,1.0,5.0,151.55,True,False,False,False,False,False,True,False,True,False,True,False,False,False,False,True
4.0,3,14.0,2.0,3,1,2,0,18.0,2.0,9.0,9.0,207.93,True,False,False,False,False,True,False,False,True,False,False,False,False,False,True,False
7.0,3,17.0,3.0,2,3,2,1,15.0,1.0,2.0,9.0,208.8,True,False,False,False,False,False,True,False,True,False,False,False,False,False,True,False
9.0,1,14.0,3.0,3,3,5,0,21.0,1.0,3.0,9.0,125.19,False,True,False,False,False,False,False,False,True,False,False,True,False,False,False,True
0.0,1,15.0,2.0,3,5,8,0,22.0,1.0,1.0,4.0,142.0,False,True,False,False,True,False,False,False,False,False,False,False,True,False,False,True
8.0,1,14.0,2.0,4,1,2,0,13.0,1.0,2.0,2.0,123.75999999999999,False,False,False,False,False,False,False,True,True,False,False,True,False,False,True,False
6.0,1,7.0,4.0,4,5,3,0,14.0,1.0,2.0,1.0,154.56,True,False,False,False,False,True,False,False,True,False,False,False,True,False,False,True
18.0,2,7.0,3.0,4,1,6,1,12.0,2.0,2.0,3.0,182.43,False,False,False,False,False,False,False,True,True,False,True,False,False,False,True,False
17.0,2,6.0,2.0,3,1,5,1,11.0,1.0,1.0,2.0,157.43,False,False,False,False,False,False,False,True,True,False,True,False,False,False,True,False
4.0,1,14.0,4.0,4,3,3,0,14.0,1.0,2.0,1.0,137.74,False,False,True,False,False,False,False,False,True,False,False,False,True,False,True,False
18.0,1,35.0,3.0,4,5,5,0,14.0,1.0,15.0,18.0,288.28,True,False,False,False,False,True,False,False,True,True,False,False,False,False,False,False
4.0,1,8.0,3.0,5,1,5,1,13.0,0.0,1.0,0.0,127.78,False,True,False,False,False,True,False,False,False,False,False,True,False,False,True,False
1.0,1,12.0,3.0,5,2,3,1,17.0,1.0,2.0,9.0,253.07999999999998,True,False,False,True,False,False,False,False,True,False,False,False,False,False,True,False
1.0,1,28.0,3.0,4,3,3,0,21.0,2.0,2.0,1.0,148.77,False,True,False,False,True,False,False,False,True,False,False,False,True,False,True,False
0.0,1,8.0,2.0,3,3,7,1,19.0,0.0,1.0,2.0,139.77,False,True,False,False,False,False,False,True,True,False,False,False,True,False,True,False
15.0,2,7.0,3.0,5,3,3,0,15.0,2.0,3.0,11.0,316.89,True,False,False,False,False,False,False,True,True,False,False,False,False,True,True,False
22.0,1,6.0,2.0,3,5,3,0,16.0,1.0,1.0,2.0,135.8,False,True,True,False,False,False,False,False,False,False,False,False,True,False,False,False
10.0,3,9.0,4.0,5,3,3,0,14.0,9.0,10.0,1.0,200.96,True,False,False,False,True,False,False,False,True,False,False,False,False,False,True,False
10.0,1,11.0,4.0,4,4,9,0,14.0,1.0,2.0,3.0,176.31,False,False,False,False,False,True,False,False,False,False,True,False,False,False,True,False
2.0,1,6.0,3.0,5,1,2,0,18.0,0.0,2.0,8.0,127.19999999999999,False,False,False,False,False,True,False,False,True,False,False,True,False,False,True,False
0.0,1,11.0,2.0,1,5,2,0,12.0,1.0,1.0,5.0,140.0,False,False,False,False,False,True,False,False,True,False,True,False,False,False,True,False
19.0,1,9.0,4.0,4,5,7,1,14.0,2.0,2.0,5.0,323.59,True,False,False,False,True,False,False,False,True,False,False,False,False,True,True,False
0.0,1,6.0,2.0,4,5,6,0,19.0,2.0,2.0,0.0,142.98,False,False,True,False,False,False,False,False,True,False,True,False,False,False,True,False
8.0,3,35.0,4.0,5,3,3,0,22.0,2.0,2.0,8.0,192.12,True,False,False,False,False,False,True,False,False,False,True,False,False,False,True,False
9.0,2,28.0,2.0,5,3,2,0,11.0,0.0,1.0,0.0,115.55000000000001,True,False,False,False,False,False,False,True,True,False,False,False,True,False,True,False
13.0,1,17.0,4.0,4,5,4,0,14.0,4.0,8.0,8.0,178.77,True,False,False,False,True,False,False,False,True,False,True,False,False,False,True,False
9.0,1,22.0,2.0,3,3,2,0,14.0,0.0,1.0,4.0,121.44,False,False,False,False,False,False,False,False,True,False,False,True,False,False,False,True
14.0,1,33.0,4.0,5,1,5,1,14.0,1.0,2.0,1.0,169.22,False,False,False,False,True,False,False,False,False,False,True,False,False,False,True,False
1.0,3,13.0,3.0,6,3,2,0,17.0,1.0,2.0,1.0,148.51,False,False,False,False,False,False,True,False,False,False,False,False,True,False,True,False
8.0,2,10.0,3.0,4,1,2,0,20.0,2.0,2.0,3.0,162.37,True,False,False,False,False,False,False,True,True,False,False,False,True,False,True,False
12.0,3,17.0,3.0,4,2,3,1,14.0,1.0,2.0,4.0,181.66,False,False,True,False,False,False,False,False,False,False,True,False,False,False,False,True
0.0,1,29.0,3.0,3,2,2,0,22.0,1.0,1.0,2.0,128.86,False,True,False,False,False,True,False,False,False,False,False,True,False,False,True,False
2.0,2,8.0,3.0,4,1,3,0,16.0,2.0,3.0,3.0,152.06,False,False,False,False,False,True,False,False,True,False,False,False,True,False,True,False
15.0,1,16.0,4.0,4,3,4,0,15.0,1.0,2.0,12.0,319.19,False,False,False,False,True,False,False,False,True,False,False,False,False,True,True,False
11.0,3,7.0,3.0,6,1,3,0,15.0,1.0,2.0,3.0,220.25,False,False,False,False,True,False,False,False,True,False,True,False,False,False,True,False
18.0,1,31.0,3.0,6,3,4,0,15.0,1.0,2.0,5.0,162.08,False,False,False,False,True,False,False,False,True,False,False,False,True,False,False,True
3.0,2,13.0,3.0,5,4,3,0,12.0,2.0,2.0,1.0,153.04,True,False,False,False,True,False,False,False,True,False,False,False,True,False,True,False
3.0,1,27.0,3.0,4,1,3,0,14.0,2.0,4.0,11.0,163.12,False,False,False,False,True,False,False,False,True,False,False,False,True,False,True,False
8.0,1,29.0,3.0,5,1,3,1,16.0,4.0,7.0,12.0,182.47,False,False,False,False,False,False,False,True,True,False,True,False,False,False,True,False
7.0,1,6.0,3.0,3,4,2,0,15.0,1.0,1.0,3.0,143.25,False,True,False,False,True,False,False,False,True,False,True,False,False,False,True,False
2.0,3,26.0,2.0,3,1,3,0,14.0,1.0,1.0,2.0,169.31,True,False,False,False,False,False,True,False,True,False,True,False,False,False,True,False
2.0,3,17.0,4.0,4,4,3,0,23.0,1.0,2.0,1.0,135.52,False,True,False,False,True,False,False,False,True,False,False,False,True,False,True,False
6.0,1,13.0,3.0,4,3,5,0,21.0,1.0,2.0,5.0,155.38,True,False,False,False,False,True,False,False,True,False,False,False,True,False,False,True
12.0,1,7.0,3.0,4,3,6,1,15.0,1.0,2.0,1.0,203.61,True,False,False,False,False,True,False,False,False,False,False,False,False,False,False,True
9.0,1,8.0,3.0,5,1,2,0,13.0,1.0,2.0,1.0,178.63,True,False,False,False,True,False,False,False,False,False,True,False,False,False,True,False
19.0,3,8.0,3.0,3,5,9,0,23.0,1.0,15.0,9.0,270.48,True,False,False,False,False,False,True,False,False,True,False,False,False,False,False,False
19.0,1,32.0,4.0,5,1,2,0,14.0,1.0,4.0,9.0,184.06,True,False,False,False,False,True,False,False,False,False,True,False,False,False,True,False
17.0,1,15.0,4.0,4,3,6,1,15.0,1.0,2.0,3.0,170.22,True,False,False,False,False,False,False,True,False,False,True,False,False,False,True,False
10.0,1,31.0,3.0,3,3,4,1,15.0,3.0,10.0,7.0,144.49,False,False,False,False,True,False,False,False,False,False,True,False,False,False,False,False
14.0,1,9.0,4.0,4,1,3,0,14.0,4.0,9.0,9.0,171.61,True,False,False,False,False,True,False,False,True,False,True,False,False,False,False,True
7.0,3,12.0,4.0,4,2,8,0,14.0,2.0,2.0,3.0,224.98,False,False,False,False,False,True,False,False,True,False,True,False,False,False,False,False
9.0,1,6.0,3.0,4,5,2,0,12.0,0.0,3.0,2.0,122.18,False,True,False,False,False,True,False,False,True,False,False,True,False,False,False,False
27.0,1,25.0,3.0,3,5,10,1,11.0,0.0,1.0,4.0,154.85,True,False,False,False,True,False,False,False,False,False,True,False,False,False,True,False
7.0,1,6.0,3.0,3,2,2,0,12.0,6.0,8.0,8.0,126.91,False,True,False,False,False,True,False,False,True,False,False,True,False,False,False,False
5.0,3,11.0,3.0,4,4,3,0,19.0,8.0,8.0,3.0,218.55,False,False,False,False,False,False,True,False,True,False,True,False,False,False,False,True
29.0,1,15.0,2.0,3,2,8,0,11.0,0.0,1.0,3.0,211.02999999999997,True,False,False,False,True,False,False,False,True,True,False,False,False,False,False,False
9.0,1,15.0,3.0,3,5,2,0,20.0,1.0,1.0,4.0,122.88999999999999,False,True,False,False,False,True,False,False,True,False,False,True,False,False,True,False
8.0,1,16.0,2.0,3,3,4,1,16.0,1.0,1.0,4.0,161.42,True,False,False,False,True,False,False,False,False,False,True,False,False,False,False,True
9.0,2,8.0,3.0,4,1,2,0,21.0,1.0,1.0,8.0,138.86,False,False,False,False,False,False,False,True,True,False,True,False,False,False,False,True
9.0,3,21.0,2.0,5,1,2,0,24.0,4.0,11.0,11.0,154.06,False,False,False,False,False,False,True,False,True,False,True,False,False,False,True,False
9.0,1,30.0,2.0,4,3,6,1,14.0,0.0,1.0,3.0,120.28,False,True,False,False,False,True,False,False,True,False,False,True,False,False,False,True
8.0,1,33.0,2.0,3,3,3,0,16.0,1.0,1.0,7.0,168.83,True,False,False,False,False,True,False,False,True,False,True,False,False,False,True,False
24.0,1,9.0,4.0,4,5,3,0,15.0,14.0,15.0,8.0,304.24,False,False,False,False,False,True,False,False,True,True,False,False,False,False,True,False
0.0,3,32.0,2.0,4,5,6,0,15.0,1.0,1.0,1.0,166.96,False,False,False,False,False,False,True,False,False,False,True,False,False,False,False,True
20.0,1,15.0,4.0,5,5,10,1,24.0,2.0,2.0,8.0,171.15,True,False,False,False,False,True,False,False,False,False,True,False,False,False,True,False
1.0,1,10.0,4.0,5,3,3,1,16.0,1.0,2.0,2.0,150.66,False,False,False,False,True,False,False,False,True,False,False,False,True,False,True,False
0.0,3,8.0,2.0,1,3,1,0,14.0,0.0,1.0,7.0,165.0,True,False,False,False,True,False,False,False,False,False,True,False,False,False,False,True
1.0,1,7.0,3.0,3,5,2,0,25.0,1.0,1.0,2.0,135.91,False,True,False,False,True,False,False,False,False,False,False,False,True,False,True,False
1.0,1,9.0,4.0,5,3,8,1,16.0,1.0,2.0,1.0,145.9,False,True,False,False,False,False,False,True,True,False,False,False,True,False,False,True
9.0,1,9.0,2.0,3,4,2,0,12.0,0.0,1.0,7.0,136.92,False,False,True,False,False,False,False,False,True,False,False,False,True,False,True,False
2.0,1,17.0,3.0,4,3,5,0,14.0,1.0,2.0,8.0,161.6,True,False,False,False,False,False,False,True,False,False,True,False,False,False,False,True
31.0,1,16.0,4.0,5,4,6,1,21.0,2.0,2.0,1.0,158.46,True,False,False,False,True,False,False,False,False,False,False,False,True,False,False,False
0.0,3,14.0,2.0,3,2,2,0,24.0,0.0,2.0,2.0,126.1,False,False,False,False,False,False,False,False,True,False,False,True,False,False,False,True
5.0,1,16.0,3.0,4,4,3,0,26.0,2.0,2.0,9.0,231.48000000000002,True,False,False,False,False,True,False,False,True,False,False,False,False,False,True,False
16.0,1,13.0,2.0,3,5,9,0,16.0,1.0,1.0,0.0,199.85,True,False,False,False,False,True,False,False,False,False,False,False,False,False,False,False
8.0,1,13.0,2.0,3,3,4,0,21.0,0.0,1.0,6.0,202.21,True,False,False,False,False,False,False,True,True,False,False,False,False,False,False,True
21.0,3,13.0,3.0,3,5,5,0,11.0,0.0,2.0,2.0,154.86,True,False,False,False,False,False,True,False,True,False,True,False,False,False,True,False
3.0,1,8.0,3.0,4,1,1,0,13.0,0.0,1.0,2.0,127.19999999999999,False,True,False,False,False,False,False,False,True,False,False,True,False,False,False,True
1.0,1,10.0,3.0,4,3,3,0,14.0,1.0,2.0,1.0,139.2,False,True,False,False,False,True,False,False,True,False,False,False,True,False,False,True
11.0,3,17.0,3.0,5,1,4,1,15.0,2.0,2.0,1.0,191.94,True,False,False,False,False,True,False,False,False,False,True,False,False,False,True,False
6.0,1,10.0,4.0,4,5,3,0,13.0,7.0,7.0,4.0,192.25,True,False,False,False,True,False,False,False,False,False,True,False,False,False,False,False
9.0,1,17.0,3.0,3,5,1,0,14.0,1.0,1.0,4.0,120.99000000000001,False,True,False,False,False,True,False,False,True,False,False,True,False,False,True,False
1.0,1,19.0,4.0,4,1,3,0,14.0,2.0,2.0,5.0,151.47,True,False,False,False,False,False,False,True,True,False,False,False,True,False,False,True
4.0,3,6.0,3.0,3,2,9,1,11.0,1.0,1.0,5.0,159.93,True,False,False,False,False,True,False,False,False,False,True,False,False,False,False,True
25.0,1,14.0,3.0,3,5,10,0,13.0,1.0,1.0,4.0,129.5,False,True,False,False,False,False,False,True,False,False,False,True,False,False,True,False
21.0,1,9.0,3.0,4,3,6,0,25.0,2.0,2.0,1.0,149.79,True,False,True,False,False,False,False,False,True,False,False,False,True,False,False,True
8.0,3,15.0,4.0,4,5,7,0,18.0,2.0,2.0,3.0,190.0,True,False,False,False,False,True,False,False,False,False,True,False,False,False,False,False
7.0,1,16.0,3.0,4,3,2,0,14.0,1.0,7.0,7.0,150.63,False,False,True,False,False,False,False,False,True,False,True,False,False,False,True,False
21.0,1,14.0,3.0,1,4,6,0,11.0,0.0,1.0,0.0,125.59,False,True,True,False,False,False,False,False,True,False,False,True,False,False,False,True
16.0,1,9.0,3.0,5,5,2,1,12.0,8.0,8.0,9.0,150.93,True,False,False,False,True,False,False,False,False,False,False,False,True,False,True,False
18.0,1,29.0,2.0,3,5,2,1,15.0,1.0,1.0,8.0,136.33,False,False,False,False,False,True,False,False,True,False,True,False,False,False,False,False
11.0,3,9.0,3.0,3,3,1,0,12.0,1.0,5.0,13.0,206.08999999999997,True,False,False,False,False,True,False,False,True,False,False,False,False,False,True,False
26.0,3,8.0,3.0,4,1,3,0,16.0,0.0,2.0,7.0,254.26999999999998,True,False,False,False,False,True,False,False,False,True,False,False,False,False,True,False
0.0,1,16.0,3.0,3,5,2,1,14.0,1.0,11.0,10.0,270.68,True,False,False,False,True,False,False,False,True,True,False,False,False,False,True,False
16.0,1,24.0,3.0,2,5,5,1,14.0,2.0,2.0,3.0,190.45,True,False,False,False,False,True,False,False,False,False,True,False,False,False,False,True
0.0,2,15.0,3.0,3,3,2,0,15.0,1.0,2.0,2.0,127.41999999999999,False,True,True,False,False,False,False,False,False,False,False,True,False,False,False,False
1.0,1,22.0,4.0,4,3,3,0,13.0,2.0,3.0,3.0,151.1,False,False,False,False,True,False,False,False,True,False,False,False,True,False,True,False
14.0,1,15.0,4.0,4,1,5,1,19.0,3.0,3.0,3.0,165.69,False,False,False,False,False,True,False,False,True,False,True,False,False,False,True,False
20.0,1,11.0,2.0,3,3,5,0,11.0,1.0,1.0,1.0,283.0,True,False,False,False,False,True,False,False,True,False,False,False,False,True,True,False
10.0,3,8.0,3.0,3,3,5,1,11.0,0.0,1.0,0.0,196.02,True,False,False,False,False,False,True,False,True,False,True,False,False,False,False,False
12.0,1,30.0,2.0,3,1,8,0,13.0,1.0,1.0,7.0,141.08,False,True,False,False,False,True,False,False,True,False,True,False,False,False,False,True
4.0,1,9.0,3.0,4,1,2,0,15.0,2.0,7.0,8.0,150.64,False,False,False,False,True,False,False,False,False,False,False,False,True,False,False,True
16.0,1,36.0,4.0,4,4,3,0,14.0,3.0,8.0,9.0,169.34,True,False,False,False,False,True,False,False,True,False,True,False,False,False,False,False
5.0,1,14.0,3.0,3,4,2,0,13.0,0.0,1.0,7.0,123.69999999999999,False,True,False,False,False,False,False,False,False,False,False,True,False,False,False,False
3.0,3,33.0,3.0,3,1,8,0,23.0,2.0,7.0,7.0,153.04,True,False,False,False,False,False,True,False,True,False,True,False,False,False,True,False
1.0,1,22.0,3.0,1,5,1,0,19.0,0.0,1.0,7.0,156.61,True,False,False,False,True,False,False,False,True,False,True,False,False,False,False,True
8.0,3,14.0,3.0,3,3,2,0,13.0,1.0,1.0,0.0,124.03999999999999,False,True,False,False,False,True,False,False,True,False,False,True,False,False,False,False
19.0,3,33.0,3.0,5,5,3,0,16.0,4.0,5.0,6.0,168.85,False,False,False,False,False,False,True,False,True,False,True,False,False,False,True,False
0.0,3,17.0,2.0,2,3,9,0,12.0,1.0,1.0,2.0,147.07,False,False,False,False,False,False,False,True,True,False,True,False,False,False,False,False
5.0,3,27.0,4.0,4,4,3,1,23.0,1.0,2.0,3.0,156.4,True,False,False,False,False,False,True,False,False,False,False,False,True,False,False,True
27.0,1,23.0,2.0,3,3,9,0,11.0,1.0,1.0,8.0,207.39,True,False,False,True,False,False,False,False,False,False,False,False,False,False,False,False
16.0,1,13.0,3.0,4,5,11,0,14.0,6.0,2.0,8.0,258.48,True,False,False,False,True,False,False,False,True,False,False,False,False,False,True,False
17.0,1,16.0,4.0,4,3,5,1,14.0,3.0,5.0,8.0,181.79,False,False,False,False,True,False,False,False,True,False,True,False,False,False,True,False
11.0,1,20.0,3.0,4,1,3,0,18.0,3.0,4.0,8.0,167.85,True,False,False,False,True,False,False,False,True,False,True,False,False,False,True,False
8.0,3,14.0,3.0,4,2,5,1,11.0,2.0,4.0,12.0,203.77,False,False,False,False,False,False,True,False,False,False,False,False,False,False,False,False
10.0,1,27.0,3.0,2,5,2,1,12.0,0.0,1.0,7.0,135.64,False,True,False,False,False,True,False,False,True,False,False,False,True,False,False,False
10.0,1,10.0,2.0,4,4,6,0,13.0,3.0,8.0,8.0,169.85,True,False,True,False,False,False,False,False,True,False,True,False,False,False,False,True
9.0,1,9.0,1.0,3,4,5,0,12.0,2.0,7.0,2.0,120.88,False,False,False,False,False,False,False,False,True,False,False,True,False,False,False,True
19.0,3,9.0,2.0,3,3,4,0,12.0,1.0,4.0,9.0,274.65,True,False,False,False,False,False,True,False,True,True,False,False,False,False,False,False
6.0,3,7.0,3.0,4,1,3,0,20.0,4.0,6.0,3.0,229.22,True,False,False,False,False,False,True,False,False,False,False,False,False,False,True,False
9.0,1,15.0,2.0,3,4,7,0,18.0,0.0,2.0,2.0,120.24000000000001,False,False,False,False,False,False,False,False,True,False,False,True,False,False,True,False
9.0,2,14.0,3.0,4,1,7,0,11.0,1.0,1.0,2.0,121.80000000000001,False,False,False,False,False,False,False,True,False,False,False,True,False,False,True,False
18.0,1,10.0,3.0,4,1,6,1,15.0,1.0,2.0,2.0,320.13,True,False,False,False,False,False,False,True,True,False,False,False,False,True,True,False
27.0,1,13.0,3.0,3,1,5,0,15.0,1.0,1.0,7.0,168.54,True,False,False,False,True,False,False,False,False,False,True,False,False,False,True,False
9.0,1,11.0,3.0,3,4,9,0,16.0,0.0,3.0,7.0,159.14,True,False,False,False,False,True,False,False,True,False,True,False,False,False,False,True
20.0,3,7.0,4.0,4,5,3,0,26.0,9.0,16.0,3.0,229.53,True,False,False,False,False,False,True,False,False,False,False,False,False,False,True,False
9.0,1,27.0,3.0,1,4,2,0,18.0,0.0,2.0,13.0,120.28,False,True,False,False,False,False,False,False,True,False,False,True,False,False,True,False
30.0,1,7.0,3.0,3,5,4,1,15.0,1.0,1.0,5.0,297.01,True,False,False,False,True,False,False,False,False,False,False,False,False,True,True,False
3.0,1,12.0,2.0,4,1,1,0,12.0,5.0,6.0,7.0,146.27,False,True,True,False,False,False,False,False,False,False,True,False,False,False,True,False
1.0,3,20.0,3.0,4,4,7,0,12.0,2.0,2.0,1.0,182.65,False,False,True,False,False,False,False,False,False,False,True,False,False,False,False,True
0.0,1,14.0,2.0,4,1,6,0,12.0,1.0,1.0,3.0,123.66999999999999,False,True,True,False,False,False,False,False,True,False,False,True,False,False,True,False
31.0,3,28.0,4.0,4,1,6,1,15.0,2.0,2.0,1.0,303.75,True,False,False,False,False,True,False,False,False,True,False,False,False,False,True,False
10.0,1,15.0,3.0,4,3,3,0,14.0,8.0,13.0,3.0,225.96,True,False,False,True,False,False,False,False,False,False,False,False,False,False,True,False
8.0,1,9.0,3.0,5,5,3,0,12.0,2.0,2.0,4.0,168.81,True,False,False,False,True,False,False,False,False,False,False,False,True,False,False,True
10.0,3,18.0,4.0,4,1,2,0,15.0,1.0,3.0,3.0,222.38,False,False,False,True,False,False,False,False,False,False,False,False,False,False,True,False
8.0,2,32.0,2.0,3,1,2,1,16.0,1.0,1.0,7.0,188.37,True,False,False,False,False,True,False,False,False,False,False,False,False,False,False,True
1.0,1,6.0,2.0,5,2,1,0,11.0,7.0,7.0,5.0,166.74,False,False,False,False,False,True,False,False,False,False,True,False,False,False,False,False
2.0,1,14.0,3.0,4,1,7,0,14.0,1.0,1.0,3.0,125.32,False,True,False,False,False,False,False,False,False,False,False,True,False,False,True,False
12.0,1,8.0,3.0,3,3,1,0,25.0,10.0,11.0,3.0,209.38,False,False,False,True,False,False,False,False,False,False,False,False,False,False,False,True
9.0,1,6.0,3.0,4,3,2,0,14.0,0.0,1.0,0.0,115.63,True,False,False,False,False,True,False,False,True,False,False,False,True,False,True,False
0.0,3,10.0,2.0,4,1,2,1,12.0,4.0,7.0,4.0,158.28,True,False,False,False,False,False,True,False,True,False,True,False,False,False,False,True
16.0,3,10.0,2.0,4,1,4,0,14.0,10.0,15.0,17.0,202.31,True,False,False,False,False,False,True,False,False,False,False,False,False,False,False,True
1.0,1,9.0,4.0,2,3,3,0,18.0,2.0,2.0,8.0,177.06,False,False,False,False,False,True,False,False,True,False,True,False,False,False,True,False
16.0,3,12.0,4.0,4,4,11,1,20.0,6.0,8.0,3.0,209.46,True,False,False,False,False,True,False,False,True,False,False,False,False,False,False,True
7.0,1,11.0,3.0,4,4,7,0,16.0,1.0,2.0,8.0,155.55,False,False,True,False,False,False,False,False,True,False,True,False,False,False,True,False
1.0,3,12.0,3.0,4,3,8,0,15.0,1.0,2.0,1.0,308.03,True,False,False,False,False,False,True,False,True,False,False,False,False,True,True,False
1.0,1,17.0,3.0,5,5,3,0,14.0,1.0,2.0,1.0,139.16,False,True,False,False,False,True,False,False,False,False,False,False,True,False,False,True
13.0,3,32.0,3.0,3,5,2,0,14.0,3.0,7.0,5.0,183.96,True,False,False,False,False,False,True,False,True,False,True,False,False,False,True,False
5.0,3,9.0,3.0,4,3,3,1,20.0,4.0,10.0,3.0,223.52,False,False,False,False,False,True,False,False,False,False,False,False,False,False,True,False
6.0,1,9.0,3.0,5,5,6,0,14.0,1.0,2.0,5.0,146.76,False,True,True,False,False,False,False,False,True,False,True,False,False,False,False,True
1.0,3,33.0,3.0,5,5,7,0,16.0,2.0,2.0,2.0,191.96,False,False,False,False,False,False,True,False,False,False,True,False,False,False,False,True
12.0,1,11.0,3.0,4,3,9,0,20.0,1.0,2.0,1.0,158.06,True,False,False,False,True,False,False,False,False,False,False,False,True,False,True,False
6.0,1,31.0,2.0,4,4,2,0,13.0,1.0,1.0,2.0,143.2,False,True,False,False,False,True,False,False,True,False,True,False,False,False,False,True
5.0,2,15.0,4.0,2,4,11,0,19.0,2.0,2.0,3.0,146.09,False,True,False,False,True,False,False,False,False,False,False,False,True,False,False,True
25.0,1,18.0,3.0,5,4,5,0,17.0,1.0,2.0,4.0,256.42,True,False,False,True,False,False,False,False,False,True,False,False,False,False,False,True
3.0,1,16.0,3.0,4,3,11,0,18.0,1.0,2.0,3.0,154.74,True,False,False,False,True,False,False,False,False,False,False,False,True,False,True,False
6.0,1,14.0,3.0,3,3,3,1,17.0,0.0,1.0,0.0,163.88,True,False,False,False,False,True,False,False,True,False,True,False,False,False,False,True
15.0,1,29.0,4.0,4,2,5,1,15.0,1.0,4.0,4.0,179.67,False,False,False,False,False,True,False,False,False,False,True,False,False,False,True,False
0.0,3,30.0,2.0,4,4,1,1,23.0,2.0,10.0,10.0,145.99,False,True,False,False,True,False,False,False,False,False,True,False,False,False,False,True
21.0,1,6.0,2.0,1,1,3,0,22.0,1.0,2.0,1.0,268.85,False,False,False,False,True,False,False,False,True,True,False,False,False,False,False,True
0.0,1,14.0,2.0,3,5,2,0,25.0,0.0,1.0,0.0,125.52000000000001,False,True,False,False,False,True,False,False,True,False,False,True,False,False,False,True
8.0,1,22.0,3.0,4,4,2,0,19.0,1.0,3.0,3.0,186.06,True,False,False,False,False,True,False,False,False,False,False,False,False,False,False,True
18.0,1,14.0,2.0,3,4,9,0,18.0,1.0,1.0,15.0,123.47999999999999,False,True,False,False,False,True,False,False,True,False,True,False,False,False,True,False
31.0,3,23.0,3.0,4,5,10,0,15.0,3.0,3.0,3.0,179.05,True,False,False,False,False,False,True,False,True,False,True,False,False,False,False,True
18.0,2,7.0,3.0,4,1,6,1,19.0,3.0,3.0,3.0,156.95,True,False,False,False,False,True,False,False,False,False,False,False,True,False,True,False
26.0,1,35.0,3.0,2,3,4,1,12.0,1.0,2.0,3.0,257.47,False,False,False,False,True,False,False,False,False,True,False,False,False,False,False,False
2.0,1,7.0,2.0,3,5,1,0,12.0,0.0,1.0,2.0,153.73,True,False,False,False,False,True,False,False,True,False,True,False,False,False,True,False
0.0,3,14.0,3.0,5,5,1,0,21.0,1.0,1.0,0.0,123.25,False,False,True,False,False,False,False,False,False,False,False,True,False,False,False,True
9.0,3,15.0,2.0,3,1,5,0,11.0,0.0,4.0,3.0,200.96,True,False,False,False,False,False,True,False,True,False,False,False,False,False,True,False
12.0,1,31.0,3.0,3,3,4,0,21.0,0.0,1.0,3.0,209.2,False,False,False,False,False,True,False,False,True,False,False,False,False,False,True,False
19.0,1,7.0,4.0,4,1,5,0,15.0,2.0,2.0,3.0,147.7,False,True,False,False,True,False,False,False,False,False,False,False,True,False,True,False
9.0,1,6.0,3.0,3,1,3,1,16.0,0.0,2.0,0.0,122.93,False,True,False,False,False,False,False,False,True,False,False,True,False,False,True,False
24.0,3,32.0,3.0,3,3,3,0,14.0,1.0,4.0,17.0,263.07,True,False,False,False,False,False,True,False,False,True,False,False,False,False,False,False
0.0,1,16.0,2.0,5,2,8,0,13.0,0.0,1.0,3.0,134.08,False,True,False,False,False,False,False,False,True,False,False,True,False,False,True,False
6.0,1,9.0,3.0,4,3,6,1,15.0,2.0,2.0,8.0,174.98,False,False,False,False,False,True,False,False,False,False,True,False,False,False,False,True
16.0,3,8.0,3.0,3,1,2,0,20.0,5.0,7.0,7.0,156.75,False,False,False,False,False,True,False,False,True,False,True,False,False,False,True,False
9.0,1,6.0,2.0,3,4,1,0,15.0,0.0,1.0,5.0,152.28,True,False,False,False,False,False,False,True,False,False,True,False,False,False,False,False
0.0,3,11.0,3.0,3,3,2,1,13.0,1.0,1.0,0.0,128.51,False,True,False,False,False,False,True,False,False,False,False,True,False,False,False,True
8.0,1,9.0,3.0,5,3,3,0,18.0,1.0,2.0,3.0,220.47,False,False,False,False,False,True,False,False,True,False,True,False,False,False,False,False
16.0,1,36.0,4.0,4,4,3,0,14.0,6.0,8.0,9.0,169.34,True,False,False,False,False,True,False,False,True,False,True,False,False,False,True,False
7.0,1,14.0,3.0,4,3,2,0,12.0,2.0,2.0,8.0,241.91000000000003,True,False,False,False,True,False,False,False,True,False,False,False,False,False,True,False
20.0,3,7.0,4.0,4,5,3,0,26.0,5.0,16.0,3.0,229.53,True,False,False,False,False,False,True,False,False,False,False,False,False,False,True,False
5.0,1,11.0,3.0,1,4,1,1,12.0,1.0,1.0,5.0,132.98,False,True,False,False,False,True,False,False,True,False,False,True,False,False,True,False
5.0,3,14.0,2.0,1,2,2,0,15.0,0.0,1.0,8.0,162.09,True,False,False,False,True,False,False,False,True,False,True,False,False,False,False,False
0.0,1,10.0,3.0,4,3,6,0,16.0,0.0,1.0,2.0,138.94,False,False,True,False,False,False,False,False,True,False,False,False,True,False,False,True
10.0,1,12.0,3.0,4,5,6,0,13.0,2.0,2.0,3.0,205.08,True,False,False,False,False,True,False,False,False,False,False,False,False,False,True,False
5.0,1,14.0,3.0,3,5,2,0,14.0,1.0,1.0,2.0,124.38999999999999,False,True,True,False,False,False,False,False,True,False,False,True,False,False,False,True
29.0,2,14.0,3.0,3,4,7,0,15.0,2.0,7.0,7.0,297.17,True,False,False,False,False,True,False,False,True,False,False,False,False,True,False,True
20.0,1,14.0,2.0,4,3,4,0,15.0,1.0,2.0,1.0,177.58,False,False,False,False,True,False,False,False,False,False,True,False,False,False,False,False
19.0,2,7.0,2.0,3,5,7,0,12.0,2.0,5.0,7.0,134.23,False,True,False,False,False,True,False,False,False,False,False,True,False,False,False,True
20.0,1,22.0,3.0,1,3,2,1,19.0,1.0,2.0,7.0,150.67,False,False,False,False,True,False,False,False,True,False,True,False,False,False,True,False
0.0,1,6.0,2.0,3,4,2,0,20.0,0.0,1.0,4.0,163.97,False,False,False,False,False,True,False,False,False,False,True,False,False,False,True,False
8.0,1,8.0,2.0,3,1,3,0,14.0,0.0,1.0,7.0,157.62,False,False,False,False,True,False,False,False,True,False,True,False,False,False,True,False
19.0,1,20.0,3.0,3,4,10,1,18.0,1.0,4.0,3.0,149.63,True,False,False,False,False,True,False,False,False,False,False,False,True,False,False,False
14.0,1,14.0,2.0,5,1,3,0,15.0,1.0,1.0,3.0,206.5,False,False,False,False,False,True,False,False,True,False,False,False,False,False,False,True
9.0,3,11.0,2.0,3,1,4,0,14.0,0.0,1.0,0.0,120.86000000000001,False,True,False,True,False,False,False,False,True,False,True,False,False,False,True,False
1.0,1,19.0,4.0,4,1,3,1,12.0,2.0,2.0,1.0,150.15,True,False,False,False,False,True,False,False,False,False,False,False,True,False,True,False
1.0,1,27.0,4.0,4,3,5,0,13.0,2.0,2.0,3.0,223.24,False,False,False,False,False,True,False,False,True,False,False,False,False,False,True,False
9.0,1,16.0,3.0,4,3,3,0,20.0,1.0,2.0,9.0,175.98,True,False,False,False,True,False,False,False,True,False,True,False,False,False,False,True
25.0,1,13.0,3.0,5,3,2,0,15.0,4.0,8.0,8.0,153.38,False,False,False,False,True,False,False,False,False,False,False,False,True,False,False,True
26.0,1,8.0,2.0,1,4,5,0,12.0,1.0,8.0,8.0,265.98,True,False,False,False,True,False,False,False,True,True,False,False,False,False,False,True
9.0,1,16.0,2.0,1,3,3,0,16.0,0.0,2.0,2.0,120.72999999999999,False,True,False,True,False,False,False,False,True,False,False,True,False,False,True,False
7.0,1,7.0,3.0,5,3,3,0,13.0,1.0,2.0,1.0,145.08,False,False,False,False,True,False,False,False,True,False,False,False,True,False,True,False
14.0,3,9.0,3.0,4,4,9,0,13.0,1.0,2.0,4.0,182.15,True,False,False,False,False,False,True,False,False,False,True,False,False,False,True,False
9.0,1,6.0,2.0,4,3,7,0,12.0,1.0,1.0,7.0,122.58000000000001,False,True,False,False,False,False,False,False,True,False,False,True,False,False,True,False
7.0,1,7.0,2.0,4,4,6,0,17.0,1.0,1.0,2.0,132.94,False,True,False,False,False,True,False,False,False,False,False,True,False,False,True,False
1.0,3,29.0,3.0,4,3,3,1,20.0,1.0,2.0,1.0,141.75,False,True,False,False,False,False,True,False,True,False,False,False,True,False,False,True
0.0,1,13.0,3.0,1,5,1,0,12.0,0.0,1.0,7.0,135.78,False,True,False,False,False,False,False,True,True,False,False,False,True,False,False,True
3.0,1,8.0,2.0,4,2,6,1,24.0,1.0,1.0,0.0,168.77,True,False,False,False,True,False,False,False,False,False,True,False,False,False,False,True
10.0,2,14.0,2.0,3,4,3,0,13.0,4.0,4.0,7.0,140.71,False,True,False,False,False,False,False,True,True,False,True,False,False,False,True,False
11.0,1,17.0,3.0,4,4,4,1,13.0,1.0,2.0,2.0,166.97,True,False,False,False,False,True,False,False,True,False,True,False,False,False,False,True
19.0,1,14.0,3.0,3,3,9,0,11.0,6.0,9.0,8.0,123.38999999999999,False,True,True,False,False,False,False,False,True,False,False,True,False,False,True,False
10.0,1,10.0,3.0,4,1,7,0,23.0,1.0,2.0,1.0,153.35,True,False,False,False,False,True,False,False,False,False,False,False,True,False,True,False
19.0,1,35.0,4.0,4,1,6,0,21.0,2.0,2.0,4.0,146.32,False,True,True,False,False,False,False,False,True,False,False,False,True,False,True,False
0.0,3,19.0,2.0,3,3,4,1,11.0,0.0,2.0,2.0,198.54,True,False,False,False,False,False,True,False,False,False,True,False,False,False,False,True
6.0,3,22.0,2.0,3,1,2,1,25.0,0.0,1.0,2.0,153.68,False,False,False,False,False,True,False,False,False,False,True,False,False,False,True,False
4.0,3,11.0,3.0,3,1,2,0,11.0,0.0,1.0,2.0,154.76,True,False,False,False,False,True,False,False,False,False,True,False,False,False,True,False
1.0,1,10.0,3.0,4,5,7,1,12.0,2.0,2.0,5.0,151.57,True,False,True,False,False,False,False,False,False,False,False,False,True,False,False,True
9.0,2,33.0,3.0,4,1,3,1,17.0,2.0,2.0,3.0,213.37,True,False,False,False,False,True,False,False,False,False,False,False,False,False,False,True
9.0,1,23.0,3.0,5,3,2,0,15.0,0.0,1.0,2.0,123.05000000000001,False,True,False,False,False,False,False,False,True,False,False,True,False,False,True,False
1.0,1,11.0,4.0,5,3,7,0,17.0,1.0,2.0,3.0,163.94,False,False,True,False,False,False,False,False,True,False,False,False,True,False,False,True
0.0,1,14.0,2.0,3,4,2,1,12.0,0.0,1.0,2.0,124.78,False,True,False,False,False,True,False,False,False,False,False,True,False,False,False,True
9.0,1,23.0,4.0,4,3,6,1,13.0,1.0,2.0,1.0,201.32,True,False,False,False,False,True,False,False,True,False,False,False,False,False,True,False
11.0,1,17.0,3.0,4,4,4,1,13.0,1.0,2.0,2.0,166.97,True,False,False,False,False,True,False,False,True,False,True,False,False,False,False,True
1.0,1,8.0,3.0,4,4,1,0,17.0,0.0,1.0,4.0,132.01,False,True,False,False,False,True,False,False,True,False,False,True,False,False,False,False
16.0,1,9.0,3.0,4,5,2,0,15.0,6.0,14.0,8.0,301.65,True,False,False,False,True,False,False,False,True,True,False,False,False,False,False,False
0.0,3,8.0,3.0,3,3,2,1,11.0,0.0,1.0,4.0,144.78,False,True,False,False,False,True,False,False,True,False,True,False,False,False,False,True
10.0,3,33.0,3.0,1,3,5,1,12.0,1.0,1.0,3.0,163.97,False,False,False,False,False,True,False,False,False,False,True,False,False,False,False,True
1.0,3,35.0,4.0,4,4,3,0,21.0,2.0,2.0,5.0,187.72,True,False,False,False,False,False,True,False,True,False,True,False,False,False,False,False
20.0,1,22.0,3.0,4,4,7,0,15.0,2.0,2.0,4.0,315.81,True,False,False,False,False,True,False,False,True,False,False,False,False,True,True,False
0.0,1,14.0,3.0,5,1,2,1,18.0,0.0,1.0,0.0,123.4,False,True,True,False,False,False,False,False,True,False,False,True,False,False,False,True
17.0,1,8.0,2.0,3,3,6,1,18.0,0.0,2.0,2.0,202.09,False,False,False,False,True,False,False,False,True,False,False,False,False,False,False,True
10.0,3,15.0,2.0,5,3,8,0,11.0,1.0,14.0,3.0,229.36,False,False,False,False,False,True,False,False,True,True,False,False,False,False,True,False
12.0,1,9.0,4.0,2,5,8,1,13.0,5.0,5.0,13.0,184.8,False,False,False,False,False,True,False,False,False,False,True,False,False,False,False,True
1.0,1,11.0,3.0,4,5,3,0,20.0,2.0,2.0,1.0,154.73,True,False,True,False,False,False,False,False,True,False,False,False,True,False,False,True
16.0,1,7.0,3.0,5,1,11,1,14.0,1.0,2.0,3.0,185.62,True,False,False,False,False,True,False,False,False,False,True,False,False,False,True,False
12.0,1,14.0,3.0,2,3,3,0,12.0,1.0,2.0,4.0,151.1,False,False,False,False,False,True,False,False,True,False,False,False,True,False,True,False
11.0,3,6.0,3.0,4,5,5,0,14.0,0.0,1.0,0.0,128.58,False,True,False,False,False,True,False,False,True,False,False,True,False,False,False,True
6.0,1,11.0,3.0,3,4,7,0,11.0,2.0,8.0,3.0,218.77999999999997,False,False,False,False,False,True,False,False,False,False,False,False,False,False,False,False
0.0,1,14.0,2.0,3,2,6,1,13.0,0.0,1.0,4.0,124.36000000000001,False,True,False,False,False,False,False,False,True,False,False,True,False,False,False,False
29.0,1,25.0,4.0,4,4,5,1,15.0,3.0,7.0,8.0,188.85,False,False,False,False,True,False,False,False,True,False,True,False,False,False,True,False
7.0,1,14.0,3.0,4,3,2,0,12.0,1.0,2.0,8.0,241.91000000000003,True,False,False,False,True,False,False,False,True,False,False,False,False,False,False,False
21.0,1,32.0,3.0,4,3,4,0,24.0,2.0,13.0,3.0,211.33,True,False,False,False,True,False,False,False,True,False,False,False,False,False,False,True
30.0,3,34.0,3.0,4,5,5,0,19.0,13.0,13.0,11.0,202.66,False,False,False,False,False,False,True,False,False,False,False,False,False,False,False,False
3.0,1,30.0,3.0,2,3,3,0,25.0,2.0,2.0,8.0,152.0,True,False,False,False,False,True,False,False,True,False,False,False,True,False,True,False
2.0,1,16.0,4.0,4,3,7,0,19.0,1.0,3.0,3.0,148.77,False,True,False,False,True,False,False,False,False,False,False,False,True,False,True,False
16.0,1,31.0,3.0,4,5,3,1,22.0,6.0,6.0,9.0,199.06,True,False,False,False,True,False,False,False,True,False,False,False,False,False,True,False
1.0,1,7.0,4.0,5,4,3,1,12.0,2.0,3.0,3.0,145.7,False,True,True,False,False,False,False,False,False,False,False,False,True,False,False,True
8.0,1,14.0,2.0,1,3,4,0,13.0,0.0,2.0,2.0,125.06,False,True,False,False,False,True,False,False,False,False,False,True,False,False,False,True
1.0,1,13.0,4.0,2,1,2,0,19.0,3.0,8.0,8.0,150.44,False,False,False,False,False,False,False,True,True,False,False,False,True,False,True,False
0.0,1,29.0,3.0,1,1,2,1,11.0,0.0,1.0,4.0,127.25,False,True,False,False,False,False,False,False,True,False,False,True,False,False,True,False
17.0,1,13.0,3.0,5,1,6,1,15.0,1.0,2.0,1.0,291.27,True,False,False,False,False,False,False,True,True,True,False,False,False,False,True,False
6.0,1,6.0,2.0,4,1,1,0,14.0,1.0,1.0,4.0,169.49,True,False,False,False,False,True,False,False,False,False,True,False,False,False,False,True
7.0,3,34.0,3.0,4,3,2,0,21.0,1.0,1.0,7.0,167.12,True,False,False,False,False,False,True,False,False,False,True,False,False,False,True,False
0.0,1,14.0,3.0,3,3,2,0,11.0,1.0,1.0,3.0,125.16999999999999,False,True,False,False,False,True,False,False,True,False,False,True,False,False,True,False
7.0,1,14.0,3.0,3,3,4,0,11.0,0.0,4.0,3.0,161.42,True,False,False,False,True,False,False,False,False,False,True,False,False,False,False,True
13.0,3,20.0,2.0,3,5,2,0,15.0,0.0,1.0,2.0,146.39,False,True,False,False,False,True,False,False,False,False,True,False,False,False,True,False
7.0,3,8.0,2.0,3,1,2,0,22.0,0.0,1.0,4.0,162.74,True,False,False,False,False,False,False,True,True,False,True,False,False,False,False,True
6.0,1,11.0,3.0,3,4,7,0,11.0,7.0,8.0,3.0,218.77999999999997,False,False,False,False,False,True,False,False,False,False,False,False,False,False,True,False
26.0,1,13.0,2.0,2,3,4,0,19.0,0.0,2.0,3.0,248.14,True,False,False,False,False,True,False,False,True,True,False,False,False,False,False,False
9.0,1,15.0,3.0,4,3,3,0,13.0,1.0,3.0,10.0,166.48,False,False,False,False,False,True,False,False,False,False,True,False,False,False,True,False
30.0,2,15.0,3.0,4,4,8,0,15.0,2.0,8.0,8.0,322.17,True,False,False,False,False,True,False,False,True,False,False,False,False,True,False,True
15.0,3,20.0,3.0,4,3,8,0,17.0,1.0,1.0,3.0,162.44,True,False,False,False,True,False,False,False,False,False,True,False,False,False,False,True
1.0,1,16.0,3.0,4,5,9,0,23.0,2.0,2.0,5.0,167.0,True,False,False,False,True,False,False,False,False,False,False,False,True,False,False,True
7.0,1,22.0,4.0,4,1,2,1,14.0,7.0,9.0,2.0,173.78,True,False,False,False,True,False,False,False,False,False,True,False,False,False,True,False
12.0,1,36.0,3.0,4,1,5,0,19.0,1.0,2.0,8.0,187.61,True,False,True,False,False,False,False,False,True,False,True,False,False,False,True,False
14.0,3,10.0,3.0,5,3,3,1,15.0,2.0,2.0,3.0,151.83,True,False,False,False,False,False,True,False,True,False,False,False,True,False,True,False
9.0,3,6.0,2.0,3,1,2,1,14.0,3.0,4.0,11.0,162.01,True,False,False,False,False,True,False,False,True,False,True,False,False,False,True,False
1.0,1,10.0,4.0,4,5,7,0,14.0,2.0,2.0,3.0,165.31,True,False,False,False,True,False,False,False,True,False,False,False,True,False,False,False
12.0,1,22.0,4.0,5,1,2,1,15.0,3.0,2.0,10.0,240.10000000000002,True,False,False,False,False,True,False,False,True,False,False,False,False,False,True,False
0.0,1,25.0,3.0,4,5,2,0,11.0,0.0,1.0,7.0,140.66,False,True,False,False,False,False,False,True,True,False,False,False,True,False,True,False
9.0,1,11.0,3.0,4,5,7,0,17.0,1.0,1.0,0.0,121.07,False,False,False,False,False,True,False,False,True,False,False,True,False,False,True,False
6.0,3,33.0,4.0,4,1,2,0,19.0,3.0,3.0,3.0,169.65,False,False,False,False,False,False,True,False,True,False,True,False,False,False,True,False
9.0,1,7.0,2.0,4,3,1,0,15.0,0.0,1.0,2.0,143.74,False,False,False,False,True,False,False,False,False,False,True,False,False,False,True,False
16.0,1,36.0,4.0,4,3,4,0,12.0,2.0,2.0,3.0,170.56,False,False,False,False,False,True,False,False,False,False,True,False,False,False,True,False
11.0,1,7.0,3.0,4,1,3,0,13.0,2.0,6.0,8.0,146.15,False,True,False,False,False,True,False,False,False,False,False,False,True,False,False,True
0.0,1,16.0,3.0,1,3,2,0,18.0,0.0,1.0,2.0,135.05,False,True,False,False,True,False,False,False,True,False,False,True,False,False,False,True
26.0,1,13.0,2.0,1,3,4,0,19.0,0.0,2.0,3.0,248.14,True,False,False,False,False,True,False,False,True,True,False,False,False,False,True,False
3.0,3,22.0,3.0,3,3,9,0,15.0,1.0,2.0,2.0,153.01,True,False,False,False,False,True,False,False,True,False,True,False,False,False,True,False
12.0,1,19.0,1.0,5,5,4,0,16.0,2.0,2.0,3.0,187.88,False,False,False,False,False,True,False,False,True,False,True,False,False,False,True,False
7.0,2,9.0,4.0,4,3,3,0,14.0,2.0,2.0,5.0,161.0,True,False,False,False,False,False,False,True,True,False,False,False,True,False,True,False
16.0,1,21.0,3.0,4,3,2,0,24.0,1.0,6.0,11.0,276.03,True,False,False,False,False,True,False,False,True,True,False,False,False,False,True,False
0.0,1,14.0,2.0,4,5,1,1,22.0,1.0,1.0,2.0,123.21000000000001,False,False,False,False,False,False,False,False,True,False,False,True,False,False,False,True
13.0,3,10.0,3.0,4,2,8,0,11.0,2.0,2.0,11.0,208.55,True,False,False,False,False,False,True,False,True,False,False,False,False,False,False,False
0.0,3,8.0,3.0,3,5,1,0,11.0,1.0,1.0,2.0,130.41,False,True,False,False,False,False,True,False,True,False,False,True,False,False,True,False
1.0,3,14.0,3.0,5,2,11,0,22.0,2.0,2.0,2.0,240.57,True,False,False,False,False,True,False,False,True,False,False,False,False,False,True,False
12.0,1,15.0,2.0,3,5,2,0,25.0,0.0,7.0,9.0,151.51,True,False,False,False,True,False,False,False,True,False,True,False,False,False,True,False
20.0,3,17.0,4.0,5,2,4,1,20.0,2.0,2.0,3.0,215.71,True,False,False,False,False,False,True,False,False,False,False,False,False,False,False,False
4.0,1,14.0,4.0,4,3,3,0,14.0,1.0,2.0,1.0,137.74,False,False,True,False,False,False,False,False,True,False,False,False,True,False,True,False
1.0,3,22.0,3.0,6,1,8,1,15.0,2.0,3.0,3.0,179.4,True,False,False,False,True,False,False,False,True,False,True,False,False,False,True,False
6.0,3,14.0,2.0,4,1,1,0,19.0,0.0,2.0,2.0,123.41999999999999,False,False,False,False,False,True,False,False,False,False,False,True,False,False,False,True
1.0,1,10.0,4.0,4,5,2,0,23.0,1.0,2.0,5.0,156.02,False,False,True,False,False,False,False,False,True,False,False,False,True,False,False,True
0.0,1,16.0,2.0,5,1,8,0,13.0,0.0,1.0,3.0,134.08,False,True,False,False,False,False,False,False,True,False,False,True,False,False,True,False
1.0,1,9.0,3.0,4,1,3,1,14.0,1.0,2.0,4.0,162.6,False,False,True,False,False,False,False,False,False,False,False,False,True,False,False,True
11.0,3,16.0,4.0,4,4,3,0,14.0,7.0,8.0,3.0,213.34,False,False,False,False,True,False,False,False,True,False,False,False,False,False,True,False
22.0,1,7.0,2.0,3,3,5,0,14.0,1.0,2.0,0.0,253.79000000000002,True,False,False,False,False,True,False,False,True,True,False,False,False,False,False,True
11.0,3,13.0,4.0,4,2,6,0,15.0,1.0,2.0,2.0,190.02,True,False,False,False,True,False,False,False,True,False,True,False,False,False,False,False
9.0,3,17.0,3.0,4,1,5,0,13.0,1.0,1.0,0.0,166.52,True,False,False,False,False,False,True,False,False,False,True,False,False,False,True,False
1.0,1,36.0,4.0,4,5,3,0,14.0,2.0,2.0,3.0,164.07,True,False,False,False,True,False,False,False,True,False,False,False,True,False,True,False
9.0,1,6.0,3.0,4,3,2,0,13.0,0.0,1.0,3.0,120.07,False,False,False,False,False,False,False,False,False,False,False,True,False,False,True,False
21.0,1,9.0,3.0,5,1,11,1,15.0,2.0,2.0,1.0,148.8,False,False,False,False,False,True,False,False,True,False,False,False,True,False,True,False
10.0,3,24.0,3.0,5,4,4,0,17.0,2.0,2.0,4.0,180.07,True,False,False,False,False,False,True,False,True,False,True,False,False,False,True,False
13.0,1,14.0,2.0,4,1,1,1,20.0,0.0,2.0,3.0,123.41999999999999,False,True,False,False,False,False,False,False,False,False,False,True,False,False,False,True
21.0,1,6.0,2.0,4,5,8,0,11.0,0.0,2.0,2.0,254.01999999999998,True,False,False,False,False,True,False,False,False,True,False,False,False,False,False,False
9.0,1,32.0,3.0,5,2,6,0,15.0,1.0,2.0,3.0,161.81,True,False,False,False,False,False,False,True,True,False,True,False,False,False,False,True
3.0,3,12.0,3.0,5,4,3,1,14.0,1.0,2.0,10.0,166.87,True,False,False,False,True,False,False,False,True,False,True,False,False,False,True,False
1.0,1,12.0,3.0,4,1,2,1,15.0,2.0,2.0,3.0,148.79,False,False,False,False,False,True,False,False,False,False,False,False,True,False,False,True
7.0,2,6.0,3.0,4,5,10,0,14.0,2.0,3.0,6.0,204.82,True,False,False,False,True,False,False,False,True,False,False,False,False,False,True,False
1.0,1,35.0,3.0,5,4,2,0,14.0,0.0,1.0,7.0,165.49,True,False,False,False,False,True,False,False,True,False,True,False,False,False,True,False
8.0,1,22.0,3.0,4,4,2,0,19.0,3.0,3.0,3.0,186.06,True,False,False,False,False,True,False,False,False,False,False,False,False,False,False,True
3.0,3,17.0,3.0,4,3,3,0,12.0,1.0,2.0,1.0,151.42,True,False,False,False,False,True,False,False,True,False,False,False,True,False,False,True
11.0,1,36.0,3.0,4,4,3,1,13.0,6.0,2.0,10.0,243.49,False,False,False,False,False,True,False,False,True,False,False,False,False,False,False,False
10.0,1,6.0,2.0,4,5,3,0,14.0,1.0,1.0,2.0,139.2,False,True,False,False,True,False,False,False,False,False,False,False,True,False,False,False
9.0,1,13.0,2.0,4,4,2,0,12.0,1.0,1.0,1.0,121.41,False,True,False,False,False,False,False,False,True,False,False,True,False,False,True,False
4.0,3,15.0,4.0,4,3,7,0,12.0,3.0,8.0,8.0,197.64,True,False,False,False,False,False,False,True,True,False,False,False,False,False,True,False
9.0,1,9.0,3.0,5,4,4,0,19.0,3.0,7.0,3.0,227.74,True,False,False,False,False,True,False,False,True,False,False,False,False,False,True,False
0.0,1,14.0,2.0,2,4,2,1,16.0,0.0,2.0,2.0,123.28,False,True,False,False,False,True,False,False,True,False,False,True,False,False,True,False
20.0,3,33.0,4.0,5,4,10,0,16.0,3.0,3.0,3.0,204.91,False,False,False,False,False,True,False,False,True,False,True,False,False,False,False,True
0.0,1,6.0,2.0,4,2,7,0,22.0,2.0,2.0,2.0,147.75,False,True,False,False,False,True,False,False,True,False,True,False,False,False,False,False
9.0,1,15.0,3.0,2,1,3,0,20.0,2.0,2.0,2.0,147.69,False,True,False,False,False,True,False,False,True,False,False,False,True,False,True,False
14.0,1,9.0,3.0,5,3,4,0,15.0,1.0,3.0,3.0,153.09,True,False,False,False,False,True,False,False,True,False,False,False,True,False,False,True
4.0,1,8.0,3.0,3,3,2,0,14.0,1.0,1.0,3.0,134.77,False,True,False,False,False,True,False,False,True,False,False,True,False,False,True,False
9.0,1,6.0,2.0,4,3,2,0,12.0,0.0,1.0,0.0,120.08000000000001,False,False,False,False,False,False,False,False,True,False,False,True,False,False,True,False
20.0,3,9.0,4.0,6,4,5,1,15.0,7.0,8.0,8.0,293.72,True,False,False,True,False,False,False,False,False,True,False,False,False,False,False,False
1.0,3,36.0,4.0,6,5,10,0,19.0,1.0,3.0,3.0,174.69,False,False,False,False,True,False,False,False,True,False,True,False,False,False,False,True
8.0,1,7.0,4.0,4,4,3,0,16.0,2.0,2.0,4.0,168.25,True,False,False,False,True,False,False,False,True,False,True,False,False,False,True,False
3.0,3,28.0,3.0,3,5,1,0,11.0,3.0,7.0,8.0,184.12,False,False,False,False,False,False,False,True,False,False,False,False,False,False,True,False
0.0,3,10.0,2.0,3,5,1,1,22.0,2.0,4.0,7.0,195.82,True,False,False,True,False,False,False,False,True,False,False,False,False,False,False,True
0.0,1,30.0,2.0,3,4,9,0,22.0,1.0,1.0,2.0,135.97,False,True,False,False,True,False,False,False,True,False,False,False,True,False,False,True
1.0,1,10.0,3.0,4,5,7,1,12.0,1.0,2.0,5.0,151.57,True,False,True,False,False,False,False,False,False,False,False,False,True,False,False,True
19.0,1,14.0,3.0,4,5,9,1,23.0,1.0,1.0,7.0,146.15,False,True,False,False,False,True,False,False,False,False,True,False,False,False,True,False
2.0,1,24.0,4.0,4,5,3,0,13.0,1.0,2.0,9.0,170.58,True,False,False,False,True,False,False,False,True,False,True,False,False,False,True,False
1.0,3,11.0,3.0,4,5,2,1,23.0,3.0,5.0,3.0,220.82,True,False,False,True,False,False,False,False,True,False,False,False,False,False,False,True
1.0,1,33.0,3.0,5,3,3,1,15.0,2.0,2.0,4.0,153.14,False,False,False,False,False,False,False,True,False,False,False,False,True,False,True,False
11.0,1,32.0,4.0,4,3,5,1,16.0,5.0,11.0,8.0,169.49,False,False,False,False,True,False,False,False,False,False,True,False,False,False,True,False
16.0,1,33.0,3.0,4,5,5,1,18.0,1.0,2.0,1.0,256.91,False,False,False,False,True,False,False,False,False,False,False,False,False,False,True,False
20.0,1,20.0,3.0,4,4,8,0,15.0,2.0,2.0,10.0,180.62,True,False,False,False,False,True,False,False,True,False,True,False,False,False,False,True
10.0,3,10.0,4.0,5,1,2,0,20.0,4.0,4.0,5.0,201.44,True,False,False,False,True,False,False,False,False,False,False,False,False,False,True,False
1.0,3,15.0,3.0,5,5,8,0,18.0,1.0,2.0,3.0,178.26,True,False,True,False,False,False,False,False,True,False,True,False,False,False,False,True
9.0,1,13.0,4.0,4,3,2,1,15.0,2.0,3.0,3.0,160.06,True,False,False,False,False,True,False,False,True,False,False,False,True,False,False,False
3.0,3,17.0,3.0,5,4,3,1,15.0,1.0,2.0,8.0,207.68,True,False,False,False,False,False,True,False,False,False,True,False,False,False,True,False
5.0,3,9.0,4.0,4,1,6,1,14.0,2.0,2.0,6.0,190.82,True,False,False,False,False,True,False,False,True,False,True,False,False,False,False,True
7.0,1,13.0,3.0,3,1,2,0,13.0,0.0,1.0,0.0,129.72,False,True,False,False,False,False,False,False,True,False,False,True,False,False,False,True
9.0,1,11.0,3.0,5,2,3,0,14.0,3.0,3.0,3.0,148.76,False,False,False,False,False,False,False,True,True,False,False,False,True,False,False,False
2.0,3,8.0,3.0,3,3,2,0,14.0,1.0,1.0,2.0,146.49,False,False,False,False,False,True,False,False,True,False,True,False,False,False,False,False
5.0,3,14.0,2.0,3,1,2,0,14.0,2.0,3.0,7.0,189.98,False,False,False,False,False,False,True,False,False,False,False,False,False,False,False,True
22.0,3,36.0,4.0,4,3,5,0,22.0,1.0,2.0,1.0,250.04000000000002,True,False,False,False,True,False,False,False,False,False,False,False,False,False,False,False
6.0,3,8.0,3.0,3,4,9,0,15.0,0.0,1.0,7.0,151.47,False,False,False,False,False,False,True,False,False,False,True,False,False,False,False,True
8.0,3,15.0,4.0,2,3,3,0,22.0,1.0,5.0,9.0,192.99,True,False,False,True,False,False,False,False,True,False,True,False,False,False,True,False
10.0,2,9.0,4.0,5,1,3,0,22.0,2.0,2.0,9.0,163.86,False,False,False,False,False,False,False,True,True,False,True,False,False,False,False,True
1.0,1,14.0,4.0,5,1,3,0,12.0,1.0,3.0,2.0,153.89,True,False,False,False,True,False,False,False,True,False,False,False,True,False,True,False
1.0,2,7.0,3.0,3,1,2,0,15.0,1.0,2.0,2.0,127.06,False,False,False,False,False,True,False,False,True,False,False,True,False,False,True,False
16.0,1,36.0,3.0,6,2,6,0,20.0,2.0,2.0,1.0,167.72,True,False,False,False,True,False,False,False,True,False,True,False,False,False,False,True
1.0,3,12.0,3.0,4,3,3,1,14.0,2.0,2.0,1.0,153.51,True,False,False,False,False,False,True,False,False,False,False,False,True,False,False,True
1.0,1,9.0,3.0,3,4,1,0,17.0,0.0,1.0,7.0,176.55,True,False,False,False,True,False,False,False,False,False,False,False,False,False,True,False
4.0,3,13.0,3.0,3,2,5,0,12.0,0.0,1.0,7.0,175.47,True,False,False,False,False,False,True,False,True,False,True,False,False,False,True,False
11.0,1,17.0,3.0,2,1,3,1,26.0,1.0,7.0,9.0,262.44,True,False,False,False,False,True,False,False,False,False,False,False,False,False,True,False
19.0,1,6.0,3.0,3,5,8,0,16.0,0.0,1.0,3.0,193.96,True,False,False,False,True,False,False,False,True,False,False,False,False,False,True,False
6.0,1,19.0,2.0,3,1,4,0,18.0,1.0,1.0,2.0,134.52,False,True,False,False,False,True,False,False,False,False,False,True,False,False,False,True
0.0,1,6.0,2.0,3,4,2,0,11.0,0.0,1.0,4.0,138.16,False,True,False,False,True,False,False,False,True,False,False,False,True,False,True,False
15.0,1,8.0,2.0,3,3,6,0,11.0,1.0,4.0,14.0,288.8,True,False,False,False,False,True,False,False,True,False,False,False,False,True,True,False
4.0,3,26.0,2.0,3,3,2,0,13.0,1.0,1.0,0.0,169.32,False,False,False,False,False,False,True,False,False,False,True,False,False,False,False,False
1.0,1,31.0,4.0,6,2,3,1,19.0,2.0,2.0,1.0,148.4,False,True,True,False,False,False,False,False,True,False,False,False,True,False,False,True
9.0,1,12.0,3.0,5,3,2,0,14.0,0.0,1.0,7.0,127.41,False,True,False,False,False,True,False,False,True,False,False,True,False,False,True,False
16.0,3,8.0,3.0,3,1,2,1,17.0,0.0,8.0,8.0,178.47,True,False,False,False,True,False,False,False,True,False,True,False,False,False,True,False
3.0,1,16.0,3.0,3,3,10,0,14.0,0.0,1.0,2.0,196.67,True,False,False,False,True,False,False,False,False,False,False,False,False,False,False,True
0.0,3,29.0,2.0,4,3,2,0,21.0,3.0,5.0,8.0,135.4,False,True,False,False,True,False,False,False,False,False,True,False,False,False,True,False
31.0,2,9.0,3.0,5,1,11,0,15.0,1.0,3.0,3.0,313.44,False,False,False,False,False,False,False,True,False,False,False,False,False,True,True,False
14.0,1,17.0,3.0,2,3,5,1,14.0,1.0,2.0,8.0,147.13,False,True,False,False,False,True,False,False,False,False,False,False,True,False,True,False
19.0,3,9.0,4.0,4,3,6,0,23.0,4.0,6.0,8.0,176.54,False,False,False,False,False,True,False,False,False,False,True,False,False,False,True,False
29.0,1,14.0,3.0,3,5,5,1,18.0,1.0,2.0,2.0,142.57,False,True,False,False,False,True,False,False,False,False,False,False,True,False,True,False
12.0,3,17.0,4.0,5,3,2,1,15.0,2.0,3.0,3.0,212.4,True,False,False,False,False,False,True,False,True,False,False,False,False,False,True,False
11.0,1,26.0,3.0,4,3,5,0,18.0,1.0,2.0,3.0,182.68,True,False,False,False,False,True,False,False,True,False,True,False,False,False,True,False
8.0,3,21.0,3.0,4,3,3,1,19.0,2.0,2.0,7.0,150.79,True,False,True,False,False,False,False,False,False,False,False,False,True,False,True,False
15.0,1,19.0,3.0,1,5,6,0,18.0,1.0,1.0,0.0,155.38,True,False,False,False,True,False,False,False,True,False,True,False,False,False,True,False
3.0,1,26.0,3.0,4,1,6,0,13.0,2.0,2.0,3.0,167.62,True,False,True,False,False,False,False,False,True,False,True,False,False,False,True,False
1.0,3,19.0,3.0,3,4,3,0,16.0,1.0,2.0,1.0,152.16,True,False,False,False,False,True,False,False,False,False,False,False,True,False,False,True
4.0,3,29.0,4.0,4,5,2,0,12.0,4.0,8.0,9.0,209.12,False,False,False,False,False,False,False,True,False,False,False,False,False,False,True,False
0.0,1,31.0,2.0,4,4,5,1,20.0,1.0,2.0,2.0,123.13,False,True,False,False,False,False,False,False,True,False,False,True,False,False,False,True
24.0,1,18.0,3.0,4,4,5,0,16.0,1.0,5.0,5.0,324.26,True,False,False,False,False,True,False,False,False,False,False,False,False,True,False,True
9.0,1,13.0,2.0,3,5,4,0,14.0,0.0,1.0,2.0,120.62,False,True,False,False,False,True,False,False,True,False,False,True,False,False,False,True
23.0,1,11.0,3.0,5,3,4,0,15.0,1.0,2.0,1.0,312.11,True,False,False,False,True,False,False,False,True,False,False,False,False,True,True,False
8.0,1,31.0,3.0,4,3,5,1,23.0,1.0,2.0,1.0,156.61,False,False,False,False,False,True,False,False,True,False,False,False,True,False,True,False
10.0,1,14.0,2.0,3,1,2,1,12.0,0.0,1.0,2.0,123.25999999999999,False,False,False,False,False,False,False,False,True,False,False,True,False,False,True,False
7.0,3,17.0,3.0,5,1,5,0,15.0,2.0,2.0,2.0,171.82,False,False,False,False,False,False,True,False,True,False,True,False,False,False,False,True
20.0,1,8.0,3.0,3,1,6,0,13.0,0.0,1.0,4.0,150.7,True,False,False,False,True,False,False,False,False,False,True,False,False,False,True,False
13.0,1,14.0,2.0,3,4,4,0,22.0,1.0,1.0,3.0,123.87,False,True,False,False,False,True,False,False,True,False,False,True,False,False,False,False
10.0,1,17.0,2.0,3,2,2,1,14.0,0.0,1.0,3.0,221.85000000000002,False,False,False,False,False,False,False,True,True,False,False,False,False,False,True,False
3.0,1,7.0,3.0,5,2,5,0,15.0,1.0,2.0,8.0,286.24,True,False,False,False,False,True,False,False,False,True,False,False,False,False,True,False
27.0,1,16.0,3.0,3,5,7,1,19.0,0.0,1.0,4.0,144.4,False,True,False,False,True,False,False,False,False,False,True,False,False,False,False,True
22.0,1,29.0,3.0,4,1,5,0,15.0,1.0,5.0,8.0,296.74,False,False,False,False,True,False,False,False,False,True,False,False,False,False,True,False
24.0,1,12.0,2.0,3,3,8,0,15.0,8.0,15.0,15.0,295.37,True,False,False,False,False,True,False,False,True,False,False,False,False,True,False,True
0.0,1,10.0,3.0,3,5,2,0,19.0,1.0,1.0,0.0,129.73,False,True,True,False,False,False,False,False,True,False,False,True,False,False,False,True
4.0,3,32.0,3.0,5,4,4,1,13.0,1.0,2.0,3.0,215.94,True,False,False,False,False,False,True,False,True,False,False,False,False,False,False,True
7.0,1,28.0,2.0,4,1,2,1,15.0,3.0,6.0,11.0,157.47,False,False,False,False,False,False,False,True,True,False,True,False,False,False,True,False
3.0,1,6.0,2.0,4,3,2,0,22.0,2.0,5.0,8.0,184.74,False,False,False,False,False,True,False,False,True,False,False,False,False,False,False,True
8.0,1,9.0,4.0,2,1,2,1,15.0,1.0,2.0,3.0,154.32,True,False,False,False,True,False,False,False,True,False,False,False,True,False,True,False
11.0,1,24.0,2.0,5,1,4,1,16.0,0.0,1.0,0.0,158.11,True,False,False,False,True,False,False,False,True,False,True,False,False,False,True,False
19.0,1,7.0,4.0,2,1,2,0,15.0,2.0,2.0,8.0,317.02,True,False,False,False,False,False,False,True,True,False,False,False,False,True,True,False
15.0,1,9.0,3.0,1,1,3,1,13.0,1.0,1.0,3.0,152.31,True,False,False,False,False,True,False,False,False,False,True,False,False,False,True,False
16.0,1,7.0,4.0,4,5,5,0,17.0,2.0,2.0,3.0,150.76,True,False,False,False,False,True,False,False,False,False,False,False,True,False,True,False
10.0,1,12.0,3.0,5,5,11,1,15.0,2.0,2.0,1.0,159.19,True,False,False,False,False,True,False,False,False,False,False,False,True,False,True,False
8.0,1,7.0,3.0,4,2,3,0,13.0,7.0,9.0,9.0,151.91,True,False,False,False,False,True,False,False,True,False,False,False,True,False,False,False
12.0,1,14.0,2.0,3,3,2,0,11.0,0.0,1.0,7.0,137.55,False,False,False,False,False,True,False,False,False,False,False,False,True,False,False,False
13.0,1,14.0,3.0,3,5,3,1,16.0,0.0,1.0,0.0,165.16,True,False,False,False,False,True,False,False,False,False,True,False,False,False,True,False
9.0,1,11.0,4.0,4,1,3,0,13.0,2.0,2.0,1.0,144.51,False,True,False,False,False,False,False,True,True,False,False,False,True,False,True,False
0.0,3,6.0,3.0,3,4,1,1,13.0,0.0,1.0,4.0,163.49,False,False,False,False,False,False,True,False,True,False,True,False,False,False,False,False
22.0,1,17.0,4.0,5,4,6,0,15.0,4.0,13.0,10.0,321.65,True,False,False,False,False,True,False,False,True,False,False,False,False,True,True,False
15.0,1,16.0,4.0,4,5,3,0,21.0,2.0,2.0,5.0,147.89,False,True,False,False,False,True,False,False,True,False,False,False,True,False,True,False
15.0,2,16.0,2.0,3,5,1,0,14.0,1.0,1.0,9.0,267.99,True,False,False,False,False,False,False,True,False,True,False,False,False,False,True,False
6.0,1,19.0,2.0,3,2,4,0,18.0,1.0,1.0,2.0,134.52,False,True,False,False,False,True,False,False,False,False,False,True,False,False,False,True
9.0,1,9.0,2.0,3,2,2,0,11.0,1.0,1.0,0.0,117.06,False,False,False,False,True,False,False,False,True,False,False,False,True,False,False,False
1.0,1,10.0,4.0,4,5,3,1,12.0,10.0,10.0,8.0,158.48,False,False,False,False,False,True,False,False,True,False,False,False,True,False,False,True
9.0,2,12.0,2.0,3,3,9,0,17.0,2.0,2.0,2.0,122.66999999999999,False,True,False,False,False,False,False,False,True,False,False,True,False,False,False,False
8.0,1,14.0,2.0,4,5,2,0,11.0,1.0,1.0,1.0,125.59,False,True,False,False,False,False,False,False,False,False,False,True,False,False,False,True
6.0,3,7.0,4.0,5,4,2,0,15.0,1.0,3.0,3.0,147.69,False,True,False,False,True,False,False,False,True,False,False,False,True,False,True,False
4.0,3,31.0,4.0,2,4,6,1,17.0,2.0,2.0,1.0,256.94,False,False,False,False,False,True,False,False,False,True,False,False,False,False,False,True
14.0,3,10.0,2.0,3,3,1,1,13.0,5.0,13.0,5.0,204.47,True,False,False,False,False,False,True,False,False,False,False,False,False,False,True,False
18.0,3,8.0,3.0,3,4,1,0,19.0,3.0,3.0,7.0,148.05,False,True,False,False,False,False,False,True,True,False,True,False,False,False,True,False
14.0,1,16.0,3.0,4,4,10,1,15.0,1.0,2.0,1.0,161.17,False,False,False,False,True,False,False,False,True,False,False,False,True,False,True,False
7.0,3,32.0,3.0,4,3,3,0,13.0,1.0,2.0,2.0,170.39,False,False,False,False,True,False,False,False,False,False,True,False,False,False,False,False
9.0,1,8.0,2.0,3,1,2,1,23.0,1.0,1.0,0.0,117.02000000000001,False,False,False,False,False,True,False,False,True,False,False,False,True,False,True,False
23.0,1,8.0,3.0,3,5,2,0,11.0,1.0,14.0,7.0,279.24,False,False,False,False,False,True,False,False,True,True,False,False,False,False,True,False
3.0,1,7.0,3.0,4,3,3,0,14.0,1.0,2.0,10.0,168.19,False,False,True,False,False,False,False,False,True,False,True,False,False,False,True,False
15.0,1,13.0,3.0,4,5,4,1,14.0,2.0,3.0,18.0,172.21,True,False,False,False,True,False,False,False,True,False,False,False,True,False,False,True
15.0,3,13.0,3.0,4,3,3,0,13.0,4.0,9.0,3.0,217.41,True,False,False,False,False,False,True,False,True,False,False,False,False,False,False,True
3.0,1,27.0,3.0,4,1,3,0,14.0,2.0,4.0,11.0,163.12,False,False,False,False,True,False,False,False,True,False,False,False,True,False,True,False
4.0,1,6.0,3.0,3,5,2,0,12.0,1.0,1.0,3.0,141.48,False,False,False,False,False,True,False,False,False,False,True,False,False,False,True,False
17.0,1,14.0,3.0,1,1,3,1,24.0,1.0,1.0,2.0,128.18,False,True,False,False,False,True,False,False,True,False,False,True,False,False,True,False
14.0,1,25.0,3.0,3,5,3,0,16.0,0.0,1.0,0.0,130.72,False,True,False,False,False,True,False,False,True,False,True,False,False,False,True,False
10.0,1,28.0,4.0,4,4,6,0,23.0,4.0,4.0,3.0,214.26,True,False,False,False,True,False,False,False,False,False,True,False,False,False,True,False
5.0,1,8.0,2.0,3,3,5,1,14.0,1.0,1.0,7.0,149.98,False,False,False,False,False,True,False,False,False,False,True,False,False,False,False,True
15.0,1,16.0,3.0,3,3,4,0,22.0,1.0,3.0,3.0,129.36,False,False,True,False,False,False,False,False,True,False,False,True,False,False,True,False
20.0,1,8.0,2.0,3,1,2,1,11.0,1.0,3.0,0.0,267.52,True,False,False,False,False,False,False,True,False,True,False,False,False,False,True,False
0.0,1,24.0,3.0,3,3,1,0,12.0,0.0,1.0,2.0,127.74000000000001,False,True,False,False,False,True,False,False,True,False,False,True,False,False,True,False
30.0,3,18.0,3.0,5,5,6,0,17.0,1.0,2.0,1.0,178.8,True,False,False,False,False,False,True,False,False,False,True,False,False,False,True,False
21.0,1,30.0,4.0,4,2,3,0,13.0,12.0,16.0,3.0,228.12,True,False,False,False,True,False,False,False,False,False,False,False,False,False,False,False
14.0,1,11.0,3.0,4,3,3,0,15.0,2.0,10.0,10.0,315.33,True,False,False,False,True,False,False,False,False,False,False,False,False,True,True,False
6.0,3,13.0,2.0,3,5,1,0,14.0,1.0,1.0,3.0,143.73,False,False,False,False,True,False,False,False,True,False,True,False,False,False,True,False
7.0,1,15.0,2.0,4,4,2,0,14.0,4.0,7.0,7.0,186.21,True,False,False,False,True,False,False,False,False,False,False,False,False,False,False,True
0.0,1,14.0,2.0,3,5,2,0,14.0,0.0,1.0,2.0,125.0,False,True,False,False,False,False,False,False,True,False,False,True,False,False,False,False
3.0,1,8.0,3.0,5,1,5,0,15.0,1.0,2.0,8.0,286.24,True,False,False,False,False,True,False,False,False,True,False,False,False,False,True,False
13.0,1,6.0,2.0,3,1,5,0,17.0,0.0,1.0,3.0,165.13,True,False,False,False,False,True,False,False,False,False,True,False,False,False,True,False
7.0,1,21.0,4.0,4,4,3,0,14.0,2.0,2.0,7.0,152.56,True,False,False,False,True,False,False,False,False,False,False,False,True,False,True,False
8.0,3,13.0,2.0,3,1,2,1,11.0,1.0,1.0,9.0,152.04,True,False,False,False,False,True,False,False,False,False,True,False,False,False,True,False
1.0,3,9.0,3.0,2,3,2,0,15.0,1.0,2.0,8.0,190.0,True,False,False,False,True,False,False,False,False,False,True,False,False,False,False,True
15.0,1,19.0,3.0,1,5,6,0,18.0,1.0,1.0,0.0,155.38,True,False,False,False,True,False,False,False,True,False,True,False,False,False,True,False
0.0,3,15.0,2.0,4,5,8,0,23.0,0.0,1.0,3.0,134.07,False,True,False,False,False,True,False,False,True,False,True,False,False,False,False,True
28.0,1,8.0,3.0,4,3,9,0,18.0,1.0,2.0,3.0,230.02,False,False,False,False,False,True,False,False,False,False,False,False,False,False,True,False
19.0,3,27.0,3.0,4,3,10,0,16.0,2.0,2.0,2.0,173.5,True,False,False,False,False,True,False,False,False,False,True,False,False,False,False,True
1.0,1,14.0,3.0,3,3,6,0,18.0,2.0,2.0,2.0,123.77000000000001,False,True,False,False,False,False,False,False,False,False,False,True,False,False,True,False
12.0,1,9.0,3.0,5,3,5,1,20.0,2.0,2.0,3.0,202.56,True,False,False,False,True,False,False,False,False,False,False,False,False,False,True,False
9.0,3,9.0,3.0,3,1,2,1,12.0,0.0,1.0,0.0,115.69,False,False,False,False,True,False,False,False,False,False,False,False,True,False,False,True
6.0,1,14.0,3.0,1,5,7,0,19.0,3.0,7.0,6.0,131.43,False,True,False,False,False,True,False,False,True,False,False,True,False,False,True,False
21.0,3,35.0,3.0,3,3,4,0,21.0,0.0,1.0,3.0,225.04000000000002,True,False,False,False,True,False,False,False,False,False,False,False,False,False,False,False
17.0,1,14.0,2.0,3,1,7,1,12.0,1.0,1.0,2.0,124.36000000000001,False,True,False,False,False,False,False,False,True,False,False,True,False,False,False,True
29.0,1,29.0,3.0,3,4,5,1,12.0,13.0,2.0,9.0,234.01999999999998,True,False,False,False,False,True,False,False,True,True,False,False,False,False,True,False
4.0,1,23.0,3.0,4,1,3,0,13.0,1.0,2.0,9.0,153.62,True,False,False,False,False,True,False,False,True,False,False,False,True,False,True,False
1.0,1,32.0,4.0,5,4,7,0,17.0,2.0,2.0,2.0,150.46,True,False,True,False,False,False,False,False,False,False,False,False,True,False,True,False
14.0,1,8.0,3.0,4,4,5,0,23.0,2.0,2.0,4.0,148.87,False,True,False,False,False,True,False,False,True,False,False,False,True,False,True,False
1.0,3,33.0,3.0,5,5,7,0,16.0,1.0,2.0,2.0,191.96,False,False,False,False,False,False,True,False,False,False,True,False,False,False,False,True
8.0,1,22.0,2.0,4,4,1,1,11.0,1.0,1.0,2.0,147.88,False,True,False,False,False,False,False,True,False,False,True,False,False,False,True,False
24.0,1,36.0,3.0,5,3,2,0,15.0,12.0,16.0,8.0,295.46,True,False,False,False,False,True,False,False,True,True,False,False,False,False,False,False
2.0,1,23.0,4.0,2,5,2,0,20.0,1.0,2.0,8.0,181.61,True,False,False,False,True,False,False,False,True,False,True,False,False,False,False,True
13.0,1,8.0,3.0,4,3,3,0,14.0,0.0,2.0,2.0,128.09,False,True,False,False,False,True,False,False,True,False,False,True,False,False,False,True
11.0,1,12.0,3.0,4,3,3,0,11.0,2.0,7.0,7.0,153.21,False,False,False,False,False,True,False,False,True,False,True,False,False,False,True,False
25.0,3,9.0,2.0,4,5,2,0,11.0,1.0,1.0,16.0,268.56,True,False,False,False,False,False,True,False,True,True,False,False,False,False,False,False
0.0,1,8.0,3.0,1,3,2,0,17.0,1.0,1.0,7.0,152.06,False,False,False,False,False,True,False,False,True,False,True,False,False,False,True,False
21.0,1,16.0,4.0,4,3,6,0,13.0,1.0,3.0,1.0,146.05,False,True,False,False,False,True,False,False,False,False,False,False,True,False,False,True
7.0,3,8.0,2.0,3,5,1,1,12.0,1.0,1.0,2.0,145.38,False,True,False,False,False,False,True,False,False,False,True,False,False,False,False,True
2.0,2,7.0,3.0,4,1,3,0,16.0,1.0,3.0,3.0,152.06,False,False,False,False,False,True,False,False,True,False,False,False,True,False,True,False
29.0,3,33.0,3.0,5,1,3,0,15.0,1.0,3.0,14.0,320.86,True,False,False,False,False,False,True,False,True,False,False,False,False,True,True,False
3.0,1,14.0,3.0,4,2,3,1,12.0,1.0,2.0,1.0,191.23,True,False,False,False,False,True,False,False,True,False,True,False,False,False,True,False
11.0,1,31.0,2.0,4,4,4,0,17.0,1.0,1.0,3.0,220.61,True,False,False,False,False,True,False,False,False,False,False,False,False,False,False,False
19.0,1,11.0,3.0,4,4,3,0,13.0,2.0,2.0,9.0,169.47,False,False,False,False,False,True,False,False,True,False,True,False,False,False,True,False
2.0,1,6.0,2.0,3,5,1,0,12.0,1.0,1.0,2.0,153.73,True,False,False,False,False,True,False,False,True,False,True,False,False,False,True,False
6.0,3,15.0,2.0,5,3,9,0,13.0,0.0,1.0,3.0,153.46,True,False,False,False,False,False,True,False,False,False,True,False,False,False,False,True
18.0,3,17.0,2.0,3,2,4,0,13.0,1.0,1.0,1.0,276.5,True,False,False,False,False,True,False,False,False,True,False,False,False,False,False,False
1.0,1,14.0,3.0,5,5,10,0,20.0,2.0,2.0,8.0,193.11,True,False,False,False,True,False,False,False,False,False,True,False,False,False,False,True
7.0,3,21.0,3.0,3,5,2,0,12.0,4.0,9.0,6.0,161.25,True,False,False,False,True,False,False,False,False,False,True,False,False,False,False,True
0.0,1,14.0,2.0,3,4,2,1,12.0,0.0,1.0,2.0,124.78,False,True,False,False,False,True,False,False,False,False,False,True,False,False,False,True
12.0,1,25.0,3.0,6,1,5,1,17.0,1.0,2.0,1.0,183.11,True,False,False,False,True,False,False,False,True,False,True,False,False,False,True,False
15.0,1,35.0,2.0,5,2,5,0,19.0,1.0,1.0,0.0,142.72,False,True,False,False,True,False,False,False,True,False,True,False,False,False,False,True
3.0,1,6.0,2.0,3,1,2,0,23.0,1.0,3.0,7.0,140.11,False,False,False,False,True,False,False,False,False,False,True,False,False,False,False,True
7.0,1,16.0,2.0,1,1,2,0,13.0,5.0,7.0,2.0,147.24,False,False,False,False,False,True,False,False,True,False,True,False,False,False,True,False
5.0,1,11.0,2.0,1,1,4,0,17.0,1.0,1.0,2.0,133.12,False,True,False,False,False,False,False,True,False,False,False,True,False,False,True,False
2.0,3,16.0,2.0,4,4,2,1,14.0,1.0,1.0,7.0,182.68,True,False,False,False,False,False,True,False,False,False,True,False,False,False,True,False
2.0,2,12.0,3.0,4,4,2,0,11.0,1.0,1.0,0.0,128.04,False,True,False,False,False,False,False,False,True,False,False,True,False,False,True,False
19.0,3,16.0,4.0,4,5,6,1,13.0,1.0,2.0,3.0,232.61,True,False,False,False,False,False,True,False,True,False,False,False,False,False,True,False
23.0,1,15.0,3.0,4,4,6,0,12.0,1.0,2.0,8.0,199.03,True,False,False,False,False,False,False,True,False,False,False,False,False,False,False,False
12.0,2,7.0,3.0,2,3,3,0,14.0,4.0,6.0,1.0,153.44,True,False,False,False,False,False,False,True,True,False,False,False,True,False,True,False
26.0,1,6.0,2.0,4,3,5,1,20.0,0.0,1.0,3.0,229.64999999999998,False,False,False,False,True,False,False,False,False,True,False,False,False,False,True,False
14.0,3,7.0,3.0,6,2,4,1,23.0,2.0,2.0,3.0,199.57,True,False,False,False,True,False,False,False,True,False,True,False,False,False,False,False
1.0,1,12.0,3.0,2,4,3,1,17.0,3.0,3.0,3.0,148.28,False,True,False,False,False,True,False,False,True,False,False,False,True,False,True,False
22.0,1,28.0,3.0,3,4,4,0,16.0,1.0,1.0,2.0,264.13,True,False,False,False,False,False,False,True,False,True,False,False,False,False,True,False
31.0,3,14.0,3.0,2,1,2,1,19.0,1.0,2.0,10.0,177.2,True,False,False,False,False,False,True,False,True,False,True,False,False,False,True,False
25.0,1,13.0,2.0,3,4,8,0,19.0,3.0,4.0,0.0,204.45,True,False,False,False,False,True,False,False,True,False,False,False,False,False,False,True
9.0,1,23.0,4.0,5,4,3,0,20.0,2.0,4.0,3.0,211.06,True,False,False,False,False,True,False,False,False,False,False,False,False,False,False,True
12.0,3,17.0,4.0,4,1,3,0,12.0,1.0,2.0,10.0,178.43,True,False,False,False,False,True,False,False,False,False,True,False,False,False,True,False
8.0,1,16.0,3.0,5,4,3,0,15.0,5.0,8.0,3.0,211.21,True,False,False,False,True,False,False,False,False,False,False,False,False,False,False,True
1.0,1,7.0,4.0,6,1,5,0,15.0,3.0,3.0,1.0,168.64,False,False,False,False,False,True,False,False,False,False,False,False,True,False,True,False
27.0,1,8.0,3.0,5,3,6,1,21.0,2.0,2.0,3.0,254.64999999999998,False,False,False,False,True,False,False,False,False,True,False,False,False,False,True,False
29.0,1,13.0,2.0,5,1,5,0,11.0,0.0,1.0,2.0,172.6,True,False,False,False,False,True,False,False,True,False,False,False,False,False,False,True
11.0,1,16.0,2.0,5,3,4,0,12.0,1.0,2.0,11.0,232.06,True,False,False,False,True,False,False,False,False,False,False,False,False,False,True,False
10.0,3,10.0,4.0,4,4,5,1,17.0,1.0,2.0,3.0,217.78,True,False,False,False,False,False,True,False,False,False,True,False,False,False,False,True
9.0,1,14.0,3.0,3,3,2,0,12.0,0.0,1.0,0.0,119.03999999999999,False,False,False,False,False,False,False,False,True,False,False,False,True,False,False,True
10.0,3,10.0,3.0,4,4,5,1,17.0,1.0,2.0,3.0,217.78,True,False,False,False,False,False,True,False,False,False,True,False,False,False,False,True
18.0,1,30.0,4.0,4,4,6,0,13.0,1.0,2.0,3.0,145.42,False,False,False,False,True,False,False,False,True,False,True,False,False,False,True,False
11.0,1,36.0,3.0,4,4,3,1,13.0,5.0,2.0,10.0,243.49,False,False,False,False,False,True,False,False,True,False,False,False,False,False,True,False
6.0,3,17.0,4.0,4,1,10,0,14.0,1.0,2.0,1.0,171.48,False,False,False,False,False,False,True,False,True,False,True,False,False,False,False,True
5.0,3,12.0,2.0,3,3,2,0,16.0,5.0,5.0,7.0,150.1,True,False,False,False,True,False,False,False,True,False,True,False,False,False,False,True
16.0,3,21.0,4.0,5,3,9,0,18.0,2.0,2.0,4.0,187.44,True,False,False,False,True,False,False,False,False,False,True,False,False,False,False,True
29.0,1,7.0,2.0,3,3,2,0,21.0,0.0,1.0,9.0,163.06,False,False,False,False,False,True,False,False,True,False,True,False,False,False,True,False
8.0,1,16.0,2.0,3,1,2,0,20.0,0.0,1.0,2.0,139.17,False,True,False,False,False,False,False,True,True,False,False,False,True,False,True,False
0.0,3,26.0,3.0,5,3,4,1,11.0,0.0,2.0,2.0,145.59,False,True,False,False,False,True,False,False,False,False,True,False,False,False,True,False
1.0,1,10.0,3.0,5,1,2,1,12.0,1.0,2.0,1.0,153.53,False,False,False,False,False,True,False,False,True,False,False,False,True,False,True,False
2.0,1,16.0,3.0,3,4,1,0,14.0,0.0,1.0,1.0,132.91,False,False,False,False,False,True,False,False,False,False,False,True,False,False,True,False
1.0,1,12.0,4.0,4,2,3,0,16.0,2.0,2.0,1.0,135.51,False,False,False,False,False,True,False,False,True,False,False,True,False,False,False,True
6.0,3,17.0,4.0,5,1,4,1,20.0,1.0,2.0,3.0,215.71,True,False,False,False,False,False,True,False,False,False,False,False,False,False,True,False
16.0,1,14.0,3.0,1,3,2,0,12.0,1.0,1.0,4.0,126.44999999999999,False,True,False,False,False,False,False,False,False,False,False,True,False,False,True,False
17.0,1,13.0,4.0,5,3,3,1,15.0,2.0,2.0,9.0,165.81,True,False,False,False,True,False,False,False,False,False,True,False,False,False,False,True
7.0,3,15.0,3.0,4,3,2,0,13.0,1.0,2.0,3.0,196.04,True,False,False,False,False,False,True,False,True,False,True,False,False,False,True,False
1.0,2,20.0,3.0,5,5,6,1,16.0,2.0,3.0,1.0,148.35,False,True,False,False,False,False,False,True,True,False,False,False,True,False,True,False
7.0,1,25.0,3.0,4,1,2,0,12.0,3.0,8.0,7.0,129.29,False,True,False,False,False,True,False,False,False,False,False,True,False,False,True,False
9.0,1,30.0,2.0,3,4,8,0,15.0,0.0,1.0,8.0,156.74,False,False,False,False,False,True,False,False,False,False,True,False,False,False,False,False
9.0,1,7.0,3.0,5,2,2,0,13.0,2.0,2.0,1.0,178.63,True,False,False,False,True,False,False,False,False,False,True,False,False,False,False,False
2.0,1,8.0,2.0,4,5,3,1,23.0,0.0,1.0,0.0,136.46,False,False,False,False,False,True,False,False,False,False,False,False,True,False,False,True
22.0,1,29.0,3.0,4,1,5,0,15.0,2.0,5.0,8.0,296.74,False,False,False,False,True,False,False,False,False,True,False,False,False,False,True,False
25.0,1,25.0,2.0,3,1,1,0,18.0,1.0,1.0,2.0,142.58,False,False,False,False,True,False,False,False,True,False,False,False,True,False,True,False
23.0,1,8.0,3.0,3,3,3,1,15.0,4.0,7.0,7.0,292.37,True,False,False,False,True,False,False,False,True,False,False,False,False,True,True,False
11.0,3,8.0,3.0,6,1,3,0,15.0,2.0,2.0,3.0,220.25,False,False,False,False,True,False,False,False,True,False,True,False,False,False,True,False
9.0,1,6.0,3.0,4,3,2,0,13.0,1.0,1.0,3.0,120.07,False,False,False,False,False,False,False,False,False,False,False,True,False,False,True,False
11.0,1,15.0,3.0,3,1,3,0,19.0,0.0,1.0,3.0,147.71,False,True,False,False,False,True,False,False,True,False,False,False,True,False,True,False
11.0,3,13.0,4.0,4,1,6,0,15.0,2.0,2.0,2.0,190.02,True,False,False,False,True,False,False,False,True,False,True,False,False,False,True,False
0.0,1,13.0,2.0,4,5,9,0,19.0,1.0,1.0,7.0,168.11,True,False,False,False,True,False,False,False,False,False,True,False,False,False,False,True
23.0,1,30.0,3.0,3,3,4,1,18.0,1.0,2.0,5.0,239.73000000000002,True,False,False,False,False,True,False,False,True,True,False,False,False,False,True,False
10.0,3,7.0,3.0,4,1,3,1,15.0,4.0,5.0,12.0,187.01,True,False,False,False,False,True,False,False,True,False,True,False,False,False,True,False
11.0,1,24.0,2.0,5,1,4,1,16.0,0.0,1.0,0.0,158.11,True,False,False,False,True,False,False,False,True,False,True,False,False,False,True,False
1.0,3,13.0,4.0,6,3,6,1,19.0,7.0,8.0,8.0,186.72,True,False,False,False,False,True,False,False,True,False,True,False,False,False,False,False
18.0,3,8.0,2.0,3,1,5,0,16.0,1.0,7.0,3.0,151.6,True,False,False,False,True,False,False,False,True,False,True,False,False,False,False,True
4.0,3,17.0,4.0,5,3,3,0,19.0,1.0,2.0,5.0,190.78,True,False,False,False,False,False,True,False,True,False,True,False,False,False,True,False
21.0,1,30.0,4.0,4,1,3,0,13.0,8.0,16.0,3.0,228.12,True,False,False,False,True,False,False,False,False,False,False,False,False,False,True,False
1.0,1,9.0,4.0,5,3,8,1,16.0,1.0,2.0,1.0,145.9,False,True,False,False,False,False,False,True,True,False,False,False,True,False,False,True
2.0,1,6.0,3.0,3,2,2,0,15.0,0.0,1.0,2.0,137.6,False,True,False,False,False,True,False,False,False,False,False,False,True,False,True,False
24.0,1,13.0,2.0,4,3,3,0,17.0,1.0,1.0,0.0,161.32,True,False,False,False,True,False,False,False,True,False,True,False,False,False,True,False
9.0,3,8.0,2.0,4,3,2,0,13.0,1.0,1.0,2.0,120.44,False,True,False,False,False,False,False,False,False,False,False,True,False,False,False,True
5.0,1,13.0,3.0,5,3,3,1,15.0,2.0,2.0,3.0,152.03,False,False,False,False,False,True,False,False,True,False,False,False,True,False,True,False
1.0,1,8.0,2.0,3,4,5,0,11.0,1.0,1.0,4.0,148.55,False,True,False,False,True,False,False,False,True,False,True,False,False,False,True,False
1.0,3,11.0,3.0,4,3,3,1,13.0,2.0,2.0,4.0,166.62,True,False,False,False,True,False,False,False,False,False,True,False,False,False,True,False
11.0,1,14.0,2.0,3,5,4,0,17.0,0.0,1.0,0.0,126.19,False,True,False,False,False,True,False,False,False,False,False,True,False,False,False,True
6.0,1,11.0,4.0,5,3,3,0,13.0,2.0,7.0,9.0,186.62,True,False,False,False,False,True,False,False,False,False,True,False,False,False,False,False
0.0,3,7.0,3.0,3,3,4,0,15.0,1.0,1.0,2.0,129.09,False,False,True,False,False,False,False,False,True,False,False,True,False,False,True,False
9.0,3,12.0,2.0,3,3,3,1,20.0,0.0,4.0,5.0,123.06,False,True,False,False,False,False,True,False,True,False,True,False,False,False,True,False
2.0,1,36.0,4.0,4,5,9,1,20.0,1.0,2.0,1.0,191.73,True,False,False,False,True,False,False,False,True,False,True,False,False,False,False,False
10.0,1,13.0,3.0,4,4,8,0,21.0,1.0,2.0,2.0,174.41,True,False,False,False,True,False,False,False,True,False,True,False,False,False,True,False
9.0,1,16.0,2.0,1,3,4,1,13.0,0.0,1.0,7.0,122.13,False,True,False,False,False,True,False,False,False,False,False,True,False,False,True,False
10.0,1,33.0,4.0,4,3,8,0,15.0,2.0,2.0,3.0,178.47,True,False,False,False,False,True,False,False,True,False,True,False,False,False,True,False
9.0,1,16.0,4.0,5,4,11,0,20.0,2.0,2.0,1.0,190.4,True,False,False,False,False,True,False,False,True,False,True,False,False,False,False,True
27.0,2,32.0,1.0,1,1,3,1,12.0,1.0,4.0,4.0,273.28,False,False,False,False,False,False,False,True,False,True,False,False,False,False,False,True
18.0,3,32.0,2.0,4,5,2,0,15.0,0.0,4.0,5.0,143.85,False,False,False,False,False,False,True,False,True,False,True,False,False,False,True,False
10.0,3,7.0,2.0,5,1,2,0,14.0,1.0,1.0,3.0,195.25,False,False,False,False,True,False,False,False,True,False,True,False,False,False,True,False
9.0,1,13.0,3.0,3,5,4,1,14.0,0.0,1.0,3.0,121.66,False,True,False,False,False,True,False,False,True,False,False,True,False,False,False,True
15.0,1,14.0,3.0,6,3,3,0,23.0,2.0,6.0,11.0,324.73,False,False,False,False,False,True,False,False,False,False,False,False,False,True,True,False
21.0,1,10.0,2.0,4,1,3,0,25.0,2.0,2.0,2.0,252.01999999999998,False,False,False,False,True,False,False,False,True,True,False,False,False,False,True,False
1.0,3,23.0,4.0,4,3,4,0,14.0,2.0,2.0,1.0,206.61,True,False,False,False,False,False,True,False,True,False,False,False,False,False,True,False
28.0,1,8.0,2.0,5,3,5,0,14.0,1.0,9.0,11.0,291.87,True,False,False,False,True,False,False,False,False,False,False,False,False,True,True,False
8.0,3,20.0,3.0,4,3,3,0,19.0,2.0,2.0,3.0,211.28,True,False,False,False,True,False,False,False,True,False,False,False,False,False,True,False
8.0,1,13.0,3.0,4,1,2,0,18.0,1.0,1.0,1.0,126.9,False,True,False,False,False,True,False,False,True,False,False,True,False,False,True,False
0.0,1,15.0,3.0,1,3,2,0,16.0,0.0,1.0,4.0,144.01,False,True,False,False,True,False,False,False,True,False,False,False,True,False,True,False
15.0,3,13.0,3.0,4,3,3,0,13.0,7.0,9.0,3.0,217.41,True,False,False,False,False,False,True,False,True,False,False,False,False,False,False,True
1.0,1,31.0,3.0,4,4,3,1,18.0,1.0,2.0,1.0,149.08,False,True,False,False,True,False,False,False,True,False,False,False,True,False,True,False
1.0,3,16.0,3.0,4,5,3,0,12.0,1.0,2.0,3.0,152.28,True,False,False,False,False,True,False,False,True,False,False,False,True,False,False,True
0.0,3,25.0,3.0,1,1,9,1,13.0,0.0,1.0,4.0,153.04,False,False,False,False,False,False,True,False,True,False,True,False,False,False,False,True
9.0,1,15.0,3.0,3,1,4,0,23.0,1.0,1.0,3.0,120.75,False,True,False,False,False,True,False,False,True,False,False,True,False,False,True,False
6.0,1,6.0,2.0,1,4,2,1,13.0,0.0,1.0,2.0,154.88,False,False,False,False,False,False,False,True,False,False,True,False,False,False,False,False
1.0,2,24.0,3.0,4,3,2,1,12.0,1.0,2.0,1.0,152.41,False,False,False,False,False,True,False,False,False,False,False,False,True,False,True,False
8.0,1,15.0,3.0,4,5,5,0,15.0,2.0,2.0,1.0,176.21,True,False,False,False,False,True,False,False,False,False,True,False,False,False,True,False
15.0,1,14.0,3.0,3,2,2,0,13.0,1.0,14.0,9.0,284.3,False,False,False,False,False,True,False,False,True,False,False,False,False,True,True,False
9.0,1,6.0,3.0,3,3,8,0,14.0,0.0,1.0,2.0,122.32,False,True,False,False,False,False,False,False,False,False,False,True,False,False,True,False
9.0,1,25.0,3.0,4,1,4,0,12.0,3.0,3.0,3.0,218.62,False,False,False,False,False,True,False,False,True,False,False,False,False,False,False,True
0.0,3,14.0,3.0,1,1,9,0,14.0,0.0,1.0,0.0,125.34,False,True,False,False,False,False,False,False,False,False,False,True,False,False,True,False
11.0,3,16.0,3.0,6,3,9,0,12.0,2.0,2.0,11.0,254.36,False,False,False,False,False,True,False,False,True,True,False,False,False,False,True,False
9.0,3,9.0,3.0,4,1,1,0,19.0,0.0,3.0,4.0,176.44,True,False,False,False,True,False,False,False,False,False,False,False,False,False,True,False
1.0,1,24.0,3.0,4,3,3,1,14.0,4.0,8.0,8.0,148.94,False,True,False,False,False,True,False,False,False,False,False,False,True,False,False,True
14.0,1,16.0,4.0,5,2,11,0,15.0,2.0,2.0,3.0,173.76,False,False,False,False,False,True,False,False,True,False,True,False,False,False,False,False
19.0,1,9.0,4.0,5,3,3,0,15.0,2.0,2.0,1.0,147.74,False,True,False,False,False,True,False,False,False,False,False,False,True,False,False,True
14.0,1,13.0,2.0,1,3,2,0,13.0,1.0,1.0,8.0,133.76,False,True,True,False,False,False,False,False,False,False,False,True,False,False,False,False
15.0,1,14.0,3.0,1,4,7,1,16.0,0.0,1.0,0.0,123.72,False,True,False,False,False,False,False,False,False,False,True,False,False,False,True,False
1.0,3,11.0,3.0,5,2,3,1,13.0,8.0,8.0,5.0,183.28,True,False,False,False,False,False,True,False,True,False,True,False,False,False,False,True
9.0,3,9.0,2.0,4,2,5,0,11.0,0.0,1.0,12.0,196.99,False,False,False,False,True,False,False,False,True,False,False,False,False,False,False,False
6.0,3,26.0,4.0,6,3,5,0,14.0,1.0,2.0,3.0,221.1,True,False,False,False,False,True,False,False,True,False,False,False,False,False,True,False
1.0,1,7.0,3.0,4,4,3,0,21.0,2.0,2.0,5.0,188.97,False,False,False,False,False,True,False,False,False,False,True,False,False,False,True,False
15.0,3,32.0,3.0,3,4,6,0,14.0,2.0,2.0,8.0,235.25,False,False,False,False,False,False,True,False,False,True,False,False,False,False,False,False
1.0,2,29.0,3.0,6,3,3,0,12.0,1.0,2.0,1.0,140.55,False,True,False,False,False,False,False,True,True,False,False,False,True,False,True,False
6.0,3,8.0,3.0,3,1,2,0,14.0,1.0,1.0,4.0,155.05,True,False,False,False,True,False,False,False,True,False,True,False,False,False,True,False
0.0,1,20.0,2.0,4,4,2,1,24.0,1.0,1.0,2.0,137.43,False,True,False,False,False,False,False,True,True,False,False,False,True,False,True,False
2.0,1,10.0,4.0,4,4,2,0,18.0,1.0,2.0,8.0,201.55,True,False,False,False,True,False,False,False,False,False,False,False,False,False,True,False
1.0,1,31.0,4.0,5,5,3,0,13.0,1.0,2.0,3.0,212.22,False,False,False,True,False,False,False,False,True,False,False,False,False,False,False,True
31.0,1,10.0,3.0,2,5,6,1,21.0,1.0,2.0,1.0,151.7,True,False,False,False,True,False,False,False,False,False,False,False,True,False,True,False
15.0,1,8.0,2.0,3,2,2,0,13.0,2.0,2.0,2.0,140.89,False,True,False,False,False,True,False,False,False,False,True,False,False,False,False,False
27.0,1,5.0,2.0,3,3,8,0,11.0,0.0,1.0,0.0,137.8,False,True,False,False,False,True,False,False,False,False,True,False,False,False,False,True
5.0,3,7.0,4.0,4,1,10,1,12.0,1.0,2.0,6.0,184.93,True,False,False,False,False,True,False,False,False,False,True,False,False,False,False,True
9.0,1,9.0,2.0,3,1,2,0,21.0,1.0,1.0,0.0,120.61000000000001,False,True,False,False,False,True,False,False,False,False,False,True,False,False,True,False
4.0,1,8.0,3.0,3,2,1,1,18.0,1.0,2.0,2.0,126.94999999999999,False,True,False,False,False,True,False,False,True,False,False,True,False,False,True,False
1.0,1,7.0,3.0,5,4,3,0,14.0,1.0,2.0,1.0,153.36,True,False,False,False,False,True,False,False,False,False,False,False,True,False,False,True
0.0,3,18.0,3.0,2,4,2,0,15.0,0.0,1.0,0.0,127.16,False,True,False,False,False,True,False,False,False,False,False,True,False,False,False,True
16.0,1,30.0,3.0,4,1,4,0,15.0,1.0,2.0,1.0,284.92,True,False,False,False,False,True,False,False,False,True,False,False,False,False,False,True
7.0,1,12.0,4.0,4,4,8,0,12.0,3.0,2.0,9.0,243.77999999999997,False,False,False,False,False,True,False,False,False,False,False,False,False,False,False,False
0.0,1,12.0,3.0,3,1,2,1,13.0,0.0,1.0,2.0,56.0,True,False,False,False,False,True,False,False,False,False,False,False,True,False,True,False
0.0,1,16.0,2.0,3,5,2,0,21.0,1.0,1.0,7.0,187.93,False,False,False,False,False,True,False,False,True,False,False,False,False,False,True,False
17.0,1,9.0,4.0,2,3,3,0,13.0,2.0,2.0,5.0,151.45,True,False,False,False,True,False,False,False,False,False,False,False,True,False,True,False
14.0,1,13.0,4.0,4,3,9,0,16.0,5.0,2.0,14.0,257.37,True,False,False,False,False,True,False,False,False,True,False,False,False,False,False,True
3.0,3,22.0,3.0,3,3,9,0,15.0,0.0,2.0,2.0,153.01,True,False,False,False,False,True,False,False,True,False,True,False,False,False,False,False
12.0,1,6.0,3.0,4,2,2,0,16.0,0.0,11.0,3.0,227.42000000000002,True,False,False,False,False,True,False,False,False,True,False,False,False,False,False,False
12.0,1,15.0,3.0,5,4,3,1,17.0,2.0,2.0,8.0,146.33,False,False,False,False,True,False,False,False,False,False,True,False,False,False,True,False
1.0,1,14.0,3.0,4,3,5,1,14.0,5.0,8.0,8.0,158.39,True,False,True,False,False,False,False,False,False,False,False,False,True,False,True,False
0.0,3,14.0,2.0,3,5,2,1,11.0,1.0,1.0,2.0,123.80000000000001,False,True,False,False,False,False,False,False,True,False,False,True,False,False,False,True
1.0,1,9.0,4.0,4,5,3,1,13.0,2.0,2.0,1.0,145.74,False,True,False,False,False,True,False,False,False,False,False,False,True,False,True,False
14.0,1,34.0,2.0,4,4,1,0,23.0,1.0,2.0,10.0,235.7,True,False,False,False,False,True,False,False,False,True,False,False,False,False,True,False
13.0,3,13.0,3.0,2,3,4,0,12.0,5.0,8.0,7.0,207.37,True,False,False,False,True,False,False,False,True,False,False,False,False,False,True,False
9.0,1,16.0,4.0,5,3,3,1,21.0,3.0,2.0,16.0,231.85000000000002,True,False,False,False,False,True,False,False,False,False,False,False,False,False,False,False
0.0,1,9.0,3.0,3,5,6,0,13.0,1.0,1.0,2.0,140.31,False,True,False,False,True,False,False,False,True,False,False,False,True,False,False,False
9.0,1,15.0,3.0,4,3,3,0,13.0,3.0,3.0,10.0,166.48,False,False,False,False,False,True,False,False,False,False,True,False,False,False,True,False
4.0,1,7.0,3.0,4,1,3,0,24.0,2.0,4.0,8.0,165.11,False,False,False,False,True,False,False,False,False,False,True,False,False,False,False,True
7.0,1,14.0,2.0,3,5,4,0,14.0,1.0,1.0,0.0,151.21,True,False,False,False,False,True,False,False,False,False,True,False,False,False,True,False
0.0,1,10.0,2.0,4,3,6,0,16.0,1.0,1.0,2.0,138.94,False,False,True,False,False,False,False,False,True,False,False,False,True,False,False,True
1.0,3,16.0,4.0,5,5,5,0,13.0,2.0,3.0,3.0,169.0,True,False,False,False,False,True,False,False,True,False,False,False,True,False,False,False
11.0,1,9.0,3.0,3,3,4,0,16.0,2.0,2.0,2.0,128.21,False,False,False,False,False,False,False,True,True,False,False,True,False,False,False,False
1.0,3,17.0,4.0,5,1,3,1,12.0,2.0,5.0,5.0,182.69,True,False,False,False,False,False,True,False,False,False,True,False,False,False,True,False
12.0,1,16.0,4.0,4,1,4,0,20.0,2.0,2.0,4.0,172.71,True,False,False,False,False,True,False,False,True,False,False,False,True,False,True,False
15.0,3,7.0,3.0,2,5,3,0,17.0,2.0,2.0,8.0,208.92,True,False,False,False,False,False,True,False,True,False,False,False,False,False,True,False
1.0,1,12.0,3.0,5,1,3,1,17.0,2.0,2.0,9.0,253.07999999999998,True,False,False,True,False,False,False,False,True,False,False,False,False,False,True,False
6.0,3,6.0,2.0,1,5,3,0,19.0,0.0,1.0,3.0,153.76,False,False,False,False,False,True,False,False,False,False,True,False,False,False,True,False
1.0,3,9.0,3.0,5,1,9,0,15.0,1.0,2.0,1.0,152.85,False,False,False,False,False,True,False,False,False,False,False,False,True,False,False,True
